configuration_number,operation_code,window_size,persistence_threshold,min_effort_features,evident_fault_start_cycle,onset_detected,candidate_onset_cycle,early_warning_lead_cycles,persistent_effort_features_at_onset
1,1050,25,0.6,2,2013,True,200.0,1813.0,3.0
1,1051,25,0.6,2,2011,True,150.0,1861.0,2.0
1,1052,25,0.6,2,2004,True,100.0,1904.0,2.0
1,1053,25,0.6,2,2004,True,125.0,1879.0,2.0
1,1100,25,0.6,2,1881,True,100.0,1781.0,2.0
1,1101,25,0.6,2,1880,True,100.0,1780.0,2.0
1,1102,25,0.6,2,1879,True,175.0,1704.0,2.0
1,1103,25,0.6,2,1879,True,100.0,1779.0,2.0
1,2000,25,0.6,2,1555,False,,,
1,2100,25,0.6,2,1549,False,,,
1,2200,25,0.6,2,1558,False,,,
1,2300,25,0.6,2,1553,False,,,
1,2400,25,0.6,2,1552,False,,,
1,2500,25,0.6,2,1581,True,775.0,806.0,3.0
1,3000,25,0.6,2,1545,False,,,
1,3100,25,0.6,2,1580,False,,,
2,1050,25,0.6,3,2013,True,200.0,1813.0,3.0
2,1051,25,0.6,3,2011,True,375.0,1636.0,3.0
2,1052,25,0.6,3,2004,True,400.0,1604.0,3.0
2,1053,25,0.6,3,2004,True,625.0,1379.0,3.0
2,1100,25,0.6,3,1881,True,350.0,1531.0,3.0
2,1101,25,0.6,3,1880,True,925.0,955.0,3.0
2,1102,25,0.6,3,1879,True,1025.0,854.0,3.0
2,1103,25,0.6,3,1879,True,1450.0,429.0,4.0
2,2000,25,0.6,3,1555,False,,,
2,2100,25,0.6,3,1549,False,,,
2,2200,25,0.6,3,1558,False,,,
2,2300,25,0.6,3,1553,False,,,
2,2400,25,0.6,3,1552,False,,,
2,2500,25,0.6,3,1581,True,775.0,806.0,3.0
2,3000,25,0.6,3,1545,False,,,
2,3100,25,0.6,3,1580,False,,,
3,1050,25,0.6,4,2013,True,400.0,1613.0,4.0
3,1051,25,0.6,4,2011,True,550.0,1461.0,4.0
3,1052,25,0.6,4,2004,True,625.0,1379.0,4.0
3,1053,25,0.6,4,2004,True,1100.0,904.0,4.0
3,1100,25,0.6,4,1881,True,450.0,1431.0,4.0
3,1101,25,0.6,4,1880,True,1000.0,880.0,4.0
3,1102,25,0.6,4,1879,False,,,
3,1103,25,0.6,4,1879,False,,,
3,2000,25,0.6,4,1555,False,,,
3,2100,25,0.6,4,1549,False,,,
3,2200,25,0.6,4,1558,False,,,
3,2300,25,0.6,4,1553,False,,,
3,2400,25,0.6,4,1552,False,,,
3,2500,25,0.6,4,1581,False,,,
3,3000,25,0.6,4,1545,False,,,
3,3100,25,0.6,4,1580,False,,,
4,1050,25,0.7,2,2013,True,200.0,1813.0,3.0
4,1051,25,0.7,2,2011,True,150.0,1861.0,2.0
4,1052,25,0.7,2,2004,True,100.0,1904.0,2.0
4,1053,25,0.7,2,2004,True,125.0,1879.0,2.0
4,1100,25,0.7,2,1881,True,125.0,1756.0,2.0
4,1101,25,0.7,2,1880,True,100.0,1780.0,2.0
4,1102,25,0.7,2,1879,True,175.0,1704.0,2.0
4,1103,25,0.7,2,1879,True,125.0,1754.0,2.0
4,2000,25,0.7,2,1555,False,,,
4,2100,25,0.7,2,1549,False,,,
4,2200,25,0.7,2,1558,False,,,
4,2300,25,0.7,2,1553,False,,,
4,2400,25,0.7,2,1552,False,,,
4,2500,25,0.7,2,1581,True,775.0,806.0,3.0
4,3000,25,0.7,2,1545,False,,,
4,3100,25,0.7,2,1580,False,,,
5,1050,25,0.7,3,2013,True,375.0,1638.0,3.0
5,1051,25,0.7,3,2011,True,400.0,1611.0,3.0
5,1052,25,0.7,3,2004,True,600.0,1404.0,3.0
5,1053,25,0.7,3,2004,True,625.0,1379.0,3.0
5,1100,25,0.7,3,1881,True,350.0,1531.0,3.0
5,1101,25,0.7,3,1880,True,925.0,955.0,3.0
5,1102,25,0.7,3,1879,True,1050.0,829.0,3.0
5,1103,25,0.7,3,1879,True,1450.0,429.0,3.0
5,2000,25,0.7,3,1555,False,,,
5,2100,25,0.7,3,1549,False,,,
5,2200,25,0.7,3,1558,False,,,
5,2300,25,0.7,3,1553,False,,,
5,2400,25,0.7,3,1552,False,,,
5,2500,25,0.7,3,1581,True,850.0,731.0,3.0
5,3000,25,0.7,3,1545,False,,,
5,3100,25,0.7,3,1580,False,,,
6,1050,25,0.7,4,2013,True,400.0,1613.0,4.0
6,1051,25,0.7,4,2011,True,950.0,1061.0,4.0
6,1052,25,0.7,4,2004,True,650.0,1354.0,4.0
6,1053,25,0.7,4,2004,True,1100.0,904.0,4.0
6,1100,25,0.7,4,1881,True,650.0,1231.0,4.0
6,1101,25,0.7,4,1880,True,1050.0,830.0,4.0
6,1102,25,0.7,4,1879,False,,,
6,1103,25,0.7,4,1879,False,,,
6,2000,25,0.7,4,1555,False,,,
6,2100,25,0.7,4,1549,False,,,
6,2200,25,0.7,4,1558,False,,,
6,2300,25,0.7,4,1553,False,,,
6,2400,25,0.7,4,1552,False,,,
6,2500,25,0.7,4,1581,False,,,
6,3000,25,0.7,4,1545,False,,,
6,3100,25,0.7,4,1580,False,,,
7,1050,25,0.8,2,2013,True,275.0,1738.0,3.0
7,1051,25,0.8,2,2011,True,150.0,1861.0,2.0
7,1052,25,0.8,2,2004,True,100.0,1904.0,2.0
7,1053,25,0.8,2,2004,True,125.0,1879.0,2.0
7,1100,25,0.8,2,1881,True,125.0,1756.0,2.0
7,1101,25,0.8,2,1880,True,125.0,1755.0,2.0
7,1102,25,0.8,2,1879,True,175.0,1704.0,2.0
7,1103,25,0.8,2,1879,True,175.0,1704.0,2.0
7,2000,25,0.8,2,1555,False,,,
7,2100,25,0.8,2,1549,False,,,
7,2200,25,0.8,2,1558,False,,,
7,2300,25,0.8,2,1553,False,,,
7,2400,25,0.8,2,1552,False,,,
7,2500,25,0.8,2,1581,True,775.0,806.0,2.0
7,3000,25,0.8,2,1545,False,,,
7,3100,25,0.8,2,1580,False,,,
8,1050,25,0.8,3,2013,True,400.0,1613.0,4.0
8,1051,25,0.8,3,2011,True,400.0,1611.0,3.0
8,1052,25,0.8,3,2004,True,625.0,1379.0,3.0
8,1053,25,0.8,3,2004,True,625.0,1379.0,3.0
8,1100,25,0.8,3,1881,True,450.0,1431.0,3.0
8,1101,25,0.8,3,1880,True,1025.0,855.0,3.0
8,1102,25,0.8,3,1879,True,1050.0,829.0,3.0
8,1103,25,0.8,3,1879,False,,,
8,2000,25,0.8,3,1555,False,,,
8,2100,25,0.8,3,1549,False,,,
8,2200,25,0.8,3,1558,False,,,
8,2300,25,0.8,3,1553,False,,,
8,2400,25,0.8,3,1552,False,,,
8,2500,25,0.8,3,1581,True,850.0,731.0,3.0
8,3000,25,0.8,3,1545,False,,,
8,3100,25,0.8,3,1580,False,,,
9,1050,25,0.8,4,2013,True,400.0,1613.0,4.0
9,1051,25,0.8,4,2011,True,975.0,1036.0,4.0
9,1052,25,0.8,4,2004,True,650.0,1354.0,4.0
9,1053,25,0.8,4,2004,True,1125.0,879.0,4.0
9,1100,25,0.8,4,1881,True,650.0,1231.0,4.0
9,1101,25,0.8,4,1880,True,1050.0,830.0,4.0
9,1102,25,0.8,4,1879,False,,,
9,1103,25,0.8,4,1879,False,,,
9,2000,25,0.8,4,1555,False,,,
9,2100,25,0.8,4,1549,False,,,
9,2200,25,0.8,4,1558,False,,,
9,2300,25,0.8,4,1553,False,,,
9,2400,25,0.8,4,1552,False,,,
9,2500,25,0.8,4,1581,False,,,
9,3000,25,0.8,4,1545,False,,,
9,3100,25,0.8,4,1580,False,,,
10,1050,50,0.6,2,2013,True,350.0,1663.0,3.0
10,1051,50,0.6,2,2011,True,150.0,1861.0,2.0
10,1052,50,0.6,2,2004,True,100.0,1904.0,2.0
10,1053,50,0.6,2,2004,True,100.0,1904.0,2.0
10,1100,50,0.6,2,1881,True,100.0,1781.0,2.0
10,1101,50,0.6,2,1880,True,100.0,1780.0,2.0
10,1102,50,0.6,2,1879,True,150.0,1729.0,2.0
10,1103,50,0.6,2,1879,True,100.0,1779.0,2.0
10,2000,50,0.6,2,1555,False,,,
10,2100,50,0.6,2,1549,False,,,
10,2200,50,0.6,2,1558,False,,,
10,2300,50,0.6,2,1553,False,,,
10,2400,50,0.6,2,1552,False,,,
10,2500,50,0.6,2,1581,True,750.0,831.0,2.0
10,3000,50,0.6,2,1545,False,,,
10,3100,50,0.6,2,1580,False,,,
11,1050,50,0.6,3,2013,True,350.0,1663.0,3.0
11,1051,50,0.6,3,2011,True,500.0,1511.0,4.0
11,1052,50,0.6,3,2004,True,500.0,1504.0,3.0
11,1053,50,0.6,3,2004,True,600.0,1404.0,3.0
11,1100,50,0.6,3,1881,True,350.0,1531.0,3.0
11,1101,50,0.6,3,1880,True,900.0,980.0,3.0
11,1102,50,0.6,3,1879,True,1050.0,829.0,3.0
11,1103,50,0.6,3,1879,False,,,
11,2000,50,0.6,3,1555,False,,,
11,2100,50,0.6,3,1549,False,,,
11,2200,50,0.6,3,1558,False,,,
11,2300,50,0.6,3,1553,False,,,
11,2400,50,0.6,3,1552,False,,,
11,2500,50,0.6,3,1581,True,800.0,781.0,3.0
11,3000,50,0.6,3,1545,False,,,
11,3100,50,0.6,3,1580,False,,,
12,1050,50,0.6,4,2013,True,400.0,1613.0,4.0
12,1051,50,0.6,4,2011,True,500.0,1511.0,4.0
12,1052,50,0.6,4,2004,True,650.0,1354.0,4.0
12,1053,50,0.6,4,2004,True,1100.0,904.0,4.0
12,1100,50,0.6,4,1881,True,600.0,1281.0,4.0
12,1101,50,0.6,4,1880,True,1000.0,880.0,4.0
12,1102,50,0.6,4,1879,False,,,
12,1103,50,0.6,4,1879,False,,,
12,2000,50,0.6,4,1555,False,,,
12,2100,50,0.6,4,1549,False,,,
12,2200,50,0.6,4,1558,False,,,
12,2300,50,0.6,4,1553,False,,,
12,2400,50,0.6,4,1552,False,,,
12,2500,50,0.6,4,1581,False,,,
12,3000,50,0.6,4,1545,False,,,
12,3100,50,0.6,4,1580,False,,,
13,1050,50,0.7,2,2013,True,350.0,1663.0,2.0
13,1051,50,0.7,2,2011,True,150.0,1861.0,2.0
13,1052,50,0.7,2,2004,True,100.0,1904.0,2.0
13,1053,50,0.7,2,2004,True,100.0,1904.0,2.0
13,1100,50,0.7,2,1881,True,100.0,1781.0,2.0
13,1101,50,0.7,2,1880,True,100.0,1780.0,2.0
13,1102,50,0.7,2,1879,True,200.0,1679.0,2.0
13,1103,50,0.7,2,1879,True,150.0,1729.0,2.0
13,2000,50,0.7,2,1555,False,,,
13,2100,50,0.7,2,1549,False,,,
13,2200,50,0.7,2,1558,False,,,
13,2300,50,0.7,2,1553,False,,,
13,2400,50,0.7,2,1552,False,,,
13,2500,50,0.7,2,1581,True,750.0,831.0,2.0
13,3000,50,0.7,2,1545,False,,,
13,3100,50,0.7,2,1580,False,,,
14,1050,50,0.7,3,2013,True,400.0,1613.0,4.0
14,1051,50,0.7,3,2011,True,500.0,1511.0,3.0
14,1052,50,0.7,3,2004,True,600.0,1404.0,3.0
14,1053,50,0.7,3,2004,True,750.0,1254.0,3.0
14,1100,50,0.7,3,1881,True,450.0,1431.0,4.0
14,1101,50,0.7,3,1880,True,1000.0,880.0,3.0
14,1102,50,0.7,3,1879,False,,,
14,1103,50,0.7,3,1879,False,,,
14,2000,50,0.7,3,1555,False,,,
14,2100,50,0.7,3,1549,False,,,
14,2200,50,0.7,3,1558,False,,,
14,2300,50,0.7,3,1553,False,,,
14,2400,50,0.7,3,1552,False,,,
14,2500,50,0.7,3,1581,True,800.0,781.0,3.0
14,3000,50,0.7,3,1545,False,,,
14,3100,50,0.7,3,1580,False,,,
15,1050,50,0.7,4,2013,True,400.0,1613.0,4.0
15,1051,50,0.7,4,2011,True,950.0,1061.0,4.0
15,1052,50,0.7,4,2004,True,650.0,1354.0,4.0
15,1053,50,0.7,4,2004,True,1100.0,904.0,4.0
15,1100,50,0.7,4,1881,False,,,
15,1101,50,0.7,4,1880,True,1050.0,830.0,4.0
15,1102,50,0.7,4,1879,False,,,
15,1103,50,0.7,4,1879,False,,,
15,2000,50,0.7,4,1555,False,,,
15,2100,50,0.7,4,1549,False,,,
15,2200,50,0.7,4,1558,False,,,
15,2300,50,0.7,4,1553,False,,,
15,2400,50,0.7,4,1552,False,,,
15,2500,50,0.7,4,1581,False,,,
15,3000,50,0.7,4,1545,False,,,
15,3100,50,0.7,4,1580,False,,,
16,1050,50,0.8,2,2013,True,350.0,1663.0,2.0
16,1051,50,0.8,2,2011,True,150.0,1861.0,2.0
16,1052,50,0.8,2,2004,True,100.0,1904.0,2.0
16,1053,50,0.8,2,2004,True,150.0,1854.0,2.0
16,1100,50,0.8,2,1881,True,150.0,1731.0,2.0
16,1101,50,0.8,2,1880,True,100.0,1780.0,2.0
16,1102,50,0.8,2,1879,True,300.0,1579.0,2.0
16,1103,50,0.8,2,1879,True,550.0,1329.0,2.0
16,2000,50,0.8,2,1555,False,,,
16,2100,50,0.8,2,1549,False,,,
16,2200,50,0.8,2,1558,False,,,
16,2300,50,0.8,2,1553,False,,,
16,2400,50,0.8,2,1552,False,,,
16,2500,50,0.8,2,1581,True,850.0,731.0,3.0
16,3000,50,0.8,2,1545,False,,,
16,3100,50,0.8,2,1580,False,,,
17,1050,50,0.8,3,2013,True,400.0,1613.0,4.0
17,1051,50,0.8,3,2011,True,950.0,1061.0,3.0
17,1052,50,0.8,3,2004,True,600.0,1404.0,3.0
17,1053,50,0.8,3,2004,True,950.0,1054.0,3.0
17,1100,50,0.8,3,1881,True,550.0,1331.0,3.0
17,1101,50,0.8,3,1880,True,1150.0,730.0,3.0
17,1102,50,0.8,3,1879,False,,,
17,1103,50,0.8,3,1879,False,,,
17,2000,50,0.8,3,1555,False,,,
17,2100,50,0.8,3,1549,False,,,
17,2200,50,0.8,3,1558,False,,,
17,2300,50,0.8,3,1553,False,,,
17,2400,50,0.8,3,1552,False,,,
17,2500,50,0.8,3,1581,True,1050.0,531.0,3.0
17,3000,50,0.8,3,1545,False,,,
17,3100,50,0.8,3,1580,False,,,
18,1050,50,0.8,4,2013,False,,,
18,1051,50,0.8,4,2011,True,1100.0,911.0,4.0
18,1052,50,0.8,4,2004,True,1100.0,904.0,4.0
18,1053,50,0.8,4,2004,True,1300.0,704.0,4.0
18,1100,50,0.8,4,1881,False,,,
18,1101,50,0.8,4,1880,True,1250.0,630.0,4.0
18,1102,50,0.8,4,1879,False,,,
18,1103,50,0.8,4,1879,False,,,
18,2000,50,0.8,4,1555,False,,,
18,2100,50,0.8,4,1549,False,,,
18,2200,50,0.8,4,1558,False,,,
18,2300,50,0.8,4,1553,False,,,
18,2400,50,0.8,4,1552,False,,,
18,2500,50,0.8,4,1581,False,,,
18,3000,50,0.8,4,1545,False,,,
18,3100,50,0.8,4,1580,False,,,
19,1050,100,0.6,2,2013,True,400.0,1613.0,4.0
19,1051,100,0.6,2,2011,True,200.0,1811.0,2.0
19,1052,100,0.6,2,2004,True,100.0,1904.0,2.0
19,1053,100,0.6,2,2004,True,100.0,1904.0,2.0
19,1100,100,0.6,2,1881,True,100.0,1781.0,2.0
19,1101,100,0.6,2,1880,True,100.0,1780.0,2.0
19,1102,100,0.6,2,1879,True,200.0,1679.0,2.0
19,1103,100,0.6,2,1879,True,100.0,1779.0,2.0
19,2000,100,0.6,2,1555,False,,,
19,2100,100,0.6,2,1549,False,,,
19,2200,100,0.6,2,1558,False,,,
19,2300,100,0.6,2,1553,False,,,
19,2400,100,0.6,2,1552,False,,,
19,2500,100,0.6,2,1581,True,800.0,781.0,3.0
19,3000,100,0.6,2,1545,False,,,
19,3100,100,0.6,2,1580,False,,,
20,1050,100,0.6,3,2013,True,400.0,1613.0,4.0
20,1051,100,0.6,3,2011,True,400.0,1611.0,3.0
20,1052,100,0.6,3,2004,True,500.0,1504.0,3.0
20,1053,100,0.6,3,2004,True,600.0,1404.0,3.0
20,1100,100,0.6,3,1881,True,300.0,1581.0,3.0
20,1101,100,0.6,3,1880,True,900.0,980.0,3.0
20,1102,100,0.6,3,1879,True,1000.0,879.0,3.0
20,1103,100,0.6,3,1879,False,,,
20,2000,100,0.6,3,1555,False,,,
20,2100,100,0.6,3,1549,False,,,
20,2200,100,0.6,3,1558,False,,,
20,2300,100,0.6,3,1553,False,,,
20,2400,100,0.6,3,1552,False,,,
20,2500,100,0.6,3,1581,True,1000.0,581.0,3.0
20,3000,100,0.6,3,1545,False,,,
20,3100,100,0.6,3,1580,False,,,
21,1050,100,0.6,4,2013,True,400.0,1613.0,4.0
21,1051,100,0.6,4,2011,True,500.0,1511.0,4.0
21,1052,100,0.6,4,2004,True,600.0,1404.0,4.0
21,1053,100,0.6,4,2004,True,1100.0,904.0,4.0
21,1100,100,0.6,4,1881,False,,,
21,1101,100,0.6,4,1880,True,1000.0,880.0,4.0
21,1102,100,0.6,4,1879,False,,,
21,1103,100,0.6,4,1879,False,,,
21,2000,100,0.6,4,1555,False,,,
21,2100,100,0.6,4,1549,False,,,
21,2200,100,0.6,4,1558,False,,,
21,2300,100,0.6,4,1553,False,,,
21,2400,100,0.6,4,1552,False,,,
21,2500,100,0.6,4,1581,False,,,
21,3000,100,0.6,4,1545,False,,,
21,3100,100,0.6,4,1580,False,,,
22,1050,100,0.7,2,2013,True,400.0,1613.0,4.0
22,1051,100,0.7,2,2011,True,200.0,1811.0,2.0
22,1052,100,0.7,2,2004,True,100.0,1904.0,2.0
22,1053,100,0.7,2,2004,True,100.0,1904.0,2.0
22,1100,100,0.7,2,1881,True,100.0,1781.0,2.0
22,1101,100,0.7,2,1880,True,100.0,1780.0,2.0
22,1102,100,0.7,2,1879,True,200.0,1679.0,2.0
22,1103,100,0.7,2,1879,True,100.0,1779.0,2.0
22,2000,100,0.7,2,1555,False,,,
22,2100,100,0.7,2,1549,False,,,
22,2200,100,0.7,2,1558,False,,,
22,2300,100,0.7,2,1553,False,,,
22,2400,100,0.7,2,1552,False,,,
22,2500,100,0.7,2,1581,True,800.0,781.0,3.0
22,3000,100,0.7,2,1545,False,,,
22,3100,100,0.7,2,1580,False,,,
23,1050,100,0.7,3,2013,True,400.0,1613.0,4.0
23,1051,100,0.7,3,2011,True,700.0,1311.0,3.0
23,1052,100,0.7,3,2004,True,600.0,1404.0,3.0
23,1053,100,0.7,3,2004,True,600.0,1404.0,3.0
23,1100,100,0.7,3,1881,True,400.0,1481.0,3.0
23,1101,100,0.7,3,1880,True,1000.0,880.0,4.0
23,1102,100,0.7,3,1879,False,,,
23,1103,100,0.7,3,1879,False,,,
23,2000,100,0.7,3,1555,False,,,
23,2100,100,0.7,3,1549,False,,,
23,2200,100,0.7,3,1558,False,,,
23,2300,100,0.7,3,1553,False,,,
23,2400,100,0.7,3,1552,False,,,
23,2500,100,0.7,3,1581,True,1000.0,581.0,3.0
23,3000,100,0.7,3,1545,False,,,
23,3100,100,0.7,3,1580,False,,,
24,1050,100,0.7,4,2013,True,400.0,1613.0,4.0
24,1051,100,0.7,4,2011,True,900.0,1111.0,4.0
24,1052,100,0.7,4,2004,True,1000.0,1004.0,4.0
24,1053,100,0.7,4,2004,True,1300.0,704.0,4.0
24,1100,100,0.7,4,1881,False,,,
24,1101,100,0.7,4,1880,True,1200.0,680.0,4.0
24,1102,100,0.7,4,1879,False,,,
24,1103,100,0.7,4,1879,False,,,
24,2000,100,0.7,4,1555,False,,,
24,2100,100,0.7,4,1549,False,,,
24,2200,100,0.7,4,1558,False,,,
24,2300,100,0.7,4,1553,False,,,
24,2400,100,0.7,4,1552,False,,,
24,2500,100,0.7,4,1581,False,,,
24,3000,100,0.7,4,1545,False,,,
24,3100,100,0.7,4,1580,False,,,
25,1050,100,0.8,2,2013,True,400.0,1613.0,4.0
25,1051,100,0.8,2,2011,True,200.0,1811.0,2.0
25,1052,100,0.8,2,2004,True,100.0,1904.0,2.0
25,1053,100,0.8,2,2004,True,100.0,1904.0,2.0
25,1100,100,0.8,2,1881,True,100.0,1781.0,2.0
25,1101,100,0.8,2,1880,True,100.0,1780.0,2.0
25,1102,100,0.8,2,1879,True,300.0,1579.0,2.0
25,1103,100,0.8,2,1879,True,800.0,1079.0,2.0
25,2000,100,0.8,2,1555,False,,,
25,2100,100,0.8,2,1549,False,,,
25,2200,100,0.8,2,1558,False,,,
25,2300,100,0.8,2,1553,False,,,
25,2400,100,0.8,2,1552,False,,,
25,2500,100,0.8,2,1581,True,800.0,781.0,3.0
25,3000,100,0.8,2,1545,False,,,
25,3100,100,0.8,2,1580,False,,,
26,1050,100,0.8,3,2013,True,400.0,1613.0,4.0
26,1051,100,0.8,3,2011,True,900.0,1111.0,3.0
26,1052,100,0.8,3,2004,True,600.0,1404.0,3.0
26,1053,100,0.8,3,2004,True,1000.0,1004.0,3.0
26,1100,100,0.8,3,1881,True,400.0,1481.0,3.0
26,1101,100,0.8,3,1880,True,1200.0,680.0,3.0
26,1102,100,0.8,3,1879,False,,,
26,1103,100,0.8,3,1879,False,,,
26,2000,100,0.8,3,1555,False,,,
26,2100,100,0.8,3,1549,False,,,
26,2200,100,0.8,3,1558,False,,,
26,2300,100,0.8,3,1553,False,,,
26,2400,100,0.8,3,1552,False,,,
26,2500,100,0.8,3,1581,True,1100.0,481.0,3.0
26,3000,100,0.8,3,1545,False,,,
26,3100,100,0.8,3,1580,False,,,
27,1050,100,0.8,4,2013,False,,,
27,1051,100,0.8,4,2011,True,1100.0,911.0,4.0
27,1052,100,0.8,4,2004,True,1100.0,904.0,4.0
27,1053,100,0.8,4,2004,True,1300.0,704.0,4.0
27,1100,100,0.8,4,1881,False,,,
27,1101,100,0.8,4,1880,False,,,
27,1102,100,0.8,4,1879,False,,,
27,1103,100,0.8,4,1879,False,,,
27,2000,100,0.8,4,1555,False,,,
27,2100,100,0.8,4,1549,False,,,
27,2200,100,0.8,4,1558,False,,,
27,2300,100,0.8,4,1553,False,,,
27,2400,100,0.8,4,1552,False,,,
27,2500,100,0.8,4,1581,False,,,
27,3000,100,0.8,4,1545,False,,,
27,3100,100,0.8,4,1580,False,,,
