operation_code,warning_window_id,window_start_cycle,window_end_cycle,cycles,health_threshold,median_health,fraction_below_threshold,candidate_warning,evident_fault_start_cycle,median_cycles_before_fault
1050,2,100,149,50,61.0751203128813,70.10326904761237,0.04,False,2013,1888.5
1050,3,150,199,50,61.0751203128813,66.70771519531388,0.24,False,2013,1838.5
1050,4,200,249,50,61.0751203128813,63.054641888607414,0.32,False,2013,1788.5
1050,7,350,399,50,61.0751203128813,63.279388428007394,0.28,False,2013,1638.5
1050,8,400,449,50,61.0751203128813,59.72486051476763,0.64,False,2013,1588.5
1050,9,450,499,50,61.0751203128813,60.48404291059521,0.6,False,2013,1538.5
1050,10,500,549,50,61.0751203128813,59.13827262282439,0.78,True,2013,1488.5
1050,11,550,599,50,61.0751203128813,60.838956143495196,0.56,False,2013,1438.5
1050,12,600,649,50,61.0751203128813,60.719362814540276,0.52,False,2013,1388.5
1050,13,650,699,50,61.0751203128813,60.24362969598675,0.58,False,2013,1338.5
1050,14,700,749,50,61.0751203128813,63.314918862905955,0.3,False,2013,1288.5
1050,16,800,849,50,61.0751203128813,58.21664998666198,0.74,True,2013,1188.5
1050,17,850,899,50,61.0751203128813,60.74427533005401,0.54,False,2013,1138.5
1050,18,900,949,50,61.0751203128813,60.700995083126074,0.52,False,2013,1088.5
1050,19,950,999,50,61.0751203128813,59.422243918357054,0.68,False,2013,1038.5
1050,20,1000,1049,50,61.0751203128813,56.6516924175911,0.88,True,2013,988.5
1050,21,1050,1099,50,61.0751203128813,55.986854621165385,0.92,True,2013,938.5
1050,22,1100,1149,50,61.0751203128813,49.876970770707345,0.96,True,2013,888.5
1050,23,1150,1199,50,61.0751203128813,50.73031820001021,1.0,True,2013,838.5
1050,24,1200,1249,50,61.0751203128813,50.576246022200095,1.0,True,2013,788.5
1050,25,1250,1299,50,61.0751203128813,56.498262338586436,0.92,True,2013,738.5
1050,26,1300,1349,50,61.0751203128813,55.54678905366703,0.98,True,2013,688.5
1050,27,1350,1399,50,61.0751203128813,53.09372799802897,0.98,True,2013,638.5
1050,28,1400,1449,50,61.0751203128813,51.52603434312873,1.0,True,2013,588.5
1050,29,1450,1499,50,61.0751203128813,51.292513501858764,1.0,True,2013,538.5
1050,30,1500,1549,50,61.0751203128813,50.28245300573117,1.0,True,2013,488.5
1050,31,1550,1599,50,61.0751203128813,53.29856677868447,1.0,True,2013,438.5
1050,32,1600,1649,50,61.0751203128813,54.77452970352127,1.0,True,2013,388.5
1050,33,1650,1699,50,61.0751203128813,53.22162208419772,1.0,True,2013,338.5
1050,34,1700,1749,50,61.0751203128813,53.13728769465187,0.98,True,2013,288.5
1050,35,1750,1799,50,61.0751203128813,52.04707689433863,1.0,True,2013,238.5
1050,36,1800,1849,50,61.0751203128813,55.30993736841902,0.96,True,2013,188.5
1050,37,1850,1899,50,61.0751203128813,56.57791770627332,0.94,True,2013,138.5
1050,38,1900,1949,50,61.0751203128813,56.37040176550482,0.98,True,2013,88.5
1050,39,1950,1999,50,61.0751203128813,56.0226117357268,1.0,True,2013,38.5
1051,3,150,199,50,59.23419853562416,63.927977123576255,0.12,False,2011,1836.5
1051,4,200,249,50,59.23419853562416,61.66359240399454,0.3,False,2011,1786.5
1051,5,250,299,50,59.23419853562416,63.38399295983569,0.04,False,2011,1736.5
1051,6,300,349,50,59.23419853562416,61.55007714710493,0.14,False,2011,1686.5
1051,7,350,399,50,59.23419853562416,64.7471558624031,0.06,False,2011,1636.5
1051,8,400,449,50,59.23419853562416,61.426214038919895,0.3,False,2011,1586.5
1051,9,450,499,50,59.23419853562416,62.0173851741781,0.18,False,2011,1536.5
1051,10,500,549,50,59.23419853562416,59.64720867703568,0.42,False,2011,1486.5
1051,11,550,599,50,59.23419853562416,62.78300885688161,0.16,False,2011,1436.5
1051,12,600,649,50,59.23419853562416,61.70435548860796,0.26,False,2011,1386.5
1051,13,650,699,50,59.23419853562416,60.8159323722929,0.44,False,2011,1336.5
1051,14,700,749,50,59.23419853562416,63.739449578781674,0.22,False,2011,1286.5
1051,15,750,799,50,59.23419853562416,61.543145871963475,0.32,False,2011,1236.5
1051,16,800,849,50,59.23419853562416,58.49531574037691,0.58,False,2011,1186.5
1051,17,850,899,50,59.23419853562416,60.803127027284475,0.4,False,2011,1136.5
1051,18,900,949,50,59.23419853562416,60.669699201385555,0.4,False,2011,1086.5
1051,19,950,999,50,59.23419853562416,56.67556255092107,0.68,False,2011,1036.5
1051,20,1000,1049,50,59.23419853562416,53.42579089712521,0.92,True,2011,986.5
1051,21,1050,1099,50,59.23419853562416,53.21855414886342,0.94,True,2011,936.5
1051,22,1100,1149,50,59.23419853562416,48.19025974714243,1.0,True,2011,886.5
1051,23,1150,1199,50,59.23419853562416,48.75779834960153,1.0,True,2011,836.5
1051,24,1200,1249,50,59.23419853562416,48.88248653411192,0.98,True,2011,786.5
1051,25,1250,1299,50,59.23419853562416,53.04296989028549,0.96,True,2011,736.5
1051,26,1300,1349,50,59.23419853562416,50.989019760140955,1.0,True,2011,686.5
1051,27,1350,1399,50,59.23419853562416,48.79485040917721,1.0,True,2011,636.5
1051,28,1400,1449,50,59.23419853562416,47.45137228540818,1.0,True,2011,586.5
1051,29,1450,1499,50,59.23419853562416,48.20094688202653,1.0,True,2011,536.5
1051,30,1500,1549,50,59.23419853562416,46.458519838183776,1.0,True,2011,486.5
1051,31,1550,1599,50,59.23419853562416,49.35513472839967,1.0,True,2011,436.5
1051,32,1600,1649,50,59.23419853562416,47.279117262854164,1.0,True,2011,386.5
1051,33,1650,1699,50,59.23419853562416,47.69214041317875,1.0,True,2011,336.5
1051,34,1700,1749,50,59.23419853562416,47.77753846862029,1.0,True,2011,286.5
1051,35,1750,1799,50,59.23419853562416,47.757774307038176,1.0,True,2011,236.5
1051,36,1800,1849,50,59.23419853562416,51.26056768852379,1.0,True,2011,186.5
1051,37,1850,1899,50,59.23419853562416,52.472872171334146,0.98,True,2011,136.5
1051,38,1900,1949,50,59.23419853562416,52.890833923065586,1.0,True,2011,86.5
1051,39,1950,1999,50,59.23419853562416,51.398260913915706,1.0,True,2011,36.5
1052,2,100,149,50,60.81187917276244,75.33297047298316,0.0,False,2004,1879.5
1052,3,150,199,50,60.81187917276244,71.9675855370813,0.0,False,2004,1829.5
1052,4,200,249,50,60.81187917276244,72.93816772332565,0.04,False,2004,1779.5
1052,5,250,299,50,60.81187917276244,72.79830605555063,0.0,False,2004,1729.5
1052,6,300,349,50,60.81187917276244,66.82742651269027,0.04,False,2004,1679.5
1052,7,350,399,50,60.81187917276244,71.07347098382095,0.02,False,2004,1629.5
1052,8,400,449,50,60.81187917276244,66.73606271383444,0.24,False,2004,1579.5
1052,9,450,499,50,60.81187917276244,67.95846329902277,0.02,False,2004,1529.5
1052,10,500,549,50,60.81187917276244,63.686814479750495,0.32,False,2004,1479.5
1052,11,550,599,50,60.81187917276244,65.02462054262423,0.12,False,2004,1429.5
1052,12,600,649,50,60.81187917276244,64.27981774673123,0.16,False,2004,1379.5
1052,13,650,699,50,60.81187917276244,60.38750849118357,0.52,False,2004,1329.5
1052,14,700,749,50,60.81187917276244,62.50375455408553,0.34,False,2004,1279.5
1052,15,750,799,50,60.81187917276244,59.92491089090639,0.58,False,2004,1229.5
1052,16,800,849,50,60.81187917276244,59.6823030307589,0.6,False,2004,1179.5
1052,17,850,899,50,60.81187917276244,62.24326702663674,0.36,False,2004,1129.5
1052,18,900,949,50,60.81187917276244,63.48712689519658,0.3,False,2004,1079.5
1052,19,950,999,50,60.81187917276244,58.80402140246588,0.68,False,2004,1029.5
1052,20,1000,1049,50,60.81187917276244,57.941498141930246,0.88,True,2004,979.5
1052,21,1050,1099,50,60.81187917276244,51.30611206824409,0.88,True,2004,929.5
1052,22,1100,1149,50,60.81187917276244,50.774209830469474,1.0,True,2004,879.5
1052,23,1150,1199,50,60.81187917276244,50.78512958850854,1.0,True,2004,829.5
1052,24,1200,1249,50,60.81187917276244,53.04178277051823,0.98,True,2004,779.5
1052,25,1250,1299,50,60.81187917276244,54.837737925747504,0.98,True,2004,729.5
1052,26,1300,1349,50,60.81187917276244,49.182475640430596,1.0,True,2004,679.5
1052,27,1350,1399,50,60.81187917276244,47.35527261092752,1.0,True,2004,629.5
1052,28,1400,1449,50,60.81187917276244,45.90977344246063,1.0,True,2004,579.5
1052,29,1450,1499,50,60.81187917276244,48.09094983304705,1.0,True,2004,529.5
1052,31,1550,1599,50,60.81187917276244,52.35848027721787,1.0,True,2004,429.5
1052,32,1600,1649,50,60.81187917276244,49.986070852966364,1.0,True,2004,379.5
1052,33,1650,1699,50,60.81187917276244,50.5349717179309,1.0,True,2004,329.5
1052,34,1700,1749,50,60.81187917276244,50.808474439208126,1.0,True,2004,279.5
1052,35,1750,1799,50,60.81187917276244,47.837610016815965,1.0,True,2004,229.5
1052,36,1800,1849,50,60.81187917276244,49.41778768471797,1.0,True,2004,179.5
1052,37,1850,1899,50,60.81187917276244,53.92816395105622,0.98,True,2004,129.5
1052,38,1900,1949,50,60.81187917276244,51.615615791951754,0.96,True,2004,79.5
1052,39,1950,1999,50,60.81187917276244,55.91973814168148,0.64,False,2004,29.5
1053,2,100,149,50,62.238062262505686,70.96943017042707,0.1,False,2004,1879.5
1053,3,150,199,50,62.238062262505686,66.58667893394613,0.24,False,2004,1829.5
1053,4,200,249,50,62.238062262505686,66.09755087974503,0.24,False,2004,1779.5
1053,5,250,299,50,62.238062262505686,67.99310437924689,0.02,False,2004,1729.5
1053,6,300,349,50,62.238062262505686,65.65835540383773,0.3,False,2004,1679.5
1053,7,350,399,50,62.238062262505686,67.62072294917107,0.04,False,2004,1629.5
1053,8,400,449,50,62.238062262505686,64.83597618168244,0.34,False,2004,1579.5
1053,9,450,499,50,62.238062262505686,66.06030769716389,0.18,False,2004,1529.5
1053,10,500,549,50,62.238062262505686,65.7363551527701,0.38,False,2004,1479.5
1053,11,550,599,50,62.238062262505686,65.26384994308555,0.18,False,2004,1429.5
1053,12,600,649,50,62.238062262505686,63.94585659027348,0.32,False,2004,1379.5
1053,13,650,699,50,62.238062262505686,62.975712332485315,0.46,False,2004,1329.5
1053,14,700,749,50,62.238062262505686,65.04378336796161,0.32,False,2004,1279.5
1053,15,750,799,50,62.238062262505686,62.493119134534645,0.5,False,2004,1229.5
1053,16,800,849,50,62.238062262505686,61.50423608011898,0.52,False,2004,1179.5
1053,17,850,899,50,62.238062262505686,63.243986236561284,0.38,False,2004,1129.5
1053,18,900,949,50,62.238062262505686,62.07889243204656,0.52,False,2004,1079.5
1053,19,950,999,50,62.238062262505686,57.88257036767395,0.86,True,2004,1029.5
1053,20,1000,1049,50,62.238062262505686,55.58942718600222,0.98,True,2004,979.5
1053,21,1050,1099,50,62.238062262505686,54.462164774183776,0.98,True,2004,929.5
1053,22,1100,1149,50,62.238062262505686,50.27010323449725,1.0,True,2004,879.5
1053,23,1150,1199,50,62.238062262505686,50.635624745810304,1.0,True,2004,829.5
1053,24,1200,1249,50,62.238062262505686,52.54308877799448,1.0,True,2004,779.5
1053,25,1250,1299,50,62.238062262505686,55.597343994236255,1.0,True,2004,729.5
1053,26,1300,1349,50,62.238062262505686,52.378097114117665,1.0,True,2004,679.5
1053,27,1350,1399,50,62.238062262505686,50.46924342458961,1.0,True,2004,629.5
1053,28,1400,1449,50,62.238062262505686,48.30367064729586,1.0,True,2004,579.5
1053,29,1450,1499,50,62.238062262505686,48.50742189119775,1.0,True,2004,529.5
1053,31,1550,1599,50,62.238062262505686,50.17944780256133,1.0,True,2004,429.5
1053,32,1600,1649,50,62.238062262505686,50.11755639615001,1.0,True,2004,379.5
1053,33,1650,1699,50,62.238062262505686,51.40783139162174,1.0,True,2004,329.5
1053,34,1700,1749,50,62.238062262505686,50.04583251334543,1.0,True,2004,279.5
1053,35,1750,1799,50,62.238062262505686,52.448494014723714,1.0,True,2004,229.5
1053,36,1800,1849,50,62.238062262505686,56.35866885370597,0.98,True,2004,179.5
1053,37,1850,1899,50,62.238062262505686,58.80668223292511,0.82,True,2004,129.5
1053,38,1900,1949,50,62.238062262505686,56.682377837359994,0.98,True,2004,79.5
1053,39,1950,1999,50,62.238062262505686,55.02249092947437,1.0,True,2004,29.5
1100,2,100,149,50,55.9175531216565,73.61920286916572,0.0,False,1881,1756.5
1100,3,150,199,50,55.9175531216565,71.00567632265064,0.02,False,1881,1706.5
1100,4,200,249,50,55.9175531216565,69.56171307508065,0.04,False,1881,1656.5
1100,5,250,299,50,55.9175531216565,68.85733051248192,0.08,False,1881,1606.5
1100,6,300,349,50,55.9175531216565,70.78598602249896,0.1,False,1881,1556.5
1100,7,350,399,50,55.9175531216565,65.30179214062437,0.1,False,1881,1506.5
1100,8,400,449,50,55.9175531216565,67.12202564190032,0.08,False,1881,1456.5
1100,9,450,499,50,55.9175531216565,62.52097844447193,0.0,False,1881,1406.5
1100,10,500,549,50,55.9175531216565,67.81113988604861,0.2,False,1881,1356.5
1100,11,550,599,50,55.9175531216565,64.4043593857651,0.18,False,1881,1306.5
1100,12,600,649,50,55.9175531216565,57.784563185917506,0.42,False,1881,1256.5
1100,13,650,699,50,55.9175531216565,56.648276404223225,0.42,False,1881,1206.5
1100,14,700,749,50,55.9175531216565,62.45386319979544,0.36,False,1881,1156.5
1100,15,750,799,50,55.9175531216565,65.5531236015371,0.12,False,1881,1106.5
1100,16,800,849,50,55.9175531216565,64.4006240295518,0.14,False,1881,1056.5
1100,17,850,899,50,55.9175531216565,61.21943842077761,0.3,False,1881,1006.5
1100,18,900,949,50,55.9175531216565,67.25058513390323,0.22,False,1881,956.5
1100,19,950,999,50,55.9175531216565,62.42698695961613,0.2,False,1881,906.5
1100,20,1000,1049,50,55.9175531216565,61.32846503883766,0.2,False,1881,856.5
1100,21,1050,1099,50,55.9175531216565,59.63364022961768,0.22,False,1881,806.5
1100,22,1100,1149,50,55.9175531216565,59.03622419652393,0.2,False,1881,756.5
1100,23,1150,1199,50,55.9175531216565,58.12487985413305,0.26,False,1881,706.5
1100,24,1200,1249,50,55.9175531216565,62.40191629514929,0.22,False,1881,656.5
1100,25,1250,1299,50,55.9175531216565,57.55672509281514,0.38,False,1881,606.5
1100,26,1300,1349,50,55.9175531216565,56.48912274538822,0.48,False,1881,556.5
1100,27,1350,1399,50,55.9175531216565,57.76054502311497,0.4,False,1881,506.5
1100,28,1400,1449,50,55.9175531216565,55.53646128191737,0.52,False,1881,456.5
1100,29,1450,1499,50,55.9175531216565,56.67084664772669,0.4,False,1881,406.5
1100,30,1500,1549,50,55.9175531216565,56.714631569275255,0.36,False,1881,356.5
1100,31,1550,1599,50,55.9175531216565,56.8410926709882,0.4,False,1881,306.5
1100,32,1600,1649,50,55.9175531216565,58.036030188254365,0.36,False,1881,256.5
1100,33,1650,1699,50,55.9175531216565,57.629382527765536,0.36,False,1881,206.5
1100,34,1700,1749,50,55.9175531216565,58.483095321822596,0.28,False,1881,156.5
1100,35,1750,1799,50,55.9175531216565,59.175895141566386,0.3,False,1881,106.5
1100,36,1800,1849,50,55.9175531216565,60.74650384197351,0.32,False,1881,56.5
1101,2,100,149,50,59.03808958756992,70.95445410587479,0.02,False,1880,1755.5
1101,3,150,199,50,59.03808958756992,68.3898378886256,0.02,False,1880,1705.5
1101,4,200,249,50,59.03808958756992,72.88403475065226,0.02,False,1880,1655.5
1101,5,250,299,50,59.03808958756992,70.5935275152188,0.04,False,1880,1605.5
1101,6,300,349,50,59.03808958756992,74.51627087619231,0.1,False,1880,1555.5
1101,7,350,399,50,59.03808958756992,68.24738904716006,0.04,False,1880,1505.5
1101,8,400,449,50,59.03808958756992,68.82245733701043,0.06,False,1880,1455.5
1101,9,450,499,50,59.03808958756992,64.49506624782569,0.12,False,1880,1405.5
1101,10,500,549,50,59.03808958756992,70.74379279131313,0.04,False,1880,1355.5
1101,11,550,599,50,59.03808958756992,67.11180967101058,0.14,False,1880,1305.5
1101,12,600,649,50,59.03808958756992,62.669472123451186,0.38,False,1880,1255.5
1101,13,650,699,50,59.03808958756992,62.58956434315455,0.22,False,1880,1205.5
1101,14,700,749,50,59.03808958756992,65.8018068615377,0.28,False,1880,1155.5
1101,15,750,799,50,59.03808958756992,65.8746794775777,0.06,False,1880,1105.5
1101,16,800,849,50,59.03808958756992,68.32643371447321,0.12,False,1880,1055.5
1101,18,900,949,50,59.03808958756992,63.271119790537554,0.22,False,1880,955.5
1101,19,950,999,50,59.03808958756992,61.54385432322858,0.34,False,1880,905.5
1101,20,1000,1049,50,59.03808958756992,57.85456301625386,0.54,False,1880,855.5
1101,21,1050,1099,50,59.03808958756992,54.07448387006191,0.92,True,1880,805.5
1101,22,1100,1149,50,59.03808958756992,56.21004693012645,0.76,True,1880,755.5
1101,23,1150,1199,50,59.03808958756992,55.90509978866875,0.64,False,1880,705.5
1101,24,1200,1249,50,59.03808958756992,59.682247722004334,0.44,False,1880,655.5
1101,25,1250,1299,50,59.03808958756992,53.75492480113543,0.9,True,1880,605.5
1101,26,1300,1349,50,59.03808958756992,53.00850555178391,0.92,True,1880,555.5
1101,27,1350,1399,50,59.03808958756992,55.72857661931269,0.78,True,1880,505.5
1101,29,1450,1499,50,59.03808958756992,51.81269881892597,0.82,True,1880,405.5
1101,30,1500,1549,50,59.03808958756992,53.117235369141014,0.8,True,1880,355.5
1101,31,1550,1599,50,59.03808958756992,53.160350907447594,0.9,True,1880,305.5
1101,32,1600,1649,50,59.03808958756992,55.398061227326636,0.84,True,1880,255.5
1101,33,1650,1699,50,59.03808958756992,54.55742952888541,0.78,True,1880,205.5
1101,34,1700,1749,50,59.03808958756992,56.52804530638318,0.66,False,1880,155.5
1101,35,1750,1799,50,59.03808958756992,60.04317232709411,0.4,False,1880,105.5
1101,36,1800,1849,50,59.03808958756992,58.40385063829557,0.52,False,1880,55.5
1102,2,100,149,50,55.27828192917755,72.65546121701355,0.0,False,1879,1754.5
1102,3,150,199,50,55.27828192917755,70.22779131258555,0.0,False,1879,1704.5
1102,4,200,249,50,55.27828192917755,72.26067147506329,0.02,False,1879,1654.5
1102,5,250,299,50,55.27828192917755,69.7547886598827,0.06,False,1879,1604.5
1102,6,300,349,50,55.27828192917755,72.73879336355387,0.08,False,1879,1554.5
1102,7,350,399,50,55.27828192917755,69.02085932817374,0.0,False,1879,1504.5
1102,8,400,449,50,55.27828192917755,69.36332893638104,0.04,False,1879,1454.5
1102,9,450,499,50,55.27828192917755,64.15466904673644,0.02,False,1879,1404.5
1102,10,500,549,50,55.27828192917755,70.66846052232168,0.06,False,1879,1354.5
1102,11,550,599,50,55.27828192917755,65.20897630854054,0.02,False,1879,1304.5
1102,12,600,649,50,55.27828192917755,60.63956783500516,0.3,False,1879,1254.5
1102,13,650,699,50,55.27828192917755,65.71141640347622,0.02,False,1879,1204.5
1102,14,700,749,50,55.27828192917755,63.844200305713315,0.14,False,1879,1154.5
1102,15,750,799,50,55.27828192917755,63.70294771777357,0.0,False,1879,1104.5
1102,16,800,849,50,55.27828192917755,66.43362592689125,0.06,False,1879,1054.5
1102,17,850,899,50,55.27828192917755,65.28891794187311,0.16,False,1879,1004.5
1102,18,900,949,50,55.27828192917755,68.55985740725109,0.18,False,1879,954.5
1102,19,950,999,50,55.27828192917755,66.12671200948363,0.02,False,1879,904.5
1102,20,1000,1049,50,55.27828192917755,61.25441673629476,0.24,False,1879,854.5
1102,21,1050,1099,50,55.27828192917755,55.51747369589332,0.48,False,1879,804.5
1102,22,1100,1149,50,55.27828192917755,56.91998044545174,0.44,False,1879,754.5
1102,23,1150,1199,50,55.27828192917755,59.836742994037365,0.4,False,1879,704.5
1102,24,1200,1249,50,55.27828192917755,60.83170086042683,0.22,False,1879,654.5
1102,25,1250,1299,50,55.27828192917755,54.97139263292004,0.54,False,1879,604.5
1102,26,1300,1349,50,55.27828192917755,53.60985153600019,0.56,False,1879,554.5
1102,27,1350,1399,50,55.27828192917755,54.631391515576524,0.58,False,1879,504.5
1102,29,1450,1499,50,55.27828192917755,57.51586752844595,0.3,False,1879,404.5
1102,30,1500,1549,50,55.27828192917755,57.213274818109355,0.28,False,1879,354.5
1102,31,1550,1599,50,55.27828192917755,56.14275437815879,0.38,False,1879,304.5
1102,32,1600,1649,50,55.27828192917755,57.98044837612558,0.34,False,1879,254.5
1102,33,1650,1699,50,55.27828192917755,57.01407921516228,0.42,False,1879,204.5
1102,34,1700,1749,50,55.27828192917755,58.934965026073826,0.3,False,1879,154.5
1102,35,1750,1799,50,55.27828192917755,60.13268563202527,0.28,False,1879,104.5
1102,36,1800,1849,50,55.27828192917755,61.75512709898909,0.26,False,1879,54.5
1103,2,100,149,50,56.87578830349161,75.04045290430582,0.0,False,1879,1754.5
1103,3,150,199,50,56.87578830349161,72.85598194389276,0.04,False,1879,1704.5
1103,4,200,249,50,56.87578830349161,76.39113761045115,0.02,False,1879,1654.5
1103,5,250,299,50,56.87578830349161,73.5372754533013,0.04,False,1879,1604.5
1103,6,300,349,50,56.87578830349161,76.8228540355748,0.06,False,1879,1554.5
1103,7,350,399,50,56.87578830349161,72.78036685177146,0.02,False,1879,1504.5
1103,8,400,449,50,56.87578830349161,72.444433200534,0.06,False,1879,1454.5
1103,9,450,499,50,56.87578830349161,68.02319853433626,0.02,False,1879,1404.5
1103,10,500,549,50,56.87578830349161,73.82544117092112,0.06,False,1879,1354.5
1103,11,550,599,50,56.87578830349161,70.03347318893262,0.1,False,1879,1304.5
1103,12,600,649,50,56.87578830349161,66.19233101368292,0.06,False,1879,1254.5
1103,13,650,699,50,56.87578830349161,71.8290606643707,0.02,False,1879,1204.5
1103,14,700,749,50,56.87578830349161,70.72834006056584,0.08,False,1879,1154.5
1103,15,750,799,50,56.87578830349161,69.38102134203803,0.04,False,1879,1104.5
1103,16,800,849,50,56.87578830349161,70.53418624254803,0.12,False,1879,1054.5
1103,17,850,899,50,56.87578830349161,68.26975877849102,0.12,False,1879,1004.5
1103,18,900,949,50,56.87578830349161,69.42120768862327,0.2,False,1879,954.5
1103,19,950,999,50,56.87578830349161,66.04378267860407,0.16,False,1879,904.5
1103,20,1000,1049,50,56.87578830349161,63.82364205713324,0.2,False,1879,854.5
1103,21,1050,1099,50,56.87578830349161,60.06033491750269,0.22,False,1879,804.5
1103,22,1100,1149,50,56.87578830349161,61.706236142504636,0.28,False,1879,754.5
1103,23,1150,1199,50,56.87578830349161,62.55275522189615,0.2,False,1879,704.5
1103,24,1200,1249,50,56.87578830349161,64.04777193259315,0.2,False,1879,654.5
1103,25,1250,1299,50,56.87578830349161,58.40382862202237,0.4,False,1879,604.5
1103,26,1300,1349,50,56.87578830349161,57.63736888357549,0.38,False,1879,554.5
1103,27,1350,1399,50,56.87578830349161,58.10283842504946,0.4,False,1879,504.5
1103,29,1450,1499,50,56.87578830349161,56.91255692913499,0.48,False,1879,404.5
1103,30,1500,1549,50,56.87578830349161,60.19262821781807,0.32,False,1879,354.5
1103,31,1550,1599,50,56.87578830349161,59.16282342110645,0.36,False,1879,304.5
1103,32,1600,1649,50,56.87578830349161,60.26470088106309,0.38,False,1879,254.5
1103,33,1650,1699,50,56.87578830349161,64.74262201501564,0.3,False,1879,204.5
1103,34,1700,1749,50,56.87578830349161,64.21558691668818,0.28,False,1879,154.5
1103,35,1750,1799,50,56.87578830349161,67.51063200747542,0.26,False,1879,104.5
1103,36,1800,1849,50,56.87578830349161,66.62452630618628,0.28,False,1879,54.5
2000,2,100,149,50,37.15472614657311,63.21150217594826,0.0,False,1555,1430.5
2000,3,150,199,50,37.15472614657311,61.24942935595571,0.02,False,1555,1380.5
2000,4,200,249,50,37.15472614657311,58.29069097751639,0.04,False,1555,1330.5
2000,5,250,299,50,37.15472614657311,60.59435238564366,0.0,False,1555,1280.5
2000,6,300,349,50,37.15472614657311,59.51113752451137,0.04,False,1555,1230.5
2000,7,350,399,50,37.15472614657311,52.06827931584635,0.12,False,1555,1180.5
2000,8,400,449,50,37.15472614657311,46.37865008029674,0.12,False,1555,1130.5
2000,9,450,499,50,37.15472614657311,50.37371642065387,0.14,False,1555,1080.5
2000,10,500,549,50,37.15472614657311,48.63772812444243,0.14,False,1555,1030.5
2000,11,550,599,50,37.15472614657311,43.741727274528756,0.14,False,1555,980.5
2000,12,600,649,50,37.15472614657311,41.92520931920793,0.18,False,1555,930.5
2000,13,650,699,50,37.15472614657311,43.10325503861064,0.16,False,1555,880.5
2000,14,700,749,50,37.15472614657311,45.46919391884188,0.12,False,1555,830.5
2000,15,750,799,50,37.15472614657311,45.07336214524021,0.14,False,1555,780.5
2000,16,800,849,50,37.15472614657311,43.59412124444682,0.14,False,1555,730.5
2000,17,850,899,50,37.15472614657311,39.08390682948397,0.3,False,1555,680.5
2000,18,900,949,50,37.15472614657311,39.309897131320035,0.3,False,1555,630.5
2000,19,950,999,50,37.15472614657311,45.73233030811711,0.14,False,1555,580.5
2000,20,1000,1049,50,37.15472614657311,47.649262375907,0.12,False,1555,530.5
2000,21,1050,1099,50,37.15472614657311,43.85916384762561,0.18,False,1555,480.5
2000,22,1100,1149,50,37.15472614657311,45.55533354542075,0.1,False,1555,430.5
2000,23,1150,1199,50,37.15472614657311,44.89993214117302,0.14,False,1555,380.5
2000,25,1250,1299,50,37.15472614657311,43.94774605960729,0.08,False,1555,280.5
2000,26,1300,1349,50,37.15472614657311,47.534023728441916,0.06,False,1555,230.5
2000,27,1350,1399,50,37.15472614657311,48.20363471084111,0.04,False,1555,180.5
2000,28,1400,1449,50,37.15472614657311,53.44316727940109,0.02,False,1555,130.5
2000,29,1450,1499,50,37.15472614657311,50.103265120699405,0.0,False,1555,80.5
2000,30,1500,1549,50,37.15472614657311,53.24401556881932,0.02,False,1555,30.5
2100,2,100,149,50,37.94666285619606,60.14102810891458,0.08,False,1549,1424.5
2100,3,150,199,50,37.94666285619606,59.087741585298204,0.08,False,1549,1374.5
2100,4,200,249,50,37.94666285619606,61.28594507900553,0.04,False,1549,1324.5
2100,5,250,299,50,37.94666285619606,60.67507402432393,0.06,False,1549,1274.5
2100,6,300,349,50,37.94666285619606,62.28711461036949,0.02,False,1549,1224.5
2100,7,350,399,50,37.94666285619606,60.487157710433195,0.04,False,1549,1174.5
2100,8,400,449,50,37.94666285619606,60.56754321086326,0.08,False,1549,1124.5
2100,9,450,499,50,37.94666285619606,59.22171356179376,0.04,False,1549,1074.5
2100,10,500,549,50,37.94666285619606,60.50010895884575,0.08,False,1549,1024.5
2100,11,550,599,50,37.94666285619606,59.02191007376959,0.04,False,1549,974.5
2100,12,600,649,50,37.94666285619606,60.53522680055332,0.08,False,1549,924.5
2100,13,650,699,50,37.94666285619606,61.339314046979425,0.02,False,1549,874.5
2100,14,700,749,50,37.94666285619606,62.87033961369633,0.08,False,1549,824.5
2100,15,750,799,50,37.94666285619606,58.42780397477178,0.04,False,1549,774.5
2100,16,800,849,50,37.94666285619606,59.7694028046702,0.06,False,1549,724.5
2100,17,850,899,50,37.94666285619606,58.89510653549918,0.08,False,1549,674.5
2100,18,900,949,50,37.94666285619606,57.62668300616183,0.14,False,1549,624.5
2100,19,950,999,50,37.94666285619606,64.15822137001184,0.04,False,1549,574.5
2100,20,1000,1049,50,37.94666285619606,60.27477022974618,0.12,False,1549,524.5
2100,21,1050,1099,50,37.94666285619606,58.2771743454209,0.08,False,1549,474.5
2100,22,1100,1149,50,37.94666285619606,60.23978390397522,0.08,False,1549,424.5
2100,23,1150,1199,50,37.94666285619606,60.51081919638719,0.08,False,1549,374.5
2100,25,1250,1299,50,37.94666285619606,57.70441074206748,0.1,False,1549,274.5
2100,26,1300,1349,50,37.94666285619606,55.64296552763542,0.16,False,1549,224.5
2100,27,1350,1399,50,37.94666285619606,57.34744663193281,0.12,False,1549,174.5
2100,28,1400,1449,50,37.94666285619606,64.09239616425126,0.1,False,1549,124.5
2100,29,1450,1499,50,37.94666285619606,57.702427515252275,0.16,False,1549,74.5
2200,2,100,149,50,33.128175971716956,59.007943492435395,0.08,False,1558,1433.5
2200,3,150,199,50,33.128175971716956,56.98951917043674,0.04,False,1558,1383.5
2200,4,200,249,50,33.128175971716956,58.820628154262884,0.02,False,1558,1333.5
2200,5,250,299,50,33.128175971716956,58.199332434667845,0.08,False,1558,1283.5
2200,7,350,399,50,33.128175971716956,59.24017992462413,0.02,False,1558,1183.5
2200,8,400,449,50,33.128175971716956,55.83169817887538,0.06,False,1558,1133.5
2200,9,450,499,50,33.128175971716956,59.138264620735626,0.06,False,1558,1083.5
2200,10,500,549,50,33.128175971716956,58.09135483321981,0.08,False,1558,1033.5
2200,11,550,599,50,33.128175971716956,58.90129632528617,0.02,False,1558,983.5
2200,12,600,649,50,33.128175971716956,58.37658274411767,0.06,False,1558,933.5
2200,13,650,699,50,33.128175971716956,58.938723255795466,0.0,False,1558,883.5
2200,14,700,749,50,33.128175971716956,60.075756027043425,0.04,False,1558,833.5
2200,15,750,799,50,33.128175971716956,57.628932382054415,0.06,False,1558,783.5
2200,16,800,849,50,33.128175971716956,54.52269508234744,0.04,False,1558,733.5
2200,17,850,899,50,33.128175971716956,54.19984865744768,0.04,False,1558,683.5
2200,18,900,949,50,33.128175971716956,56.11818290457406,0.06,False,1558,633.5
2200,19,950,999,50,33.128175971716956,55.224907289586994,0.02,False,1558,583.5
2200,20,1000,1049,50,33.128175971716956,56.64163410318746,0.06,False,1558,533.5
2200,21,1050,1099,50,33.128175971716956,55.155874152206664,0.1,False,1558,483.5
2200,22,1100,1149,50,33.128175971716956,56.685497838405695,0.08,False,1558,433.5
2200,23,1150,1199,50,33.128175971716956,54.00258404804179,0.02,False,1558,383.5
2200,24,1200,1249,50,33.128175971716956,56.42914323472814,0.02,False,1558,333.5
2200,25,1250,1299,50,33.128175971716956,55.35682362595907,0.02,False,1558,283.5
2200,26,1300,1349,50,33.128175971716956,52.954940893826986,0.06,False,1558,233.5
2200,27,1350,1399,50,33.128175971716956,53.58805129267,0.06,False,1558,183.5
2200,28,1400,1449,50,33.128175971716956,52.24527445784675,0.06,False,1558,133.5
2200,29,1450,1499,50,33.128175971716956,53.16456251984417,0.1,False,1558,83.5
2200,30,1500,1549,50,33.128175971716956,50.227990771806375,0.06,False,1558,33.5
2300,2,100,149,50,31.702952294887776,55.82266876573317,0.08,False,1553,1428.5
2300,3,150,199,50,31.702952294887776,52.997719157731545,0.06,False,1553,1378.5
2300,4,200,249,50,31.702952294887776,55.696909857640186,0.06,False,1553,1328.5
2300,5,250,299,50,31.702952294887776,55.171682165349566,0.1,False,1553,1278.5
2300,6,300,349,50,31.702952294887776,58.952429625974766,0.1,False,1553,1228.5
2300,7,350,399,50,31.702952294887776,58.8963663751962,0.08,False,1553,1178.5
2300,8,400,449,50,31.702952294887776,53.69085383188643,0.14,False,1553,1128.5
2300,9,450,499,50,31.702952294887776,56.853248138682275,0.1,False,1553,1078.5
2300,10,500,549,50,31.702952294887776,59.45189806340413,0.12,False,1553,1028.5
2300,11,550,599,50,31.702952294887776,50.32037678580181,0.06,False,1553,978.5
2300,12,600,649,50,31.702952294887776,55.76270286092581,0.14,False,1553,928.5
2300,13,650,699,50,31.702952294887776,56.52474153352135,0.06,False,1553,878.5
2300,14,700,749,50,31.702952294887776,59.1563274983603,0.06,False,1553,828.5
2300,15,750,799,50,31.702952294887776,52.80505323228158,0.1,False,1553,778.5
2300,16,800,849,50,31.702952294887776,50.89978007615248,0.12,False,1553,728.5
2300,17,850,899,50,31.702952294887776,53.1354977658039,0.14,False,1553,678.5
2300,18,900,949,50,31.702952294887776,54.03210237058193,0.18,False,1553,628.5
2300,19,950,999,50,31.702952294887776,56.079786917770875,0.06,False,1553,578.5
2300,20,1000,1049,50,31.702952294887776,57.777524043105345,0.08,False,1553,528.5
2300,21,1050,1099,50,31.702952294887776,54.25740986495256,0.12,False,1553,478.5
2300,22,1100,1149,50,31.702952294887776,58.709913269494024,0.12,False,1553,428.5
2300,23,1150,1199,50,31.702952294887776,57.920976517183476,0.04,False,1553,378.5
2300,24,1200,1249,50,31.702952294887776,55.79580418200124,0.06,False,1553,328.5
2300,25,1250,1299,50,31.702952294887776,56.32679422923037,0.1,False,1553,278.5
2300,26,1300,1349,50,31.702952294887776,55.26759428540933,0.12,False,1553,228.5
2300,27,1350,1399,50,31.702952294887776,52.66177175747548,0.18,False,1553,178.5
2300,28,1400,1449,50,31.702952294887776,55.824054935449126,0.06,False,1553,128.5
2300,29,1450,1499,50,31.702952294887776,55.77274442355864,0.14,False,1553,78.5
2300,30,1500,1549,50,31.702952294887776,53.97494628861189,0.16,False,1553,28.5
2400,2,100,149,50,36.671307167205164,56.83478930753907,0.12,False,1552,1427.5
2400,3,150,199,50,36.671307167205164,57.03755167408495,0.1,False,1552,1377.5
2400,4,200,249,50,36.671307167205164,60.813850702819714,0.06,False,1552,1327.5
2400,5,250,299,50,36.671307167205164,60.7693652799924,0.08,False,1552,1277.5
2400,6,300,349,50,36.671307167205164,59.94370620606563,0.1,False,1552,1227.5
2400,7,350,399,50,36.671307167205164,58.35167918296091,0.06,False,1552,1177.5
2400,8,400,449,50,36.671307167205164,58.589747322787,0.1,False,1552,1127.5
2400,9,450,499,50,36.671307167205164,58.16055080340159,0.1,False,1552,1077.5
2400,10,500,549,50,36.671307167205164,56.64636270082947,0.1,False,1552,1027.5
2400,11,550,599,50,36.671307167205164,56.705441814740816,0.06,False,1552,977.5
2400,12,600,649,50,36.671307167205164,58.013947062028876,0.06,False,1552,927.5
2400,13,650,699,50,36.671307167205164,57.790873267866566,0.0,False,1552,877.5
2400,14,700,749,50,36.671307167205164,55.911680394906114,0.08,False,1552,827.5
2400,15,750,799,50,36.671307167205164,56.44683671862205,0.02,False,1552,777.5
2400,16,800,849,50,36.671307167205164,55.74975064758749,0.0,False,1552,727.5
2400,17,850,899,50,36.671307167205164,52.820865827283754,0.06,False,1552,677.5
2400,18,900,949,50,36.671307167205164,56.10611054823152,0.08,False,1552,627.5
2400,20,1000,1049,50,36.671307167205164,55.12234759408022,0.06,False,1552,527.5
2400,21,1050,1099,50,36.671307167205164,51.942447834796035,0.06,False,1552,477.5
2400,22,1100,1149,50,36.671307167205164,53.22984059233806,0.02,False,1552,427.5
2400,23,1150,1199,50,36.671307167205164,54.452983665831674,0.06,False,1552,377.5
2400,25,1250,1299,50,36.671307167205164,53.28567647177153,0.04,False,1552,277.5
2400,26,1300,1349,50,36.671307167205164,54.063792404224344,0.02,False,1552,227.5
2400,27,1350,1399,50,36.671307167205164,53.166724313296314,0.02,False,1552,177.5
2400,28,1400,1449,50,36.671307167205164,54.12978794437633,0.08,False,1552,127.5
2400,29,1450,1499,50,36.671307167205164,55.213451113259005,0.08,False,1552,77.5
2400,30,1500,1549,50,36.671307167205164,54.62371030680169,0.06,False,1552,27.5
2500,2,100,149,50,56.3838468558458,68.44029517473876,0.04,False,1581,1456.5
2500,3,150,199,50,56.3838468558458,68.60761007609955,0.06,False,1581,1406.5
2500,4,200,249,50,56.3838468558458,72.14590895315882,0.02,False,1581,1356.5
2500,5,250,299,50,56.3838468558458,71.63149901623387,0.0,False,1581,1306.5
2500,6,300,349,50,56.3838468558458,75.15657077025367,0.02,False,1581,1256.5
2500,7,350,399,50,56.3838468558458,70.30306861349287,0.04,False,1581,1206.5
2500,8,400,449,50,56.3838468558458,65.86307692417918,0.2,False,1581,1156.5
2500,9,450,499,50,56.3838468558458,62.05363887262699,0.18,False,1581,1106.5
2500,10,500,549,50,56.3838468558458,65.02710413386941,0.22,False,1581,1056.5
2500,11,550,599,50,56.3838468558458,60.29461225110707,0.3,False,1581,1006.5
2500,12,600,649,50,56.3838468558458,58.61673686194822,0.3,False,1581,956.5
2500,13,650,699,50,56.3838468558458,62.39695546941918,0.18,False,1581,906.5
2500,14,700,749,50,56.3838468558458,59.46123827440724,0.32,False,1581,856.5
2500,15,750,799,50,56.3838468558458,55.73471773998935,0.54,False,1581,806.5
2500,16,800,849,50,56.3838468558458,56.83049792118079,0.46,False,1581,756.5
2500,17,850,899,50,56.3838468558458,49.71459937242058,0.84,True,1581,706.5
2500,18,900,949,50,56.3838468558458,52.17549013736106,0.76,True,1581,656.5
2500,19,950,999,50,56.3838468558458,54.01421048843542,0.68,False,1581,606.5
2500,20,1000,1049,50,56.3838468558458,53.395382422441834,0.66,False,1581,556.5
2500,21,1050,1099,50,56.3838468558458,50.84195279072291,0.84,True,1581,506.5
2500,22,1100,1149,50,56.3838468558458,51.97357239598237,0.78,True,1581,456.5
2500,23,1150,1199,50,56.3838468558458,46.37208792621426,0.92,True,1581,406.5
2500,24,1200,1249,50,56.3838468558458,44.85602515557279,1.0,True,1581,356.5
2500,25,1250,1299,50,56.3838468558458,49.92707324655599,0.86,True,1581,306.5
2500,26,1300,1349,50,56.3838468558458,44.47095640047978,1.0,True,1581,256.5
2500,27,1350,1399,50,56.3838468558458,45.43701953575484,1.0,True,1581,206.5
2500,28,1400,1449,50,56.3838468558458,46.57412858378164,0.98,True,1581,156.5
2500,29,1450,1499,50,56.3838468558458,46.09167100668156,0.98,True,1581,106.5
2500,30,1500,1549,50,56.3838468558458,44.574652567699026,1.0,True,1581,56.5
3000,2,100,149,50,43.767631256958865,59.03479316112771,0.16,False,1545,1420.5
3000,4,200,249,50,43.767631256958865,61.419018415726185,0.08,False,1545,1320.5
3000,5,250,299,50,43.767631256958865,61.68370488894314,0.14,False,1545,1270.5
3000,6,300,349,50,43.767631256958865,60.720860752094474,0.12,False,1545,1220.5
3000,7,350,399,50,43.767631256958865,60.661703776163606,0.06,False,1545,1170.5
3000,8,400,449,50,43.767631256958865,60.60133994532299,0.18,False,1545,1120.5
3000,9,450,499,50,43.767631256958865,61.94396659167876,0.16,False,1545,1070.5
3000,10,500,549,50,43.767631256958865,60.08731161970102,0.1,False,1545,1020.5
3000,11,550,599,50,43.767631256958865,59.74081459744913,0.12,False,1545,970.5
3000,12,600,649,50,43.767631256958865,59.46946506611647,0.12,False,1545,920.5
3000,13,650,699,50,43.767631256958865,60.22638840159877,0.0,False,1545,870.5
3000,14,700,749,50,43.767631256958865,58.818083023530974,0.18,False,1545,820.5
3000,15,750,799,50,43.767631256958865,57.491661509666656,0.1,False,1545,770.5
3000,16,800,849,50,43.767631256958865,57.190743635325035,0.08,False,1545,720.5
3000,17,850,899,50,43.767631256958865,53.0375817980492,0.14,False,1545,670.5
3000,18,900,949,50,43.767631256958865,56.16131578373006,0.16,False,1545,620.5
3000,19,950,999,50,43.767631256958865,54.33569782431036,0.14,False,1545,570.5
3000,20,1000,1049,50,43.767631256958865,55.077332665756444,0.2,False,1545,520.5
3000,21,1050,1099,50,43.767631256958865,54.65188710337402,0.22,False,1545,470.5
3000,22,1100,1149,50,43.767631256958865,58.98857477366015,0.12,False,1545,420.5
3000,23,1150,1199,50,43.767631256958865,55.71598789840917,0.14,False,1545,370.5
3000,25,1250,1299,50,43.767631256958865,58.084511679524525,0.14,False,1545,270.5
3000,26,1300,1349,50,43.767631256958865,61.23841374425467,0.16,False,1545,220.5
3000,27,1350,1399,50,43.767631256958865,59.20134724481902,0.12,False,1545,170.5
3000,28,1400,1449,50,43.767631256958865,59.07252858295064,0.16,False,1545,120.5
3000,29,1450,1499,50,43.767631256958865,57.83743795053262,0.2,False,1545,70.5
3100,2,100,149,50,15.403326484098493,51.34730029480599,0.06,False,1580,1455.5
3100,3,150,199,50,15.403326484098493,51.874999207649495,0.04,False,1580,1405.5
3100,4,200,249,50,15.403326484098493,55.19899733378381,0.0,False,1580,1355.5
3100,5,250,299,50,15.403326484098493,64.40135825367439,0.04,False,1580,1305.5
3100,6,300,349,50,15.403326484098493,56.92806590649623,0.04,False,1580,1255.5
3100,7,350,399,50,15.403326484098493,63.51914904078829,0.0,False,1580,1205.5
3100,8,400,449,50,15.403326484098493,61.757806599405896,0.02,False,1580,1155.5
3100,9,450,499,50,15.403326484098493,63.49918241646665,0.0,False,1580,1105.5
3100,10,500,549,50,15.403326484098493,61.78493563801289,0.0,False,1580,1055.5
3100,11,550,599,50,15.403326484098493,50.378308686042686,0.0,False,1580,1005.5
3100,12,600,649,50,15.403326484098493,59.86966301795479,0.0,False,1580,955.5
3100,13,650,699,50,15.403326484098493,63.39155227021662,0.0,False,1580,905.5
3100,14,700,749,50,15.403326484098493,59.70714247194705,0.0,False,1580,855.5
3100,15,750,799,50,15.403326484098493,53.77119666764011,0.0,False,1580,805.5
3100,16,800,849,50,15.403326484098493,56.54731948444662,0.0,False,1580,755.5
3100,17,850,899,50,15.403326484098493,55.751808836181496,0.0,False,1580,705.5
3100,18,900,949,50,15.403326484098493,55.29949122316214,0.0,False,1580,655.5
3100,19,950,999,50,15.403326484098493,63.175868988713276,0.0,False,1580,605.5
3100,20,1000,1049,50,15.403326484098493,64.50177334336865,0.0,False,1580,555.5
3100,21,1050,1099,50,15.403326484098493,60.46963188922539,0.0,False,1580,505.5
3100,22,1100,1149,50,15.403326484098493,59.319902865934544,0.0,False,1580,455.5
3100,23,1150,1199,50,15.403326484098493,65.253564679211,0.0,False,1580,405.5
3100,24,1200,1249,50,15.403326484098493,60.4384984507556,0.0,False,1580,355.5
3100,25,1250,1299,50,15.403326484098493,60.298248439373666,0.02,False,1580,305.5
3100,26,1300,1349,50,15.403326484098493,53.31489643269758,0.0,False,1580,255.5
3100,27,1350,1399,50,15.403326484098493,51.00536860356602,0.0,False,1580,205.5
3100,28,1400,1449,50,15.403326484098493,51.69613165413063,0.0,False,1580,155.5
3100,29,1450,1499,50,15.403326484098493,57.05564526318929,0.0,False,1580,105.5
3100,30,1500,1549,50,15.403326484098493,60.20866017140413,0.0,False,1580,55.5
