configuration,threshold_quantile,window_size,persistence,required_consecutive_windows,operations,detections,false_warning_evaluable_operations,false_warnings,median_warning_lead,median_healthy_below_threshold_fraction,detection_rate_pct,false_warning_rate_pct,median_healthy_below_threshold_pct
1,0.05,25,0.6,2,16,7,16,0,1041.0,0.02142857142857143,43.75,0.0,2.142857142857143
2,0.05,25,0.6,3,16,6,16,0,1037.5,0.02142857142857143,37.5,0.0,2.142857142857143
3,0.05,25,0.7,2,16,6,16,0,1029.5,0.02142857142857143,37.5,0.0,2.142857142857143
4,0.05,25,0.7,3,16,6,16,0,1025.0,0.02142857142857143,37.5,0.0,2.142857142857143
5,0.05,25,0.8,2,16,6,16,0,1017.0,0.02142857142857143,37.5,0.0,2.142857142857143
6,0.05,25,0.8,3,16,6,16,0,1017.0,0.02142857142857143,37.5,0.0,2.142857142857143
7,0.05,50,0.6,2,16,7,16,0,1034.0,0.02142857142857143,43.75,0.0,2.142857142857143
8,0.05,50,0.6,3,16,6,16,0,1037.5,0.02142857142857143,37.5,0.0,2.142857142857143
9,0.05,50,0.7,2,16,6,16,0,1034.0,0.02142857142857143,37.5,0.0,2.142857142857143
10,0.05,50,0.7,3,16,6,16,0,1034.0,0.02142857142857143,37.5,0.0,2.142857142857143
11,0.05,50,0.8,2,16,6,16,0,984.0,0.02142857142857143,37.5,0.0,2.142857142857143
12,0.05,50,0.8,3,16,6,16,0,984.0,0.02142857142857143,37.5,0.0,2.142857142857143
13,0.05,100,0.6,2,16,6,0,0,1034.0,0.02142857142857143,37.5,,2.142857142857143
14,0.05,100,0.6,3,16,6,0,0,1034.0,0.02142857142857143,37.5,,2.142857142857143
15,0.05,100,0.7,2,16,6,0,0,1034.0,0.02142857142857143,37.5,,2.142857142857143
16,0.05,100,0.7,3,16,5,0,0,1034.0,0.02142857142857143,31.25,,2.142857142857143
17,0.05,100,0.8,2,16,6,0,0,1034.0,0.02142857142857143,37.5,,2.142857142857143
18,0.05,100,0.8,3,16,5,0,0,1034.0,0.02142857142857143,31.25,,2.142857142857143
19,0.1,25,0.6,2,16,9,16,0,1234.0,0.05,56.25,0.0,5.0
20,0.1,25,0.6,3,16,9,16,0,1034.0,0.05,56.25,0.0,5.0
21,0.1,25,0.7,2,16,9,16,0,860.0,0.05,56.25,0.0,5.0
22,0.1,25,0.7,3,16,8,16,0,947.0,0.05,50.0,0.0,5.0
23,0.1,25,0.8,2,16,9,16,0,860.0,0.05,56.25,0.0,5.0
24,0.1,25,0.8,3,16,7,16,0,1034.0,0.05,43.75,0.0,5.0
25,0.1,50,0.6,2,16,9,16,0,861.0,0.05,56.25,0.0,5.0
26,0.1,50,0.6,3,16,9,16,0,861.0,0.05,56.25,0.0,5.0
27,0.1,50,0.7,2,16,9,16,0,860.0,0.05,56.25,0.0,5.0
28,0.1,50,0.7,3,16,9,16,0,860.0,0.05,56.25,0.0,5.0
29,0.1,50,0.8,2,16,8,16,0,947.0,0.05,50.0,0.0,5.0
30,0.1,50,0.8,3,16,7,16,0,1034.0,0.05,43.75,0.0,5.0
31,0.1,100,0.6,2,16,9,0,0,910.0,0.05,56.25,,5.0
32,0.1,100,0.6,3,16,7,0,0,1034.0,0.05,43.75,,5.0
33,0.1,100,0.7,2,16,8,0,0,922.5,0.05,50.0,,5.0
34,0.1,100,0.7,3,16,7,0,0,1034.0,0.05,43.75,,5.0
35,0.1,100,0.8,2,16,6,0,0,1034.0,0.05,37.5,,5.0
36,0.1,100,0.8,3,16,5,0,0,1034.0,0.05,31.25,,5.0
37,0.2,25,0.6,2,16,10,16,0,1223.0,0.10714285714285715,62.5,0.0,10.714285714285715
38,0.2,25,0.6,3,16,10,16,0,1161.0,0.10714285714285715,62.5,0.0,10.714285714285715
39,0.2,25,0.7,2,16,10,16,0,1135.5,0.10714285714285715,62.5,0.0,10.714285714285715
40,0.2,25,0.7,3,16,10,16,0,1023.0,0.10714285714285715,62.5,0.0,10.714285714285715
41,0.2,25,0.8,2,16,10,16,0,1135.5,0.10714285714285715,62.5,0.0,10.714285714285715
42,0.2,25,0.8,3,16,10,16,0,948.0,0.10714285714285715,62.5,0.0,10.714285714285715
43,0.2,50,0.6,2,16,10,16,0,1223.0,0.10714285714285715,62.5,0.0,10.714285714285715
44,0.2,50,0.6,3,16,10,16,0,1023.0,0.10714285714285715,62.5,0.0,10.714285714285715
45,0.2,50,0.7,2,16,10,16,0,1059.5,0.10714285714285715,62.5,0.0,10.714285714285715
46,0.2,50,0.7,3,16,10,16,0,1023.0,0.10714285714285715,62.5,0.0,10.714285714285715
47,0.2,50,0.8,2,16,10,16,0,1023.0,0.10714285714285715,62.5,0.0,10.714285714285715
48,0.2,50,0.8,3,16,10,16,0,948.0,0.10714285714285715,62.5,0.0,10.714285714285715
49,0.2,100,0.6,2,16,10,0,0,1148.0,0.10714285714285715,62.5,,10.714285714285715
50,0.2,100,0.6,3,16,10,0,0,1148.0,0.10714285714285715,62.5,,10.714285714285715
51,0.2,100,0.7,2,16,10,0,0,1048.0,0.10714285714285715,62.5,,10.714285714285715
52,0.2,100,0.7,3,16,10,0,0,1027.0,0.10714285714285715,62.5,,10.714285714285715
53,0.2,100,0.8,2,16,10,0,0,947.0,0.10714285714285715,62.5,,10.714285714285715
54,0.2,100,0.8,3,16,10,0,0,947.0,0.10714285714285715,62.5,,10.714285714285715
