operation_code,target_extreme_cycle,cycle_index,relative_position,is_extreme_target,benchmark_health_region,sequence_position,rows,duration_seconds,pkl_bytes,missing_values,duplicate_rows,duplicate_index,j1_q_range,j1_dq_rms,j1_ddq_rms,j1_tau_rms,j1_tau_abs_max,j2_q_range,j2_dq_rms,j2_ddq_rms,j2_tau_rms,j2_tau_abs_max,j3_q_range,j3_dq_rms,j3_ddq_rms,j3_tau_rms,j3_tau_abs_max,j4_q_range,j4_dq_rms,j4_ddq_rms,j4_tau_rms,j4_tau_abs_max,j5_q_range,j5_dq_rms,j5_ddq_rms,j5_tau_rms,j5_tau_abs_max,j6_q_range,j6_dq_rms,j6_ddq_rms,j6_tau_rms,j6_tau_abs_max,row_ratio_vs_local_median,duration_ratio_vs_local_median,j3_tau_rms_ratio_vs_local_median
2200,311,309,-2,False,intermediate_unlabelled,0.1922837585563161,243,0.863865,108165,0,0,0,0.0,0.00019661709877730608,0.04621344914111604,8.772895651180518,15.946,0.33453,0.8974417549320715,14.059770814375975,112.81872593002855,287.23,0.13440000000000007,0.38431796835494975,6.919141068097117,144.1380644457125,415.07,0.0,6.435782844554606e-05,0.025291687125584095,0.564055574277626,1.0699,0.46890999999999994,1.2471116554368724,19.268487294342307,4.691295591685808,15.322,0.009400000000000075,0.024933692990833173,0.3919242947157687,2.155971969228442,2.2842,,,
2200,311,310,-1,False,intermediate_unlabelled,0.192906036092097,243,0.863865,108165,0,0,0,0.0,0.00019237147225681657,0.046163396086540236,11.168087707487793,18.631,0.32408,0.8668962994320558,13.52280500883926,115.15204153678629,286.66,0.1339999999999999,0.38329754468637495,6.888037791472696,147.5671699727262,416.16,0.0,2.627407654898755e-05,0.012066867416650803,0.3484988088910158,0.66229,0.45814999999999995,1.2148900385534351,18.63278946760376,4.27936820014327,13.908,0.009100000000000108,0.024292646608097317,0.37608476364687404,2.1648311187992957,2.4632,,,
2200,311,311,0,True,intermediate_unlabelled,0.193528313627878,6179,21.966345,2720007,0,930,0,0.0,8.421693231830715e-05,0.07968680138981665,4.879201840483049,13.058,2.999999999997449e-05,8.688930738079768e-05,0.0820517434630289,35.24568462293286,79.485,9.999999999998899e-05,0.00010085367722725467,0.09552189525483622,44.51161387465628,99.343,0.0,6.50672375470697e-06,0.005905092714909586,0.36756434716009195,1.0189,1.0000000000065512e-05,2.2897273923992526e-05,0.016560195993796985,1.1420151329352495,2.6746,0.0,1.5460162918997813e-05,0.013989245929574018,0.8023746459889609,1.7474,25.42798353909465,25.42798353909465,0.2975905909217017
2200,311,312,1,False,intermediate_unlabelled,0.194150591163659,243,0.863865,108165,0,0,0,2.0000000000020002e-05,0.00017590909398741513,0.054815475271821915,11.730042799621257,18.224,0.31594000000000005,0.8424255548294536,13.070598388285939,116.62955286011788,290.48,0.1341000000000001,0.3850469179891847,6.96543400733355,151.57947802306083,434.16,0.0,3.3060783293121356e-05,0.015040539121789287,0.330245363976519,0.61134,0.45002999999999993,1.1896566152841868,18.12349145041279,4.551509017598838,14.405,0.009000000000000008,0.02379294335395001,0.3705223639358259,2.1723203015179027,2.5684,,,
2200,311,313,2,False,intermediate_unlabelled,0.1947728686994399,247,0.878085,109925,0,0,0,1.0000000000065512e-05,0.00014094058318755095,0.03693720340596241,10.601381692910854,16.719,0.23324999999999996,0.5815897871578422,8.05605098094575,116.60234596323767,252.49,0.15949999999999998,0.4205037366405902,6.578161389891656,154.87678585970514,386.51,0.0,2.590492271266193e-05,0.01096492246003846,0.15135186242064674,0.45851,0.39283,0.9694606202211674,13.195867931151074,4.079728093087572,12.074,0.007800000000000029,0.01937890866628809,0.27187853956166197,1.9057429199031892,2.7263,,,
3000,187,185,-2,False,intermediate_unlabelled,0.1160602258469259,374,1.32957,165807,0,0,0,1.7325,2.27967234491911,14.060031604041246,99.43212730869672,298.74,0.79643,1.1823296210948957,14.248398916542946,147.9713193247625,393.97,1.00607,1.3052783132613148,10.555420422127812,171.41669352110074,618.41,0.0,0.00041745218956794583,0.08900525807059886,10.92071057786815,30.16,0.7670600000000001,1.3346488391188776,17.494388584459998,9.155936811742801,21.626,0.8631040000000001,1.1303156321843661,8.842518029996778,3.0927697794118325,5.8632,,,
3000,187,186,-1,False,intermediate_unlabelled,0.1166875784190715,364,1.29402,161407,0,0,0,1.52612,2.125602820516058,13.97348276969674,97.13415498386127,280.72,0.81462,1.2533772524250075,15.109514685095146,148.10276662481112,395.92,1.02896,1.4097091055030286,11.41630299208864,174.08996491625732,617.33,9.999999999976694e-05,0.0005854777216947697,0.10179985700088728,11.075680440480369,30.669,0.77611,1.3736841391967105,17.924219726803464,8.936045366867969,23.537,0.28936000000000006,0.3998944173706059,4.582658688888391,2.433429376904848,4.0421,,,
3000,187,187,0,True,intermediate_unlabelled,0.117314930991217,20721,73.663155,9118496,0,4495,0,1.70282,0.30294664145932226,1.8823869282989425,14.818573759730473,315.82,0.67885,0.13845236353153753,1.700397832494549,46.96540067784909,396.85,0.8482699999999999,0.1494864507258094,1.32702583923838,62.79794145685481,617.64,0.0,5.384119205103312e-05,0.01434585569411093,1.5167044504735185,31.586,0.69444,0.16925900897719987,2.232006242015947,1.6058425901319873,19.678,3.22953,0.5740750665010991,3.7264042325002054,1.140564283905794,9.4526,55.256,55.25600000000001,0.363512192447315
3000,187,188,1,False,intermediate_unlabelled,0.1179422835633626,377,1.340235,167127,0,0,0,1.76847,2.29746054243544,13.983811963485875,98.93475282179615,293.0,0.79729,1.173424526977551,14.174975829613421,147.12886117415775,393.8,1.00727,1.2913823857067692,10.382986961268017,170.50326345801963,619.65,0.0,0.0004307074052596542,0.09050281966840058,10.972915604023134,29.854,0.76799,1.3294717018558135,17.450451800559073,9.125304365238037,21.741,2.12226,2.758416456868842,17.534933653840316,3.710336022642393,7.6421,,,
3000,187,189,2,False,intermediate_unlabelled,0.1185696361355081,376,1.33668,166687,0,0,0,1.78974,2.3105791113896,13.783677898325909,106.97663964833515,332.54,0.58323,0.9004436352727504,11.138455903871375,147.87124122951252,397.83,0.7146500000000001,0.9288629452130693,8.998754624068829,175.3046294161611,619.65,9.999999999976694e-05,0.00047041076667338796,0.10797797692905478,11.344176308807958,32.146,0.6335400000000001,1.1953231111764384,15.680160021135922,8.784927941605284,18.379,3.33244,4.299037089340679,27.07408648831956,4.41749873565585,9.6,,,
2400,976,974,-2,False,intermediate_unlabelled,0.6083697688944409,333,1.183815,147767,0,0,0,1.83558,2.502620363294619,14.901169361666042,105.25354662598224,309.32,0.6192799999999999,0.8442042899488732,5.046504445245915,83.48593512936253,133.42,0.9408899999999999,1.2824705051657033,7.64159242692351,194.53076075198942,353.6,9.999999999976694e-05,0.0005601725107288694,0.1151585601494335,12.447313287735431,28.275,0.3216000000000001,0.43864133912511205,2.891567394956935,13.428747229083239,30.3,2.23198,3.04436588020746,19.14639640560496,4.241609948583111,8.2526,,,
2400,976,975,-1,False,intermediate_unlabelled,0.6089943785134291,334,1.18737,148207,0,0,0,1.73431,2.3885158810188574,14.131412839745314,116.64473782632386,343.89,0.24046999999999996,0.331124178491449,1.9686822883196478,89.88593004584526,117.11,0.39688999999999985,0.5463687326050939,3.267761282619536,188.8851111537378,239.82,0.00019999999999997797,0.001108630903433565,0.17147117688488472,13.51442382410576,33.879,0.1564000000000001,0.21577436391344343,1.8285647924286614,12.82488974772723,27.205,0.37649,0.519049305116609,5.564818908692598,3.027064229832166,4.4,,,
2400,976,976,0,True,intermediate_unlabelled,0.6096189881324172,3427,12.182985,1509127,0,0,0,2.999999999997449e-05,9.976155881866214e-05,0.0942996654920249,7.046738751478403,12.285,6.0000000000060005e-05,0.0002144394763162521,0.2037689965207796,78.26220839340704,113.29,0.00013999999999991797,0.00047494993704275427,0.45177346954010966,151.3809310444854,223.37,0.0,1.2356101240464347e-05,0.010552859274920548,1.0520846613338017,1.885,0.0,2.9384820749818754e-05,0.023504835779960143,1.2349146843448002,2.2925,2.0000000000020002e-05,6.038669995915337e-05,0.04736026512521513,1.53820956092363,2.5053,10.275862068965518,10.275862068965518,0.7908578761928444
2400,976,977,1,False,intermediate_unlabelled,0.6102435977514054,320,1.1376,142047,0,0,0,1.60617,2.3514838342263067,15.040464070634494,113.02208242467603,334.66,0.47354999999999997,0.6932154929705622,4.441758578913212,84.97924233288569,129.23,0.7451899999999999,1.0905617800196248,6.983328974915653,193.94203289198293,317.28,0.00019999999999997797,0.0014018852185768299,0.2317082840391394,13.593794887344398,35.713,0.27160000000000006,0.3978535568498708,2.829965494555791,12.900961867663336,30.07,0.16914000000000007,0.24875169553324525,4.343568996359905,2.9340936410439857,4.5789,,,
2400,976,978,2,False,intermediate_unlabelled,0.6108682073703935,340,1.2087,150847,0,0,0,1.80884,2.423200028428156,13.907130474902173,115.74691025506392,348.49,0.21063999999999994,0.2821326323375779,1.632072154298189,90.91917465861061,117.52,0.34958999999999996,0.468066251671325,2.7310528663856717,185.95568627066535,229.58,0.00019999999999997797,0.0013606056137915063,0.21998629932612382,13.46630473173961,37.037,0.13890000000000002,0.1864369632088212,1.727105256804461,13.0745243661191,26.899,1.7635999999999998,2.3635010369377953,14.361767102631875,4.03402572833877,7.1474,,,
3000,1207,1205,-2,False,intermediate_unlabelled,0.7559598494353826,378,1.34379,167567,0,0,0,1.80186,2.3232211485114296,14.019074178218508,99.70954393653678,300.08,0.79276,1.1619943953053429,14.022455467795819,146.64905540474697,398.4,1.00163,1.2747947070339336,10.304302639602158,171.59757495718853,612.2,9.999999999976694e-05,0.0006135450038993574,0.15032696977383533,10.769413215704752,30.261,0.7656100000000001,1.3230818525869996,17.39518320901789,9.289193965244719,21.817,3.0668,3.9497540799082818,25.686513994380242,3.889687656884515,8.4526,,,
3000,1207,1206,-1,False,intermediate_unlabelled,0.7565872020075283,370,1.31535,164047,0,0,0,1.69711,2.2530179073494327,13.79140092500646,109.26995532529443,335.8,0.54626,0.8709336306259632,10.81321650648227,147.24225348088444,396.69,0.6632899999999999,0.8914955611441269,9.030296302743622,179.29838768204692,621.98,0.00019999999999997797,0.0008086563639480701,0.16195566210882564,11.518445881748837,32.35,0.60964,1.1877893660666603,15.59126600250448,8.594371774522541,18.646,0.9099599999999999,1.207061117347464,8.981022233879902,2.954558796452046,5.2,,,
3000,1207,1207,0,True,intermediate_unlabelled,0.7572145545796738,21,0.074655,10473,0,0,0,0.0,0.0,0.0,1.216899965873472,1.3424,0.00029999999999996696,0.008252238827208679,0.8500948222407171,103.14700695239826,139.4,0.0,0.00037062816789080566,0.0578200494601261,114.779578945286,116.11,0.0,0.0,0.0,0.32997819584532145,0.35662,0.000180000000000069,0.006533929819045386,0.6670287160665788,2.3264854972640703,2.751,9.99999999995449e-06,0.00010401777071639982,0.02026855806415444,1.7719318746981862,1.7789,0.05614973262032086,0.05614973262032086,0.655320790257651
3000,1207,1208,1,False,intermediate_unlabelled,0.7578419071518193,380,1.3509,168447,0,0,0,1.66928,2.2237337530593924,14.401562803967305,105.75092715790515,318.35,0.73689,1.08890504103737,12.705976150107062,144.3184476855208,395.51,0.93464,1.2154528706709766,10.526502685243079,171.91146448425837,610.65,0.00019999999999997797,0.0006371268875535683,0.11681753549362897,12.304774800004065,33.726,0.73503,1.2667180687447053,16.282418329815073,8.82949767602103,19.754,3.45824,4.601061492175102,31.633155752029392,4.247542499556442,9.5579,,,
3000,1207,1209,2,False,intermediate_unlabelled,0.7584692597239648,360,1.2798,159647,0,0,0,1.4708299999999999,2.0970407886412072,14.129189960709988,103.05145575938033,302.2,0.72017,1.1364153237264218,13.930531051699395,148.31280889757548,399.17,0.9061000000000001,1.2719844340169286,11.056596083762614,178.3889705138694,609.87,0.00019999999999997797,0.0008536729763936247,0.21960934636180926,11.30764329143606,33.675,0.7193800000000001,1.3209567436517577,17.302632275321347,8.612839419280471,20.977,2.72701,3.8836685053684543,27.492489804299446,4.068038649923884,8.8842,,,
2400,1236,1234,-2,False,intermediate_unlabelled,0.7707682698313554,334,1.18737,148207,0,0,0,1.85549,2.5150233020089745,14.910412498469256,110.76791976640392,324.08,0.50023,0.6779645959059999,4.030129281192948,83.86580971364653,125.17,0.78239,1.060112800140447,6.291301879007393,189.18334644078195,310.6,0.00010000000000021103,0.0007214329143917198,0.17746663563233986,12.572617404282505,32.554,0.2821,0.38264683705048363,2.700836535837849,13.683495826929498,29.268,0.45033999999999996,0.6108962706602377,6.678520692318528,2.8048511161464402,4.8105,,,
2400,1236,1235,-1,False,intermediate_unlabelled,0.7713928794503435,347,1.233585,153927,0,0,0,2.02735,2.5918133294369126,14.461693620083544,111.19115835370128,331.4,0.41159999999999997,0.5261301406010958,2.945314831482893,85.73204862334516,122.48,0.6565899999999999,0.8390941462397418,4.706559434404415,184.8646248271533,272.57,0.00010000000000021103,0.0005471042418050493,0.10218693251668742,12.518708298963638,30.363,0.2450000000000001,0.3134725028277748,2.3047871709031496,13.947790673586063,28.198,2.77718,3.550913517761391,21.109870529822963,3.9677564154086045,7.8526,,,
2400,1236,1236,0,True,intermediate_unlabelled,0.7720174890693317,0,0.0,1190,0,0,0,,,,,,,,,,,,,,,,,,,,,,,,,,,,,,,0.0,0.0,
2400,1236,1237,1,False,intermediate_unlabelled,0.7726420986883198,307,1.091385,136327,0,0,0,1.5996299999999999,2.40614006067679,15.80041465886062,112.86477679683604,321.4,0.59364,0.8927978878385131,5.876293232076903,84.56743321401538,139.97,0.90779,1.3650460557909438,8.96589227023666,196.73439380495867,372.85,9.999999999976694e-05,0.0005399673033374682,0.10626016542701479,13.082304214628392,29.701,0.31420000000000003,0.4727000106558226,3.538118977773059,13.132792449594467,31.981,3.50568,5.274179637785038,36.357630549773134,4.637486592805308,11.947,,,
2400,1236,1238,2,False,intermediate_unlabelled,0.7732667083073079,322,1.14471,142927,0,0,0,1.63529,2.3710037300039932,15.031784916600376,110.45973421369646,317.17,0.52742,0.7646335047486784,4.860943100552896,84.10570700698787,133.63,0.8196899999999999,1.1880321428388718,7.534758881814173,194.2408588533578,345.06,0.00019999999999997797,0.0010242063074512838,0.15247103328628753,13.502434826895314,33.216,0.2922,0.4238827491256074,3.0097722768499624,12.84075745100692,29.841,3.14918,4.56692465070729,30.251068037228052,4.307489666597024,10.726,,,
2100,1205,1203,-2,False,intermediate_unlabelled,0.7528160200250313,342,1.21581,151727,0,0,0,1.80186,2.442370338408148,14.737808427917564,105.0499867524402,302.77,0.6166699999999999,0.836002427556079,5.066934537461679,116.93423116644801,196.43,0.93759,1.2709110890379367,7.745250489719307,116.56975395180771,258.6,0.0,0.0004110653506808301,0.09657361865897379,11.330620994123672,29.344,0.32089999999999996,0.4345733329626356,2.8203380990152858,8.49061808276233,18.379,3.06337,4.153377552474745,27.125701013455224,4.1003400728011465,8.4526,,,
2100,1205,1204,-1,False,intermediate_unlabelled,0.753441802252816,337,1.198035,149527,0,0,0,1.69711,2.360672153852793,14.453669976288879,114.8731847782528,339.82,0.36136999999999997,0.502727769280103,3.0922828823873307,125.89581857454559,175.69,0.58259,0.8103169658434642,5.005969260113991,113.2489737267147,205.83,0.00019999999999997797,0.0008051611202550985,0.15817496362354128,12.319089020717596,32.656,0.22120000000000006,0.30729481254605867,2.1522398709672674,8.102960237210057,18.073,0.9081299999999999,1.2634048863926899,9.259680955726818,3.258722472674976,5.4,,,
2100,1205,1205,0,True,intermediate_unlabelled,0.7540675844806007,156,0.55458,69885,0,0,0,0.002989999999999937,0.01845342533117789,0.9079193035795411,13.789004936015585,15.742,0.0010600000000000054,0.006438466808905574,0.3185980579851117,83.37308304362217,85.627,0.0018000000000000238,0.010765754376257779,0.5014906551609539,114.38310732930667,138.46,9.999999999976694e-05,0.00023366143746644336,0.023556396684204263,3.5853003364638,7.0304,0.00039999999999995595,0.0022805031220631206,0.32114880137085344,2.716762030987039,4.2412,0.0040999999999999925,0.026370453818695523,1.4074921325445804,2.497123599956866,2.8526,0.4720121028744327,0.4720121028744327,0.9845378392696094
2100,1205,1206,1,False,intermediate_unlabelled,0.7546933667083855,322,1.14471,142927,0,0,0,1.66928,2.4157536536508943,15.646942115237628,115.07815865406275,321.8,0.55463,0.8027652815118125,5.214758966098705,120.45816750139872,193.91,0.8563899999999999,1.2393268608525325,8.143415537596526,115.789232705654,253.01,0.0,0.0004865556393723351,0.10015647835020722,12.778357845870385,33.165,0.3017000000000001,0.4362398088549307,2.9886353922711035,8.422813485617887,18.684,3.45377,4.999374954340421,34.11515952306417,4.535560057750691,9.8211,,,
2100,1205,1207,2,False,intermediate_unlabelled,0.7553191489361702,324,1.15182,143807,0,0,0,1.4708299999999999,2.2104201808910253,14.895133361037807,108.9875126168564,305.65,0.5449999999999999,0.8191962186402821,5.536049921851291,120.08226057703163,198.14,0.84339,1.2675725593498455,8.621652013479807,118.31763286177416,249.6,0.00019999999999997797,0.0008691503034582623,0.1831016979565566,12.191975530604521,33.369,0.2984,0.44807645844850885,3.2157985991168956,7.663319455178854,18.035,2.72387,4.094808729313084,28.89837443813874,4.212913998019289,8.9789,,,
2200,1561,1559,-2,False,faulty_evident,0.970130678282514,244,0.86742,108605,0,0,0,2.0000000000020002e-05,0.00016904569053360577,0.05946130521759784,11.235726162169959,16.312,0.37659,1.0053047461509443,15.646475359401721,111.24129831081189,295.28,0.13859999999999983,0.39372100590788733,7.0344880467964,133.73777462034965,391.16,0.0,2.875111255395457e-05,0.013936121348854568,0.6850744379002506,1.1208,0.5152100000000001,1.36190775395458,20.746050041376748,5.0602502319058456,17.576,0.010309999999999986,0.0272126263764771,0.4207229320196866,2.453395338623999,2.5895,,,
2200,1561,1560,-1,False,faulty_evident,0.9707529558182948,243,0.863865,108165,0,0,0,0.0,0.00020970441871004654,0.05515190932362317,10.926721803000413,16.719,0.33657000000000004,0.9028232257527334,14.14979115381971,115.73225944397318,299.51,0.13450000000000006,0.384604514439994,6.95828192384454,144.71662245843353,422.05,0.0,2.9792032420650432e-05,0.013297098416587414,0.9629005565757605,1.2736,0.47106000000000003,1.251814890596392,19.187347013685944,4.470322488300143,13.87,0.009400000000000297,0.025028091191432268,0.3958343927664471,2.1297699578533087,2.3368,,,
2200,1561,1561,0,True,faulty_evident,0.971375233354076,252,0.89586,112125,0,0,0,0.0,0.00017019285401842377,0.0494244828462077,7.22741272113246,12.081,0.23675000000000002,0.58576128384032,8.152568567192109,118.65439601200677,256.88,0.15700000000000003,0.4108408884890228,6.497988922616916,152.59933063388425,382.94,0.0,2.556909600668757e-05,0.009825019959590373,0.6797925694940228,0.96796,0.39372000000000007,0.9649584569521934,13.500839151085591,4.126287632354279,11.157,0.00790000000000024,0.019303030834156396,0.27586757346236956,1.8624103911968746,2.4842,1.0223123732251522,1.022312373225152,1.0208142051042228
2200,1561,1562,1,False,faulty_evident,0.9719975108898568,249,0.885195,110805,0,0,0,0.0,0.00016064573878521457,0.043838615914982594,10.633708729961276,16.881,0.20992,0.5157854236462021,7.009426580836079,118.61464036947294,244.6,0.18111,0.46689835677398767,7.039027260722135,157.93413980131837,366.48,0.0,2.5800755826931967e-05,0.012235774812780608,0.5123504702481045,0.76418,0.39096,0.9451820120246661,12.854095838862106,3.9490161937595416,10.431,0.007800000000000029,0.018888498865047548,0.260014293508667,2.087483290046869,2.8526,,,
2200,1561,1563,2,False,faulty_evident,0.9726197884256378,249,0.885195,110805,0,0,0,2.0000000000020002e-05,0.00014049961627028164,0.03224689664536772,12.641742061405479,18.427,0.22467999999999988,0.5555337035346186,7.634971045677158,118.15052396173624,248.05,0.1665399999999999,0.43413109903680003,6.692684904860703,154.25909686613096,381.85,0.0,2.533011599621143e-05,0.011705803409499383,0.6013207214419288,0.96796,0.3912000000000001,0.9555437234896722,13.046810909213896,3.7045914682305074,11.348,0.00790000000000024,0.019116719456310917,0.273162500463438,2.447699752509228,2.6526,,,
3100,1259,1257,-2,False,intermediate_unlabelled,0.7716390423572744,367,1.304685,162727,0,0,0,1.85549,2.398200677131522,14.169943798607818,105.21955643165697,320.26,0.6749499999999999,1.0219650021477138,13.322320339343834,136.88266903680986,418.94,0.8569399999999999,1.1058485998789085,9.33913766237548,180.8604502472514,581.31,0.00019999999999997797,0.0006417151839371693,0.1356465225839668,11.842333479561944,32.146,0.70422,1.2835533027845554,16.966136981885484,13.086514694651449,29.383,0.4540599999999999,0.5828068315411443,7.089222364469676,2.781278298209331,5.3789,,,
3100,1259,1258,-1,False,intermediate_unlabelled,0.7722529158993248,378,1.34379,167567,0,0,0,2.02735,2.4823872431292227,13.813205122636994,106.65967249666586,324.49,0.59017,0.8934732528225449,11.792317766457755,136.56460784427355,414.35,0.7427299999999999,0.9253512080606967,8.571084029838952,183.07061306168077,605.06,0.00019999999999997797,0.0007370317599161324,0.17954124710015185,11.785387729719522,31.79,0.6526100000000001,1.2122553738406294,16.045323635816402,13.362094646790286,28.657,2.77805,3.40141024612068,20.247188903067066,3.8130100076709317,7.9684,,,
3100,1259,1259,0,True,intermediate_unlabelled,0.7728667894413751,314,1.11627,139407,0,0,0,1.76113,2.327171248888466,13.251354354806917,81.6386616354139,244.23,1.093519,1.4947572609720732,16.325794896844393,104.0027561986999,215.63,1.2119,1.580219088888727,6.097611423632873,170.66286319782338,324.73,0.0,0.0003552285536115253,0.09352801998602543,9.205669926433515,21.142,0.40077000000000007,1.017407020632667,12.559084548085611,9.134105462652359,19.601,2.53055,3.342255931897786,19.74737238530994,3.888282036210982,8.4421,0.8614540466392319,0.861454046639232,0.9378856624445485
3100,1259,1260,1,False,intermediate_unlabelled,0.7734806629834254,362,1.28691,160527,0,0,0,1.59964,2.2137618408878215,14.497790522640413,103.578129672094,320.05,0.7639400000000001,1.1647423836084552,14.954192637768037,135.7029052110632,404.91,0.98346,1.3314797954647044,10.003409475066055,173.62061622908467,548.41,0.00019999999999997797,0.0009555413659132281,0.27962852702148333,12.00913218644021,33.726,0.7575099999999999,1.3377560720995285,16.832061923705844,12.346873756127831,32.325,3.50756,4.853042796196572,33.10040055532895,4.30310024757211,11.368,,,
3100,1259,1261,2,False,intermediate_unlabelled,0.7740945365254758,355,1.262025,157447,0,0,0,1.63529,2.2568996480925123,14.261798265051755,104.91994242887462,311.23,0.6981999999999999,1.092290639971687,14.17682541005851,138.41033292589046,409.91,0.88926,1.2179680157515007,10.129137218440217,183.55338720333089,600.1,0.00010000000000021103,0.0005164417542724282,0.11325170338998171,11.89718727765276,30.363,0.7182400000000001,1.3282037181412432,17.457058574270963,12.328834238197752,29.459,3.1506499999999997,4.347445372009757,29.026020532694805,4.117515100769183,10.137,,,
