operation_code,cycle_index,from_alert,to_alert,health_index,if_threshold_ratio,benchmark_health_region
1050,420,NORMAL,WATCH,56.56655939193276,1.00394141182515,intermediate_unlabelled
1050,1000,WATCH,CRITICAL,49.23472840194791,1.0852299534922198,intermediate_unlabelled
1051,170,NORMAL,WATCH,64.03440806099441,1.0705703096918875,intermediate_unlabelled
1051,1000,WATCH,CRITICAL,49.81006722368092,1.139644109999865,intermediate_unlabelled
1052,670,NORMAL,WATCH,63.84518790365457,0.9787261049179572,intermediate_unlabelled
1052,1000,WATCH,CRITICAL,62.991669770946594,1.0458326359374313,intermediate_unlabelled
1053,720,NORMAL,WATCH,57.59173246319271,1.0990415072027422,intermediate_unlabelled
1053,950,WATCH,CRITICAL,53.9862942110248,1.0946056682770064,intermediate_unlabelled
1100,1520,NORMAL,WATCH,62.74766197499942,1.0724891862542365,intermediate_unlabelled
1101,1020,NORMAL,WATCH,56.11972430015925,0.9858885025985604,intermediate_unlabelled
1101,1250,WATCH,CRITICAL,44.518919434790384,1.0787008368819169,intermediate_unlabelled
1102,1520,NORMAL,WATCH,62.23035537276348,1.0507946245251163,intermediate_unlabelled
1103,1520,NORMAL,WATCH,68.06247628373644,1.0697634253693358,intermediate_unlabelled
2500,1050,NORMAL,WARNING,47.04062425699541,0.8985793370125037,intermediate_unlabelled
