operation_code,sequence_bin,cycles,median_sequence_position,median_q_range_z,median_dq_rms_z,median_ddq_rms_z,median_tau_abs_z,median_tau_rms_z,median_tau_peak_z,median_tau_std_z
1050,1,104,0.02497575169738115,-1.4449370073717853,-3.316667942759216,-1.8135363551660788,0.93440021808634,-0.2870213656550821,-2.834756687611705,-5.206683467297044
1050,2,103,0.0751697381183317,-2.5267389296066987,-4.5318713172256615,-2.3893415105217444,0.7539127027174,-1.1711972694898003,-5.879081759451934,-8.595374971629372
1050,3,102,0.1248787584869059,-2.572435665175165,-4.681696465132746,-2.5140597717754014,0.26336218990029336,-1.7037318238978787,-6.602444300271415,-8.721263069845453
1050,4,102,0.17531522793404458,-2.7371256405539084,-4.98583452921864,-2.654685795500291,0.2943471826324137,-1.7179871578933543,-6.612254918202618,-8.995251632558144
1050,5,103,0.2250242483026188,-2.560744546209573,-4.405105216028637,-2.608507373875421,-0.4736834724955217,-2.383900721824852,-6.525446266831947,-8.22597861455758
1050,6,103,0.2749757516973812,-2.408698852878426,-4.511455263629509,-2.569375497474884,-0.5694274313041056,-2.5270214563681472,-6.381854753705438,-8.678025316136125
1050,7,103,0.3249272550921435,-0.6752047971351253,-3.510026681245991,-2.5633962395547627,-0.8098477843659467,-2.6266038633061997,-6.376829058998633,-8.40055387281794
1050,8,102,0.375121241513094,-0.5105095786785746,-3.9504832908450895,-2.7250535926750237,-0.7658393759121382,-2.5517131269643025,-6.1063838326751245,-8.582221427338633
1050,9,103,0.4248302618816683,-1.2149014528282247,-4.28478618654012,-2.9873747878517665,-0.37326104534519755,-2.2564709897274824,-6.503348943874415,-8.870294714499208
1050,10,104,0.4750242483026188,-2.1606942069308817,-5.434172013059207,-3.4376934061792186,0.07272942636731919,-2.32972266463352,-7.080500890534283,-10.959351505032078
1050,11,103,0.5252182347235693,-2.014571670261969,-6.333773417497317,-3.7634753524200804,0.21959561769536437,-2.412919276677953,-7.598997902925224,-12.299215709415865
1050,12,103,0.5751697381183317,-1.2564137515712754,-5.522662076107868,-3.657733972797034,-0.11860765590016722,-2.627402625844944,-7.866466156296268,-11.422081218953545
1050,13,103,0.6251212415130941,-2.233215204687495,-6.219627488189138,-3.8443667031943414,0.2768735223585395,-2.4809646443499203,-7.863153776611403,-13.030345492104559
1050,14,103,0.6750727449078564,-2.2434776876534364,-6.839370642824325,-4.0114613831559875,0.06887301863485697,-2.7581530050637135,-8.042986521641353,-13.789976350478883
1050,15,103,0.7250242483026188,-2.515198845470635,-7.228416093303125,-4.1290557511623085,0.37757144207910653,-2.861530885639591,-8.258699043835103,-15.211527777103655
1050,16,103,0.7749757516973812,-1.5604157017420588,-7.372776539335256,-4.492615044645256,0.29283613393351815,-2.8735824606636586,-8.295162776043101,-14.486459599537516
1050,17,103,0.8249272550921436,-1.9387023232009126,-8.144209796626315,-4.730364398751907,0.9793789501979314,-2.142401472370657,-6.348181965638484,-14.888941303718896
1050,18,103,0.8748787584869059,-2.2544272883392367,-8.10563197628494,-4.626423559465767,0.980989175992735,-1.970215117821255,-5.610479920248405,-14.082306163073428
1050,19,103,0.9248302618816684,-2.4776975012218005,-8.17482786229362,-4.368470186987919,1.1884848821196186,-1.7258348906305137,-4.768024778998799,-13.866755586173507
1050,20,104,0.9750242483026189,8.940980097150709,-74.76959175333369,-4.231683288062246,1.1862741246985617,1.2481389824796563,16.54295416106431,4.513294434581976
1051,1,104,0.02499999999999995,0.2971671466882758,-2.4820046675559717,-1.1310918302504023,-0.473985918838989,-1.933220986157027,-2.735780423199359,-3.633551405563631
1051,2,102,0.07548543689320385,0.6265278269607217,-3.5026154435542667,-1.4128794366294062,-1.1945001123136119,-4.41405356998218,-6.241181392644277,-6.408040894516731
1051,3,103,0.1252427184466019,0.6996633440404891,-3.379230327389875,-1.1286912314937605,-1.9100045761168016,-5.130032872609946,-7.158813176279851,-6.35831446297192
1051,4,103,0.1752427184466019,0.9708375438459802,-3.799512820456148,-1.061541025349706,-1.6251759164634627,-4.945391683233512,-6.69646212152976,-6.517834471811221
1051,5,103,0.2252427184466019,1.020265407024654,-3.369439695622545,-0.9117476723422604,-2.866264954333259,-5.895414352266211,-6.470476710991998,-5.946525526413669
1051,6,103,0.2752427184466019,1.3000806241268794,-3.283432593219796,-0.6779071655621003,-3.025443980780037,-6.1099040797847906,-5.72449111431092,-6.4300647289600885
1051,7,103,0.3252427184466019,1.3509735725921157,-2.531859080501092,-0.8629553230134287,-4.085769420899404,-7.270034963284561,-5.725084836868112,-6.592420157452431
1051,8,103,0.3752427184466019,1.3511860946032217,-3.0188505207470873,-1.1081599679939396,-3.8544789805005233,-6.782711634033767,-5.517043741050588,-6.901526604843278
1051,9,103,0.4252427184466019,1.3915313235913465,-2.9298345879998693,-1.3619762986434227,-3.4553265338130434,-6.269272887395968,-6.097422673788749,-7.0404681714184605
1051,10,103,0.4752427184466019,1.310019324035581,-3.921063198785555,-1.9399141492428136,-3.6132693777815654,-7.736815206387768,-6.91445248815046,-8.754132837154335
1051,11,103,0.525242718446602,1.096741198267609,-4.436913171375572,-2.541025021387378,-4.03067232573498,-8.631754417272884,-7.802060634407462,-9.833962691780673
1051,12,103,0.5752427184466019,1.1466430148896998,-3.7028138856441055,-2.411904739135437,-5.157491760707657,-9.473816189842271,-7.8858685455505535,-9.309274650934249
1051,13,103,0.625242718446602,1.193089729181125,-4.527308454165796,-2.4957835299490885,-4.767018897443535,-9.62498644905526,-7.878690860273886,-10.466125634069877
1051,14,103,0.675242718446602,1.4251275858500048,-4.784670171438823,-2.520400234781626,-5.604633194687384,-10.959718081064109,-8.131033342696753,-11.176673037270595
1051,15,103,0.7252427184466019,1.4670808851934831,-5.0139139367693835,-2.1895619912287945,-5.322725194491592,-11.675508853823441,-8.695712325304045,-12.385964883100078
1051,16,103,0.775242718446602,1.3499390603596044,-5.684431138237063,-3.0852017691561957,-5.833794007097983,-11.807573682959337,-8.456169890655936,-11.882963828860795
1051,17,103,0.8252427184466019,1.2855516321490708,-6.589576000795474,-3.449089124481738,-4.440373551575659,-10.308171861435893,-6.916332740396658,-11.943035600374175
1051,18,103,0.875242718446602,1.2488449195855622,-6.7556686815348685,-3.5167276290789147,-3.513034237608403,-9.2016602749713,-5.848366595177544,-11.365685370165194
1051,19,103,0.925242718446602,1.2376303869107568,-7.238982096183634,-3.493524256857463,-3.074757198681658,-8.603309988171938,-5.476911574768503,-11.015189142030826
1051,20,103,0.975242718446602,1.2506237122319643,-50.07371902663912,-3.718063226850144,2.370430394843332,6.655557893577909,14.117041163292937,4.368187234046504
1052,1,103,0.0248416950803701,-0.7657469725000918,-1.92070277060859,-2.1192823405470156,-0.19042441440512486,-1.4082195442610013,-3.133326171562412,-3.7877939721050202
1052,2,103,0.0750121773015099,-2.1011708088283254,-3.113085029991194,-3.3078550329372987,-0.9227451588826874,-3.0158537842889457,-6.12789656442734,-6.746192948518024
1052,3,102,0.12493911349245004,-2.046115018006864,-3.3768108557739414,-3.9538377650450416,-1.2794232609619742,-3.3153737107953516,-6.243267050117026,-6.881693795105976
1052,4,103,0.1748660496833901,-2.266992780263977,-3.8345905013415718,-4.552117747901765,-0.7305244696454757,-3.0185673866333618,-7.318901101773652,-7.124202717737116
1052,5,103,0.2250365319045299,-1.7734782459172962,-3.415771874006686,-4.6542870828796685,-1.8202837256011128,-3.676539285865767,-8.25507518734434,-6.726653686941541
1052,6,102,0.27496346809547,-2.0436436601329406,-3.446763762217788,-4.293059326726522,-1.8244975124628375,-3.8821992353897086,-8.926555248317182,-7.194825697013616
1052,7,103,0.3248904042864101,-1.5778006831896991,-2.8687137282091157,-3.621932588818345,-3.656685532156522,-4.914543024054648,-9.127158392229902,-7.182444358597506
1052,8,103,0.3750608865075499,-1.7517532055704237,-3.1223516502490414,-3.6019403501063314,-3.3180750378808077,-4.5752347126195705,-9.033130314220536,-7.46560409865655
1052,9,102,0.42498782269849,-1.7935831807027818,-3.187299325159317,-3.8101206332437947,-3.0373931870689894,-4.431597086038932,-9.04973355243959,-7.616327485983627
1052,10,103,0.4749147588894301,-2.4668301547023113,-3.8793549499343865,-3.980018127356831,-3.039138165301103,-5.088926764910876,-9.784723086342206,-9.14458723483164
1052,11,103,0.5250852411105699,-2.8598642811427073,-4.101001604159665,-4.326631464536596,-3.545634108051126,-5.704625536450338,-10.243280860193863,-10.148805754880176
1052,12,102,0.57501217730151,-2.212761606281694,-4.06561415699294,-4.17141849648956,-4.420957175987534,-6.175322970504151,-10.205217501753634,-9.87716951774475
1052,13,103,0.6249391134924501,-2.5388779616025943,-4.81442711916518,-4.176874111371367,-4.194400891350753,-6.135761490828378,-10.820272188347326,-10.749803636178832
1052,14,103,0.6751095957135899,-2.614876668501751,-5.222537932685771,-4.224522491024482,-4.739886043532173,-6.8331333668720395,-11.857278764181927,-11.538109068059555
1052,15,101,0.7247929858743303,-3.0492838444911867,-5.388030585425018,-4.110869132390268,-4.7335083928757795,-7.2885281016803685,-11.713095292397647,-12.3057385416208
1052,16,103,0.77496346809547,-2.210684562176531,-5.564058710266194,-4.588751495923896,-5.21095640230379,-7.409387420154343,-12.360776423050698,-11.907563397566781
1052,17,103,0.8251339503166099,-1.7744273168324873,-6.118805934154496,-4.575629586873835,-3.5906924972949827,-6.290273899641749,-12.944365091165677,-12.002955927249213
1052,18,102,0.87506088650755,-1.9994950236733562,-6.15493521475928,-4.268538392076811,-2.4968708032007507,-5.367702665249366,-12.206984817484004,-11.418061505445106
1052,19,103,0.92498782269849,-2.3086739888395513,-6.170208454660786,-3.866902461092648,-2.0170765722404997,-5.043649048390215,-11.612493496022157,-11.095842435127263
1052,20,103,0.9751583049196298,1.8700250425505993,-58.497256243263244,8.328393417046078,6.230191433920897,8.627031863326428,25.5078403636012,13.204761866657279
1053,1,103,0.0248416950803701,-0.8497175665714564,-3.852277853092913,-3.5654126965483015,0.40325252112443805,-0.09169899175731935,-2.269775984750272,-2.7715583459991975
1053,2,103,0.0750121773015099,-1.5174590762235107,-4.868346125436169,-4.132619214948029,0.3371677768373659,-0.9316606460470624,-4.865148019321048,-4.901428715675014
1053,3,102,0.12493911349245004,-1.4903149687924446,-4.934409102085713,-4.2194022510707505,0.2166191094435272,-1.0302741594134632,-5.494723065580749,-4.884314434238894
1053,4,103,0.1748660496833901,-1.4934387327667695,-5.525620116305979,-4.323503063415288,0.47118088652681706,-0.773887243396136,-5.396423443899156,-4.894811085782089
1053,5,103,0.2250365319045299,-0.8707362566727694,-4.423595213306231,-3.960481128135778,0.014063560978675085,-1.1385892283958439,-5.592454339889255,-4.533836966482659
1053,6,102,0.27496346809547,-0.6444463311613619,-4.3387853833763526,-3.72270823838973,-0.026673835083633725,-1.3123838069040974,-5.201231468447412,-4.947449126905715
1053,7,103,0.3248904042864101,-0.4386348513809956,-3.4247888473555363,-4.228403472658719,-0.8950402674687225,-2.1936131627619506,-5.051672226325076,-4.999334862775915
1053,8,103,0.3750608865075499,-0.4712501009175843,-4.0482412102911,-4.266289020666052,-0.5899057652009334,-1.828512503522946,-4.845646633195261,-5.253060684559169
1053,9,102,0.42498782269849,0.13321606359965255,-4.299344562915867,-4.713824429522038,-0.47634052001007476,-1.5843558845656562,-5.20003391667585,-5.278024055440122
1053,10,103,0.4749147588894301,-0.4731778511641201,-4.9775465974105835,-4.8301628620319565,-0.6660384835702274,-2.2938676348312224,-5.918448020773414,-6.546179442760337
1053,11,103,0.5250852411105699,-0.5860508088549685,-6.086396894981916,-6.1351439760191875,-0.9630931920731044,-2.870555251570751,-6.467856178032023,-7.38375772933895
1053,12,102,0.57501217730151,-0.47543829350936717,-5.143680071750007,-5.262664488457136,-1.408955204756168,-3.176598551052899,-6.441594915961583,-7.133430029774523
1053,13,103,0.6249391134924501,-0.5763705157350167,-5.759909225029796,-5.486327566732255,-1.396588728285149,-3.386926608636174,-6.387845119887762,-7.988364325516738
1053,14,103,0.6751095957135899,-0.8326567280967988,-6.517549725526396,-6.318211167824115,-1.7570058049541624,-3.9819977060588276,-6.507928898753046,-8.5993313901324
1053,15,101,0.7247929858743303,-0.6738622795130451,-6.763844652324215,-6.0328627368441134,-1.8623953125529282,-4.510364943352339,-7.09256431603477,-9.584376707498942
1053,16,103,0.77496346809547,-0.6794957770407878,-7.855522175670516,-7.482151586941075,-1.963674674599645,-4.489561535819593,-6.53135309281105,-9.078116738327873
1053,17,103,0.8251339503166099,-0.6744174630738907,-8.359654776862662,-7.543080009490258,-1.3076458758329257,-3.7783440522784577,-5.563616972502159,-9.21907395889125
1053,18,102,0.87506088650755,-1.3935348663390508,-8.571680823440602,-7.763073938869413,-0.7654005196168411,-3.070162317564808,-4.48013073459143,-8.70100738539631
1053,19,103,0.92498782269849,-1.3971152674394784,-8.979831768036014,-7.823557098446825,-0.5440563894604159,-2.73812031889332,-4.081440442223832,-8.45366249360881
1053,20,103,0.9751583049196298,-1.0660692447528883,-77.22448549652472,-7.7100365805778575,4.401041000154401,6.6101906583259895,14.717521532783191,4.591964396697889
1100,1,96,0.02461139896373055,-1.8907474840086915,-1.6760241069537902,0.4718485436739909,-0.2536154564001206,-1.6319879302590379,-1.3762936967498118,-2.8693963071737185
1100,2,97,0.0751295336787564,-2.871830940392146,-2.0929858185320747,0.7460500320405516,-0.5099752540668611,-2.991149945657594,-3.80388830504524,-5.003969563909624
1100,3,96,0.12512953367875645,-2.8254929316729527,-2.1358197655020974,0.5399464216621481,-1.4380309163105924,-3.5755310487295673,-4.1642880593345595,-5.432674579746301
1100,4,97,0.1751295336787564,-2.7988786729250936,-1.954337231628681,1.1692788784258226,-1.3258142634386492,-3.6374533539383562,-4.383809418560485,-5.5410236387103815
1100,5,96,0.22512953367875643,-2.0269535156431866,-1.7992941698164178,-0.11755871834547554,-2.864070848190586,-4.3767998471087655,-4.037078782085672,-5.272522900365928
1100,6,97,0.2751295336787565,-1.501912127738732,-1.83185408570825,0.08982307419892971,-2.691921997884788,-4.379641115033591,-4.326580197894636,-5.4216880449178575
1100,7,96,0.3251295336787564,0.6628787247542054,-2.150987519297652,-0.6290321797914733,-3.636717716018193,-4.762586143244382,-4.537725242102011,-5.76911740197872
1100,8,97,0.3751295336787564,0.4822766951990274,-2.6363518223542965,-1.142338394714504,-3.5905168962461658,-4.888520586785834,-4.554078908376509,-5.662563860093322
1100,9,96,0.42512953367875644,0.7207331708264464,-3.1748275748104877,-1.4812612039699904,-2.976052607546146,-4.565532922269782,-4.7272251233555185,-6.034375016425104
1100,10,97,0.4751295336787565,-0.09729176853442954,-3.5837629255711003,-0.8343025365760851,-1.9203679026253728,-4.424583859197625,-4.955807314706662,-6.784472691229669
1100,11,96,0.5251295336787565,-1.702464211883861,-3.4663772406931743,-0.6967173468469265,-1.353878042760286,-4.304612269674564,-5.1470926420552825,-7.173125229311832
1100,12,97,0.5751295336787565,0.3510388038528641,-4.418151388075724,-2.0851679238435357,-2.39610416735067,-4.981337609659542,-5.488390723210549,-7.506676377918447
1100,13,96,0.6251295336787566,0.009677773620329743,-4.030555334037109,-1.4826066124473027,-1.747271675277426,-4.609101689498875,-5.497370749588905,-7.264795091395153
1100,14,97,0.6751295336787565,0.0839138926611421,-4.493583429396729,-1.9007398614856403,-1.5966519129503054,-4.8885222620638284,-5.799153847284079,-7.737283179874689
1100,15,96,0.7251295336787564,-0.20922944277652586,-4.112672869910442,0.02875077718075524,-0.7357494369153419,-4.400312851311586,-5.8966377712297104,-7.666406050074293
1100,16,97,0.7751295336787565,-0.8559089390040594,-3.978789045284692,0.14107492705411556,-0.6895199351410809,-4.222812446548678,-5.73019007398886,-7.395151094921034
1100,17,96,0.8251295336787565,0.6680840878573167,-3.0391000644981205,2.79916935360225,0.3321695243377671,-3.220419907688161,-5.8179155557972475,-6.4435827351520825
1100,18,97,0.8751295336787565,0.9029797551989287,-1.9630679797363269,4.4760845513209455,0.6633209653580957,-2.624263346297719,-5.393466181090242,-5.481012470458982
1100,19,96,0.9251295336787565,0.6436119986695179,-1.9242410820237605,5.039660902080949,1.1450550061538602,-2.3988368999255827,-5.10672582605155,-5.188872209069865
1100,20,97,0.9751295336787564,2.5019985577074135,-80.62157146858837,4.156737207291212,1.7039884305427877,3.213343250187341,13.289992194301322,6.822205429630566
1101,1,97,0.0248833592534992,-0.6673272393571181,-0.9830780302905362,0.7321954054996233,-0.8225884323146747,-1.3687797213151034,-1.5326420169752415,-3.4643291348330005
1101,2,96,0.07490927941938826,0.04295180188285537,-0.7836720219311725,1.3999294902426906,-1.7101946782765618,-2.6136539279945543,-3.9702943828787376,-6.027085184521896
1101,3,97,0.1249351995852773,0.06948556838483236,-0.6372934052339337,1.239070905014542,-1.939775095283016,-2.766308407535135,-4.191074882741451,-6.058182053036768
1101,4,96,0.17496111975116635,-0.6687696118562805,-0.25105079662720003,1.4835687103609467,-1.7111490962302809,-2.6156699747309187,-4.363227797064339,-5.972894882427088
1101,5,97,0.2249870399170554,0.10151844822741031,-0.6622082050836415,0.8454455013781039,-1.9316560346657166,-2.7245539314792517,-4.06639034236672,-5.6747471566887855
1101,6,96,0.2750129600829445,-0.6591657687644619,-0.3711043219746406,0.9952931606758537,-2.201198979991476,-2.933193204598318,-4.202346540692657,-6.003567297584473
1101,7,97,0.3250388802488336,0.31364906755804484,-1.1152866986816308,0.5965706342413556,-2.558348308475951,-3.4809350997024846,-4.643327989747047,-6.6905626555310675
1101,8,96,0.3750648004147226,-0.5899567311430758,-1.8194130434523976,0.7135955468719256,-2.4735632904223968,-3.235579207515558,-4.621400381294294,-6.334362817942706
1101,9,96,0.42483151892172105,-0.5899093946912733,-1.8213809694592324,0.6342387313379627,-2.399047587645274,-3.2027752453275573,-4.918242162946864,-6.815871722523024
1101,10,96,0.47511664074650073,-0.6055661559035939,-1.482378625412001,1.0411426737139187,-2.6063231324615734,-3.70013004812112,-5.187476735383633,-7.933352846217018
1101,11,96,0.5248833592534992,-0.6367852264436862,-0.5345167958315833,1.5100364829149107,-2.799603272526416,-3.9911364535578597,-5.509547327190637,-8.309290380320506
1101,12,97,0.5749092794193883,0.448989146310909,-1.413492606038158,0.9283463957201573,-3.3663420493490657,-4.649296144304668,-5.555800470805131,-8.800365496119852
1101,13,96,0.6249351995852773,-0.41207699019359645,-1.3327485562006889,1.3492390792930231,-3.19529766218065,-4.4635596909035815,-5.586292289452347,-8.621327742901073
1101,14,97,0.6749611197511665,-0.617238311066263,-1.2701550955735783,1.4687101311124728,-3.635525338845036,-5.036111072618758,-5.801879383703538,-9.414232716458576
1101,15,95,0.7247278382581649,-0.5076628600559953,-0.2981484375622281,2.007939273865303,-3.443786063727202,-4.803389722805702,-5.944522725056465,-9.329585588414153
1101,16,97,0.7750129600829445,0.027228832400300974,-0.20715190151980475,2.0348802319746495,-3.3470364869616063,-4.804897234692161,-5.874648572583581,-9.445993283173229
1101,17,96,0.8250388802488335,0.2060140790673025,0.6699425336347176,2.995992785427302,-2.8030298823417774,-3.9668103771162784,-5.987842604278967,-8.277420949462332
1101,18,97,0.8750648004147227,0.5225944180428477,0.8853588655947597,3.1560518712282004,-2.005141416082724,-2.9711940304649915,-5.580200941189107,-7.089555809252214
1101,19,96,0.9250907205806118,1.3681945881883597,0.9252873112707561,3.1645131370666135,-1.7961781463155417,-2.687301049668336,-5.125902076913528,-6.680491614403147
1101,20,97,0.9751166407465008,2.9439156270685047,-7.3699681494497975,3.662009403554879,2.5693372333914293,4.957334279663878,13.705096874825063,4.664478041254591
1102,1,97,0.0248962655601659,-3.2334146002745623,-1.1283210371988777,-0.17448286432090163,-0.36849265977685913,-1.2133483287586415,-2.851107239983371,-3.539471476272415
1102,2,96,0.07494813278008294,-5.731562803679612,-1.3744712715261773,-0.13408252445979454,-1.1841956611688127,-2.6674891367404685,-4.668441068686841,-6.008006694302172
1102,3,97,0.125,-3.3487992641611384,-1.2758717075322652,-0.15159410814664812,-1.4221156864938884,-2.8897677536929227,-5.191204914557433,-6.153649810126332
1102,4,96,0.17505186721991695,-4.554758209755732,-1.3056497275134054,-0.205526941546554,-1.0176365031583545,-2.6370285559633073,-5.577347637535761,-6.232372626883745
1102,5,97,0.225103734439834,-2.898120465894657,-1.4494950758330525,-0.6230703295073455,-1.2095150346617443,-2.870662924855365,-5.889512721443329,-6.244482284250845
1102,6,96,0.27515560165975106,-4.669016731173386,-1.5668868238229763,-0.6954297099005249,-1.5997421531124152,-3.066081025410096,-6.264485525836899,-6.423023229564269
1102,7,96,0.32494813278008294,-1.4624701444591959,-2.1227657737199666,-1.3578829574722895,-2.5791651370427013,-3.798534831236668,-6.250578285611494,-7.069268649811601
1102,8,97,0.375,-1.126513769903457,-2.391610112130359,-1.3341086096554238,-2.327194614839503,-3.560862749606239,-6.03203149801104,-6.953354092130735
1102,9,96,0.42505186721991695,-1.4265785069655057,-2.4659918573224298,-1.2205488760155476,-2.084517194373741,-3.472612362778138,-5.796844081941568,-7.208743272926234
1102,10,97,0.475103734439834,-3.275413392604307,-2.491367271263425,-1.062442279687475,-1.8769041678594425,-3.557667275315066,-6.232492359690299,-7.911782470940935
1102,11,96,0.5251556016597511,-5.139158205737543,-2.1621479183123076,-0.6363525052707136,-1.9293049787347905,-3.731304185812644,-6.00015464963618,-8.042085666433888
1102,12,96,0.5749481327800829,-2.717462955103459,-2.955223786933848,-1.5682002116244576,-3.0639084278609316,-4.63442661174458,-6.4587224894525885,-8.87460131456496
1102,13,97,0.625,-4.305318376755177,-2.6317885797994114,-1.12858647829131,-2.6101297756399924,-4.171911615387688,-6.3027128913227966,-8.475558970692077
1102,14,96,0.6750518672199171,-3.850037504891684,-2.763224049601413,-1.2578159997197333,-3.0747831554873946,-4.738184365237028,-6.628013210928211,-9.10697880792092
1102,15,96,0.7248443983402489,-4.315207288282545,-2.2743397670957863,-0.6356988100657064,-2.46385331290947,-4.232534633165968,-6.412760192428969,-8.520252414667738
1102,16,96,0.7751556016597511,-3.83591707241325,-2.367848833782979,-0.5938104038476548,-2.437315977114782,-4.27813118692653,-6.219828805996219,-8.852034383278973
1102,17,96,0.8249481327800829,-2.9244104667453983,-2.0261779689678496,-0.00022458960084675026,-1.3348135801343617,-3.080989340288384,-5.735809795453266,-7.581231068468867
1102,18,97,0.875,-2.633192352564193,-1.8387234054198767,0.15384266663905447,-0.4522685032735541,-2.277605998702766,-5.083766120735122,-6.590301689261362
1102,19,96,0.9250518672199171,-3.52198406056398,-1.5277719366716305,0.44358856321476914,-0.17797355469984683,-1.942998147346111,-4.845707622736221,-6.11541537745599
1102,20,97,0.975103734439834,-3.8169151423376095,-13.866874417903906,0.9768589363878203,5.70458467168966,7.789260258624143,15.339834133472989,9.387360067335386
1103,1,97,0.0248962655601659,-1.7498102237727535,-0.8658447768459879,1.327748113624123,-0.09834259783611016,-0.527021918681494,-2.002545282912457,-2.3354512190212056
1103,2,96,0.07494813278008294,-4.673441918272571,-1.0454777855437085,2.039616776339842,-0.35523053520348513,-1.1620293292352835,-5.301361498690859,-4.0038438223506905
1103,3,97,0.125,-4.618530628293767,-1.1184035124919436,1.7279855748822994,-0.40127121292566337,-1.249278286150439,-5.786019783924056,-4.074879725292535
1103,4,96,0.17505186721991695,-4.713389321405367,-0.9245498480716832,2.171238157909281,-0.044170634636803874,-0.819912643892978,-5.975653533371982,-3.84337232738171
1103,5,97,0.225103734439834,-4.268885700163529,-1.1896607630384557,0.9553104971158916,-0.1029272968665026,-0.8008233465464022,-5.667881120874882,-3.8060029619180344
1103,6,96,0.27515560165975106,-1.469000847076562,-1.1689179572883286,1.0087199001198128,-0.3015321244250321,-1.0659783171681143,-6.143588657934023,-3.818465835509436
1103,7,96,0.32494813278008294,-0.9575496796671618,-1.331688974758766,0.6378415933245349,-0.8895631920797914,-1.6938569271168826,-6.698594908023458,-4.254708479165752
1103,8,97,0.375,-4.403282319752126,-1.4873912252002282,0.6860523184800688,-0.552205369599748,-1.3467961791652052,-6.545044059570543,-4.116499791434682
1103,9,96,0.42505186721991695,-3.9766989706578157,-1.3951675078326153,0.9110865439245354,-0.37715933230820525,-1.2041142289088413,-6.834105618651199,-4.299463207156785
1103,10,97,0.475103734439834,-4.116425382164479,-1.265372891824353,1.5789787293118662,-0.5294944106373133,-1.4651128456400315,-7.232661193674231,-4.923444268911588
1103,11,96,0.5251556016597511,-4.434597049918887,-1.1073651306162937,2.3847907358324383,-0.7913133813786438,-1.8518534252534153,-7.768811025141044,-5.370897507661089
1103,12,96,0.5749481327800829,-3.9036393533774296,-1.6234945826234912,0.7866900388652112,-1.285107834488429,-2.364098168133472,-7.924536248523457,-5.812647642758586
1103,13,97,0.625,-4.129302040468705,-1.5821241593321438,1.5760503359020517,-1.1332634554145846,-2.207705393566279,-7.862845898676179,-5.682494261414894
1103,14,96,0.6750518672199171,-4.269375410160059,-1.8108572085978367,1.726049775182977,-1.486865078448431,-2.7033683597833447,-8.185248291775844,-6.305616372151137
1103,15,96,0.7248443983402489,-4.2767465550879376,-1.4096624837206266,2.7654045652431627,-1.4765521238031991,-2.6845516230531876,-8.150053514931564,-6.21518672980555
1103,16,96,0.7751556016597511,-4.24962355019438,-1.5364243465364684,2.77565979130057,-1.7134021824446313,-2.9454017892970414,-8.236698477537544,-6.286538754278048
1103,17,96,0.8249481327800829,-3.4019427502846566,-0.9304567103839896,4.65715906106246,-1.1019991260095132,-2.1236619186068664,-8.337995885256547,-5.536883795208686
1103,18,97,0.875,-2.978050494046354,-0.6251689698250749,5.409997976956797,-0.3456846507559005,-1.202096312176755,-7.838269101716406,-4.622061358304271
1103,19,96,0.9250518672199171,0.4840327362989397,-0.5597659567935859,5.863920114100946,-0.3339407493900911,-1.1180677486997053,-7.382093697232003,-4.323135564064275
1103,20,97,0.975103734439834,0.9366492597469569,-29.91128828055335,5.7359158409186355,3.1412932845898722,4.992244276215935,17.31465890061552,5.1622943738279226
2000,1,81,0.0249376558603491,-1.0437528456269747,-1.82026823671512,-3.3422537143951154,-0.26417394989177195,-0.8886651433783493,-2.9692337385827026,-0.5578634869611926
2000,2,80,0.0751246882793017,-0.5760470588430595,-2.7062200178423272,-5.493321970086754,-1.737668974152998,-3.137366859317816,-6.94719095380338,-1.6106156827202034
2000,3,80,0.12499999999999994,0.20429010966594768,-3.295426847267401,-6.642727387195828,-2.0112843346689444,-3.4403349956880094,-7.641045682790403,-2.0584145575964916
2000,4,80,0.17487531172069826,0.33269284205547534,-3.5231844945207094,-6.602965744955823,-0.8682954288242186,-2.575719720026629,-7.588940770602758,-1.5778162033891703
2000,5,81,0.2250623441396508,0.7467289557559227,-5.138359132007012,-10.64226899535061,-1.988591493767695,-3.6489535915969324,-8.07699702601112,-2.5476948539519353
2000,6,80,0.27524937655860343,1.9069280134506184,-5.365353105835684,-11.104053538698192,-2.7198992363332746,-4.319765183327936,-8.274640602887132,-2.744939420426741
2000,7,80,0.32512468827930174,0.38845622595094487,-4.570683930380483,-9.620482010096712,-4.3323185719994735,-5.641578309056481,-7.747351974144918,-2.536374096726112
2000,8,80,0.37499999999999994,0.3608007775498886,-4.1021289507158,-9.14576731752059,-4.321843967808237,-5.639065204728185,-7.84816403454405,-3.057936370012377
2000,9,80,0.42487531172069826,0.32315937740614564,-3.796401608717434,-8.32820620360327,-4.446439979021381,-5.868176584390913,-7.752500122704104,-2.3786221845130084
2000,10,81,0.4750623441396508,0.3440578121294011,-4.494536589501115,-9.506160359233435,-4.435310001866724,-5.797369605981623,-8.477840266245645,-2.0399170703098326
2000,11,80,0.5252493765586035,1.6371209492224577,-4.951933696038722,-10.007437907500188,-5.134308173887746,-6.547513838267941,-9.242061842252387,-1.8108479258008052
2000,12,80,0.5751246882793017,1.7073056421116313,-4.887080779706327,-10.484309534919419,-6.005573632376972,-7.38225115106045,-9.11335628395711,-2.7558951403458245
2000,13,80,0.625,1.7305946017960756,-5.262376139828498,-10.766654985236691,-5.221817520505883,-6.831522277121261,-9.336384217322106,-1.9246515262760968
2000,14,80,0.6748753117206983,1.7363644012815853,-5.494806166636148,-11.196248810616165,-5.804029479627735,-7.450482588753776,-9.569175046448565,-1.9214792480513
2000,15,81,0.7250623441396509,1.7375483476929916,-5.5618635449949725,-11.091470732519339,-6.513372572607087,-8.169220590827019,-10.382416644751816,-1.3894708194654624
2000,16,79,0.7755610972568578,2.0625693342734954,-5.309745890036729,-10.269800121875692,-7.141851551031387,-8.661347466365132,-10.216479151178792,-1.5755705571991931
2000,17,80,0.8251246882793017,0.31418857764745267,-4.871250589260855,-8.7672935104626,-5.409757851919979,-6.9209783973676124,-7.056389173731049,0.049875523315984924
2000,18,80,0.875,-0.9097151068925712,-4.397472164403039,-7.516269597796958,-4.195781753272563,-5.832344819851603,-6.480151150967991,0.4722518380171188
2000,19,80,0.9248753117206983,-0.934671350325094,-4.242949134371467,-6.76967628472345,-3.564304317502473,-5.336031902821414,-6.406801936456434,1.1026331549222637
2000,20,81,0.9750623441396508,-1.047360867528848,-1.4936452720147553,13.320020928605352,10.77846496104388,12.819136864069641,19.10168178190538,20.654171877147334
2100,1,80,0.024718397997496852,0.016214897690061906,0.01177880356715784,0.03361713199359648,0.1061665331129065,0.20175574021540632,0.628644761524777,-0.07413919453806153
2100,2,80,0.0747809762202753,0.23957900612827976,0.16716446003121196,0.2075822993191578,0.43344448886720194,0.7888127364618986,1.4674921981899298,0.14535456175362627
2100,3,80,0.1248435544430538,0.2791708338998153,0.1936590517080732,0.16520848444844272,0.3025596724893956,0.45481609383748267,1.306095070488774,0.1413203329307841
2100,4,80,0.17490613266583224,0.2085298792231923,0.16716056541070753,0.10590311779533021,0.17352991353102626,0.401436412482929,1.6896801457431505,0.07228208488290591
2100,5,80,0.22496871088861076,0.013070549219808785,-0.036758625778417195,-0.07342181180771891,-0.16433388827075002,0.09877109966161132,1.5492598079560254,-0.19234214035484043
2100,6,80,0.2750312891113892,0.3388772269250003,0.2494596972369273,0.3714499952518593,0.3575120070654508,0.6958744724325319,1.9132972912798811,0.18631262535017612
2100,7,80,0.3250938673341677,-0.3437797516622899,-0.36025172083678403,-0.3348852325361129,-0.09632288130527963,0.011215278739407877,0.9514740058214923,-0.6111530046246938
2100,8,80,0.37515644555694616,0.2467419659701906,0.22012148272786078,0.28817587240247755,0.35101094704167213,0.5465971999504311,1.236057545863651,0.11160174962530257
2100,9,80,0.42521902377972465,-0.04386579003279292,-0.055329217625422505,-0.11086619731575119,0.03393222085391735,0.24807009523001575,0.6591646278628537,-0.23436233617673638
2100,10,80,0.47528160200250313,0.01960887102589198,0.04046224171515394,0.03259673793064082,0.30074692403644526,0.61748016960314,0.7242416924374324,-0.1803264714133666
2100,11,79,0.5250312891113892,0.20111205854614064,0.22862725302972944,0.2787547831792063,0.5497017465565881,1.0733292592518098,1.388251001443656,0.006241413739385288
2100,12,80,0.5747809762202754,-0.06548928342708948,-0.12344342569003758,-0.10450173979087325,0.3507886034859814,0.7594961599047416,0.48587969736350933,-0.28286282891032344
2100,13,80,0.6248435544430537,-0.035824498832944085,-0.010420681417335246,0.05249118229593496,0.47427845034095384,0.9648143063682935,0.48986920211783336,-0.28416774911624015
2100,14,80,0.6749061326658323,0.011313755711084922,0.015168650649789738,0.04317022639359241,0.43320678830487314,0.9550323652139647,0.2680180514978892,-0.27303499564131295
2100,15,80,0.7249687108886107,-0.08496850688282312,-0.11059481916434585,-0.15175576246316602,0.39408222597190445,1.0403403933065642,-0.10065813044454887,-0.3899062002215328
2100,16,79,0.7753441802252816,0.05782070360831936,0.04897810393614929,-0.01738431696313269,0.5438344751971441,1.0184454677765058,-0.15204590513211827,-0.2701361928459891
2100,17,80,0.8250938673341677,0.2703709668205774,0.1751020298570269,0.17163433790856514,0.7244339294184852,1.3688013909834256,1.8767504730013824,-0.04006461791472979
2100,18,80,0.8751564455569463,0.04550430085580261,0.025669065858925345,0.04082734885799376,0.4768899060104513,1.1398033675592638,0.8126907207999858,-0.30092723043578856
2100,19,80,0.9252190237797246,0.07365685396464082,0.06196619171876548,0.01649513565518454,0.6091801435681086,1.3699300064056668,1.5668035275990637,-0.2624401172657823
2100,20,80,0.9752816020025032,-0.001887283915400306,-0.04910235740574405,-0.05758319018042709,-0.23082706161364624,0.26088762291343853,7.097258142668792,-0.41892298291525054
2200,1,81,0.0248911014312383,-0.0023972027337974986,0.22251795545285252,0.14827907191981646,-0.07730115040594096,-0.1194313972963692,0.015639520867588845,-0.1631093587018332
2200,2,80,0.0749844430616054,0.5549845435638923,0.28808088924239394,0.4805282185172503,-0.6239341385733859,-0.4269008536185232,0.09286186027762189,-0.3702868066374302
2200,3,81,0.1250777846919726,-0.06939528900349327,0.21857313626850153,0.4426543534657791,-0.726209724880309,-0.943022079207439,0.10756347084401109,-0.23061444032519088
2200,4,79,0.1748599875544493,0.06513062748706706,0.12674894068008807,0.39626846975886126,-0.6071547757971059,-0.7354848361773374,0.2406871937753466,-0.09085839758640299
2200,5,80,0.22495332918481642,0.5549119991000786,0.27313195912071564,-0.06981139791098387,-0.39570632913903514,-0.7872157208598707,0.11270742042383657,-0.20521438053318145
2200,6,81,0.2750466708151836,0.37074231909570304,0.19116544961940468,0.290857113864489,-0.9925720828410429,-1.6888663449376946,0.06660074939910916,-0.3587332961136663
2200,7,80,0.3251400124455507,0.8254104628661044,0.20551809655399939,-0.18668636647791403,0.2836213234035137,-0.05280426465108635,0.1154120023326408,-0.3140793873694133
2200,8,80,0.3749222153080274,-0.0015088280634495271,0.17229522643350303,0.45846679131511103,-0.6003468551789263,-1.0402538359453724,0.09302141634864278,-0.3387590797795029
2200,9,81,0.4250155569383945,-0.03723100667366591,-0.20528463868903574,-0.14060314813030572,-0.02712991068762742,-0.3139123130577042,0.24772609524325775,-0.08709795410403258
2200,10,80,0.47510889856876165,0.1507257458228204,0.16764673962292836,0.3454389537076278,-0.0514985831037197,-0.103886750960024,0.18306364444775605,-0.22564172062542265
2200,11,80,0.5248911014312383,0.4901268692985705,0.6917374824453761,0.2349759129333494,0.19853610089276602,0.2739132488301924,0.09326131165893337,-0.5313477045716788
2200,12,81,0.5749844430616055,0.3018307772665635,0.08528812002885659,0.09530373011334721,0.30330846728646976,0.41131290465916126,0.21390085982860937,-0.1997364108460539
2200,13,80,0.6250777846919726,-0.10029284577467354,0.033278160139970286,0.23071293223093908,0.38096653193974894,0.7674854654044343,0.360073836878569,-0.14968585653832606
2200,14,80,0.6748599875544493,0.28663704850144256,0.13479963186173902,-0.0985484196594987,0.5519306036060345,0.9022937494523338,0.30705224803324227,-0.25570729643108314
2200,15,81,0.7249533291848165,0.03072217089650557,0.030229136673128345,0.1567967864012908,0.6933232859209063,1.4159729971600723,0.47041302084427333,-0.07997230590651976
2200,16,80,0.7750466708151835,-0.22180892331467067,0.012109049849490136,0.2617587930494095,0.44634567901340805,0.7118117841879974,0.3591660695860449,-0.18321951862542146
2200,17,80,0.8248288736776602,0.30469584262398886,0.07968395442835627,0.34893746871976306,0.26955927077931496,0.9582615375091077,0.45260267938122756,-0.1774584653074162
2200,18,81,0.8749222153080274,0.4366924511266305,0.2272961526449632,0.31454761086161226,0.13557772784025257,0.6740814869808486,0.42448674665175573,-0.27814655806898103
2200,19,80,0.9250155569383944,0.7251999376322645,0.6220598003224509,0.44817644157456626,0.28175048891421506,1.037574702962219,0.27008293402530165,-0.4190410903157684
2200,20,81,0.9751088985687616,0.5422026344200149,0.6505955183415346,0.49436882675673754,-0.3262334942413724,-0.09050127604762571,0.7388042028596776,0.1888347850028438
2300,1,81,0.0249687890137328,-0.032550630217520554,-0.0267286131442476,0.07320402038300797,-0.0096522005904398,-0.07181138031613231,-0.37203961200324176,0.04248809341870956
2300,2,80,0.07521847690387015,0.6180966929504546,0.0478674964607627,0.5208736686058677,-0.16136310972439033,-0.29371094311135504,-0.9774055044897196,-0.7040620255831866
2300,3,80,0.1251560549313358,0.12483867949745446,-0.017168406452184076,0.49042958304692025,-0.32809213959928535,-0.36042684387947654,-1.0002123797624438,-0.6045921174962974
2300,4,80,0.17509363295880143,0.14353884102941036,-0.06552507376764095,0.4672455968297803,-0.05355744958512003,-0.1948109605320933,-1.0137140028549232,-0.2603967672241677
2300,5,80,0.22503121098626716,0.5191018596111112,-0.0010822089448273922,0.18715983987924542,-0.09415433524603828,-0.1897175078743094,-0.7418632890589962,-0.3296666088080734
2300,6,80,0.27496878901373284,0.3543053463899368,-0.13247766829228216,0.39426415694954364,-0.14798759104376574,-0.19799828429606425,-0.893550127342281,-0.5910354526961958
2300,7,80,0.32490636704119846,1.0460044873408405,0.11066841261612242,-0.16165930770112322,0.06463787057073835,0.034649065171701625,-0.2693982806854987,-0.40482953595307536
2300,8,80,0.37484394506866414,-0.179864129028604,-0.06004591478777631,0.44204256694938515,-0.456569345309536,-0.3969101333168664,-0.8195520839989572,-0.6540694806201102
2300,9,80,0.4247815230961298,-0.013112804913114598,-0.33959427533675857,-0.040037693805424865,-0.2606586418679024,-0.23815584967298914,-0.7011116510554031,-0.25381424361985166
2300,10,81,0.4750312109862671,0.11245321838379817,-0.1400333863369507,0.06692751748715536,-0.3133910033713841,-0.31125587419061745,-0.7828540272799466,-0.5142235599800028
2300,11,80,0.5252808988764044,0.39395464322919604,0.20004337530787308,0.42445986065685837,-0.4419575732664487,-0.4548123949818801,-0.9195789427582928,-0.6736306021571974
2300,12,80,0.5752184769038702,0.35964940479057533,-0.14972542534865121,-0.36517207622495523,-0.4034209606115966,-0.3312743043802906,-0.7129050331869013,-0.5116451940179831
2300,13,80,0.6251560549313357,-0.18698103621649814,-0.20005411927974132,0.05193568645599266,-0.3298275813103328,-0.35742389939821817,-0.7759336051651997,-0.3802203358274275
2300,14,80,0.6750936329588015,0.0916396084842343,-0.16593196485716355,0.0649004137555051,-0.4186108051617914,-0.41083119573036675,-0.8317831254244272,-0.6502826934567557
2300,15,80,0.7250312109862671,0.11787065612089952,-0.2271589012103668,0.07293486365150469,-0.4249364976009873,-0.4069119112887541,-0.8164233747564371,-0.2956001558295466
2300,16,80,0.7749687890137329,-0.21330680275335842,-0.16848721567542785,0.3400622501002931,-0.5027306954567636,-0.43943191510301904,-0.7992725524084716,-0.6689877571716952
2300,17,80,0.8249063670411985,0.12148436568122828,-0.20002779338570353,0.47412261969192826,-0.5716909504911868,-0.5657476071537249,-0.8860856702985399,-0.2872873402378961
2300,18,80,0.8748439450686643,0.36389804060002523,0.02270866606866208,0.4170118574249774,-0.3917313253653154,-0.38056797689141775,-0.6228312694909268,-0.11924956983941501
2300,19,80,0.9247815230961299,0.7174851572815837,0.1620858579699938,0.2793994964274893,-0.17929590293454764,-0.2238633894403781,-0.5795861522506989,0.25866918819524476
2300,20,81,0.9750312109862672,0.5382681766499259,0.33557609732078064,0.7185419062435774,0.5002767999452785,0.5614756533316159,0.9148195559015405,1.8410513894602059
2400,1,81,0.0249843847595252,-0.02640810008657335,-0.04267706290088055,-0.07261060720948583,-0.503492631919436,-0.2130106782022668,-0.10531926268038026,0.20643615263787563
2400,2,80,0.07526545908806989,0.21620876429643468,0.1458336194873489,0.10530614189193487,-0.8179104137747123,-0.32253359060081355,0.04565004189724975,0.9125463970464149
2400,3,80,0.1252342286071205,0.1999476871766283,0.13043801861465848,0.05813106975999989,-0.7881943205104208,-0.4079042225002376,0.032884659664540634,0.8330262210364587
2400,4,80,0.17520299812617113,0.1786119528738281,0.1467947816812636,0.11105278419408711,-0.7310254054398191,-0.32375258058814427,0.031382746432715415,0.81968556811799
2400,5,80,0.2251717676452217,-0.015598359168208425,-0.04472640078801732,-0.13870885289145168,-0.9141340783764829,-0.5992199366656775,-0.12557658429438615,0.45233708165403413
2400,6,80,0.27514053716427234,0.11460343375793265,0.12783573551099522,0.02641537801100289,-0.8581759468666073,-0.4971650791042915,0.056799621080645776,0.6611038060620127
2400,7,80,0.32510930668332294,-0.34262300134298085,-0.3787410131808048,-0.4147253610739587,-1.2318666339735098,-0.7980137773365286,-0.41410736384715235,0.16616830920829212
2400,8,80,0.3750780762023735,0.014849220160378061,0.005070572217022843,0.012671273494330854,-1.0232161652515197,-0.5699353246410754,-0.05530793307186052,0.4622186239827344
2400,9,80,0.42504684572142404,0.0067798348539642225,-0.08232685993323674,-0.1650291288392181,-1.218355010105066,-0.7965542991543044,-0.21508641019095492,0.457148649832252
2400,10,80,0.47501561524047464,0.009908760163231622,0.0277305422501087,-0.010661380578266526,-1.190215477677759,-0.6915635187695502,-0.09647265925071365,0.5356174659774006
2400,11,80,0.5249843847595252,0.08301105854318583,0.01791582389455187,-0.0282870648790952,-1.29923085927655,-0.7186200487480776,-0.11184713327695359,0.6582575618856148
2400,12,80,0.5749531542785759,-0.12433048891272357,-0.20585729283356308,-0.23167105405151867,-1.3145824551510694,-0.8459285537863407,-0.29321570587591006,0.3032802897895551
2400,13,79,0.6252342286071205,-0.1268190068788119,-0.17190820982106425,-0.1673890369549789,-1.347707171395195,-0.7955900547098054,-0.3067054033168674,0.3702953313317609
2400,14,80,0.6748906933166771,-0.05189271319045781,-0.07249773280624525,-0.1398557457885452,-1.622560862084905,-0.97596816418502,-0.23681773358300656,0.4588759815032125
2400,15,80,0.7248594628357277,-0.12383531495517003,-0.16211774406577398,-0.24488090660998146,-1.8858143787755157,-1.1517057499665548,-0.3150608198784738,0.44897515209526384
2400,16,79,0.7751405371642723,0.008714878255604162,-0.01472933584199546,-0.08964050508705898,-1.7107436498046684,-1.058531488198113,-0.16798153713669553,0.6333499187385682
2400,17,80,0.8247970018738289,0.1471497409645587,0.09434042702069093,0.04126622972988753,-1.671756046642472,-0.9391219988349494,-0.08035814875495885,0.9469900187645305
2400,18,80,0.8747657713928795,-0.00403321960859634,-0.039437809163251,-0.06999480469432476,-1.6050061780677196,-0.9255679780041941,-0.19215656086927818,0.7380108995932213
2400,19,80,0.9247345409119301,-0.012621540649335726,-0.06021767896334915,-0.1346312015673025,-1.5224663062530284,-0.9160615812130379,-0.19976932090712943,0.6764176919577545
2400,20,81,0.9750156152404748,0.09433901716110878,0.015913521851439513,-0.08887349453932347,-0.13349800127458517,0.41040821178659115,0.050467986386443175,1.4715564140478228
2500,1,82,0.0248466257668711,0.5638138684080131,-0.5982505948667846,0.23428751219033103,-0.3701450912896941,0.7864744518584504,3.074062018078786,-0.2776353422052368
2500,2,82,0.07515337423312879,0.9879790688388781,-1.2692809689871307,-0.20919800090436014,0.563559858475961,2.9146810116599546,5.281839706433303,-0.42638062819061456
2500,3,81,0.1251533742331288,0.5850746797558173,-1.52632646314043,-0.40052814367578804,0.11296957905068558,2.3922352101935846,5.295231944350105,-0.5614288636581445
2500,4,82,0.1751533742331288,0.8493265369614296,-1.3267053713500678,0.024509322179562202,-0.8030023415562979,1.5686824505763661,5.826821185788716,-0.5418356626257058
2500,5,81,0.2251533742331288,3.300897366129507,-1.8448926229608125,-0.5212153814995689,-1.1524357231747582,0.6199147820280637,4.630557311552785,-1.169737884336218
2500,6,82,0.27515337423312886,2.5294393943568947,-2.056984139478403,-0.8568608383055256,-0.945478204836088,0.9127634827639142,4.905358471356454,-1.3390113920823843
2500,7,81,0.3251533742331288,4.442329187130416,-2.0064884512040115,-1.2250712206936225,-0.11383298752453264,1.6040352636616109,5.0966443282280744,-1.1553590060138106
2500,8,82,0.3751533742331288,5.591544198367554,-2.158254589113565,-1.4310641714059118,-1.0433772871380507,0.47702740388240183,3.7803071481862425,-1.474814442343685
2500,9,81,0.4251533742331288,5.2194957522293945,-2.196037160371403,-1.3576580010231987,0.5033538386951472,2.5022726638013864,4.768996937828646,-1.48719700082671
2500,10,82,0.47515337423312876,4.790492031273275,-2.207075169704119,-1.3143095604270485,1.5074615188914944,3.913087598702728,5.867099931403686,-1.5821291579186676
2500,11,81,0.5251533742331288,3.9553318574907306,-2.6333558644064383,-1.4491825519643367,2.3340291672604074,5.139880381686787,6.914110186938668,-1.743950147341329
2500,12,82,0.5751533742331288,6.149229801559553,-3.052771635569373,-2.097187303257278,2.726627865092081,5.131906591000306,5.018690423100415,-2.363863805973496
2500,13,81,0.6251533742331289,6.755165438369918,-2.70572504996091,-1.1206319649591197,3.2326232977134,6.365343878348475,6.894398270736455,-2.121544806288098
2500,14,82,0.6751533742331288,5.470089908824694,-3.0686855322761897,-1.1409665845781576,3.764175827264788,6.776509049610028,6.988999608198894,-2.538483407490176
2500,15,81,0.7251533742331289,4.325029353151239,-3.0631925525010675,-1.0018225739258162,4.625482748417271,8.67615981994245,8.354490998052588,-2.39573871238119
2500,16,82,0.7751533742331288,2.6472287453690058,-3.3122871576272845,-1.375093670541538,5.014231644112401,8.392351449618353,7.8678109691187,-2.6198127995631992
2500,17,81,0.8251533742331288,-0.5303413743897432,-2.533419526886732,-0.12838644920345835,5.192698073204139,9.650321835978838,8.941333237365598,-1.7318340892504847
2500,18,82,0.8751533742331288,0.011588474722576033,-2.1042268877142147,0.453122730961483,4.504275706640381,8.737686539910191,9.276395361376684,-1.525168415119389
2500,19,81,0.9251533742331288,-2.1546359526299512,-1.97658010030579,0.4040569239041048,4.404032370024511,8.978656949239493,9.788103306448662,-1.2642122178010693
2500,20,82,0.9751533742331289,-2.0166643876779142,-1.6468727941033412,1.8690737973422493,-1.4560532993788988,2.6724564027647353,8.218636568024797,-0.6323192325586201
3000,1,80,0.024780426599749,0.020265306086708994,0.01766759799882695,0.0743603770366748,-0.27543384523916326,-0.1850521642386347,-2.539896292255448,-0.24588119922698204
3000,2,80,0.07496863237139265,0.3009500438735181,0.18883370706793173,0.2588279768342895,-0.43376623218375404,-0.7160220094174121,-5.888963024513367,-0.7560979436897637
3000,3,79,0.1254705144291091,0.3284821724693478,0.24865444283370416,0.14436692972657356,-0.40455654492678256,-0.9340099552431114,-6.889968265432301,-0.6337840979331988
3000,4,79,0.1750313676286072,0.2847799843544355,0.2368604721355136,0.3092451147066514,-0.5817337127690762,-0.7297597293020928,-6.447439664214556,-0.8974531285903267
3000,5,80,0.22490589711417813,0.08511117161399362,0.07610945133740733,-0.04096667779974284,-0.5393428897292812,-0.8148375020734919,-6.7268701126863295,-0.7126391522745448
3000,6,80,0.2750941028858218,0.1996065538692599,0.21687881842427964,0.14270766618631542,-0.5723098930571298,-0.9327550074133619,-7.103824563128022,-0.9549765390284417
3000,7,79,0.3249686323713927,-0.2800275663432621,-0.3091403682341265,-0.35367596940315,-0.3503601055737785,-0.5901017111038812,-6.706964823223244,-0.9357792304210797
3000,8,80,0.3748431618569636,0.2527195265371599,0.231609455459137,0.33767815768543513,-0.451123605365909,-0.5728699329807742,-6.887143235421628,-0.6437773135502338
3000,9,80,0.42503136762860727,0.10536120813685147,0.04069645983872498,-0.01207471566890376,-0.3976537019598857,-0.808145785997983,-7.070534898658206,-0.7177119499444861
3000,10,80,0.47521957340025095,0.05931521890590578,0.03391819724818878,0.025841020800382454,-0.5500659413082881,-0.9134302925962928,-7.50190028111844,-0.8716810472476513
3000,11,79,0.5250941028858218,0.32418482527185893,0.2918727780796674,0.30621094360960366,-0.117213788214392,-0.49144393992032115,-8.164810977722157,-0.9084253147039454
3000,12,80,0.5749686323713927,-0.119858540257848,-0.18395858069156998,-0.2173501986258598,-0.3866434776263777,-0.6607127459434979,-8.507080190820382,-1.0942191814798696
3000,13,80,0.6251568381430364,-0.09829667552168199,-0.060323526988337504,0.07839434407684931,0.20578956191202144,-0.13275560213569645,-8.70693120722957,-1.0318138647994968
3000,14,79,0.6750313676286073,0.002381542949730301,-0.014856829531119553,-0.17452045454098167,-0.2527363740803261,-0.33868877584998686,-8.691858841098439,-1.1592291910280172
3000,15,80,0.7249058971141782,-0.09139061540174401,-0.14700247307758366,-0.24377344399449316,0.015144621090846964,-0.06444428808554933,-9.124509136009069,-1.3569613268510379
3000,16,79,0.7754077791718946,0.21063733400355059,0.08543618175448624,0.1079252421066836,-0.011720928378748387,-0.23762168706241088,-9.089070228272494,-0.9212867852071375
3000,17,79,0.8249686323713927,0.21257245369274272,0.16338758111861715,0.1730735636515673,-0.05238610273678618,-0.2269518941202475,-6.597626926108992,-1.072692045531841
3000,18,80,0.8748431618569636,0.1673294120516198,0.03638036434720106,0.08103681620268038,-0.21990104754044235,-0.3298657893366655,-6.203116095503365,-1.1444208630324
3000,19,80,0.9250313676286073,0.04604145155510047,0.007742293271699911,-0.06638931314883295,0.12196806915726244,0.31637908353359195,-5.997766185504893,-1.120960323746496
3000,20,80,0.9752195734002509,0.10776753743584619,0.05146872174992845,0.09036766795938217,0.6239205783563986,1.8947614591489832,8.484318619707437,0.4195331441228807
3100,1,82,0.024861878453038652,0.02205796034586893,0.02301752135537203,0.32406043729838474,-0.6874763387647348,-0.2104799546512743,-0.5857380328214975,-0.03237183600511951
3100,2,81,0.0748925721301412,0.30369865329500706,0.1851676723057581,0.30895321777844714,-1.7842973571099765,-0.6592237021319575,-1.7558380279322285,-0.6129778946206644
3100,3,82,0.1249232658072437,0.29640064729687693,0.21414658161982225,0.44620956629809605,-1.6868497180602828,-0.8758231373909378,-1.7049075116286256,-0.458865439986594
3100,4,81,0.1749539594843462,0.27463961894190325,0.22830810147520073,0.26535007511311437,-1.7520464806614746,-0.6375414214474588,-1.8329221059411451,-0.2920286237420763
3100,5,82,0.2249846531614487,0.17803566131164483,0.13281761337507542,0.33119663947946487,-1.825819963105817,-0.7593259464115143,-1.420919083930834,-0.2920033596497189
3100,6,81,0.2750153468385513,0.19429033800440149,0.21995614791156048,0.004894513792862474,-1.7574480483208377,-0.68917532064243,-1.522519772389065,-0.3170003482532274
3100,7,82,0.3250460405156538,-0.22248587514685136,-0.2945561039320881,-0.1909716577585978,-1.3018919392354404,-0.28922146159387496,-0.9058457242223279,0.015187068379695579
3100,8,81,0.3750767341927563,0.21491843191657242,0.20179302937864396,0.2483635444486697,-1.7641880666981162,-0.7529696606902871,-1.5325136042266885,-0.37031518465219426
3100,9,82,0.4251074278698588,0.10130041449713278,0.006467828086401794,0.27941055986829044,-1.673288936635633,-0.7475508738134216,-1.4506877896444186,-0.31330142597024313
3100,10,81,0.4751381215469613,0.09179306315649256,0.093302575654621,0.3207686637100683,-1.345096147208961,-0.6755393616750403,-1.4083861437145764,-0.36009984065694156
3100,11,81,0.5248618784530387,0.30997408912588587,0.27827407901455237,0.42360157927178044,-1.3540978466421125,-0.5816115105499641,-1.866213042535124,-0.4356958057742741
3100,12,82,0.5748925721301412,-0.11451387263232535,-0.17744938056288567,-0.04973208689418158,-1.0857061391640146,-0.5653859282090161,-1.2687402002575667,-0.16449182175819635
3100,13,81,0.6249232658072437,-0.1313040161843923,-0.11279995093340345,0.07403082274206757,-0.7925629569255512,-0.3952907797084454,-1.3708669754761313,-0.08629451792824265
3100,14,82,0.6749539594843463,0.07283589945250829,0.015170993547428388,0.11628480475871766,-1.0556620517712065,-0.5525974469419326,-1.6945524383090942,-0.22278678227633844
3100,15,81,0.7249846531614488,-0.0936454646969766,-0.15360199455474385,0.040345173326365176,-1.0372285771246388,-0.532470292574278,-1.437940805089812,-0.14504162143003985
3100,16,82,0.7750153468385512,0.10212825231959524,0.07860386303147857,0.4919926951866077,-1.1815419208167877,-0.6351744034953486,-1.7468011321063441,-0.3838979462305039
3100,17,81,0.8250460405156538,0.2006939782631732,0.1417656529448872,0.40513470265001805,-0.9621704772074983,-0.503578009047206,-1.253355200248589,-0.23445024939980372
3100,18,82,0.8750767341927563,0.2127383149392251,0.09732928273248077,0.18926088923108253,-1.4292662535850886,-0.6275538804199458,-1.3027170167349327,-0.3764292935829294
3100,19,81,0.9251074278698588,0.016468839467505818,-0.0018667803483699095,0.08969987952754896,-1.128999156859491,-0.33804610864205487,-0.9100763677621214,0.2530027846474661
3100,20,82,0.9751381215469612,0.11364887465172445,0.04660318406266771,0.48981414187972094,-0.6323742734169971,0.7218840160029922,1.4333075312217456,0.9381130474889802
