operation_code,joint,cycles,evident_fault_start_cycle,tau_abs_mean_outside_pct,tau_rms_outside_pct,tau_peak_outside_pct,tau_std_outside_pct
1050,1,200,2013,0.5,11.5,16.0,15.0
1050,2,200,2013,51.0,73.5,96.5,100.0
1050,3,200,2013,10.5,77.5,26.0,100.0
1050,4,200,2013,100.0,100.0,100.0,100.0
1050,5,200,2013,100.0,100.0,73.0,97.5
1050,6,200,2013,57.99999999999999,92.5,100.0,99.5
1051,1,200,2011,46.5,6.5,88.0,5.0
1051,2,200,2011,34.5,83.5,95.0,100.0
1051,3,200,2011,58.5,95.5,50.0,99.0
1051,4,200,2011,100.0,100.0,100.0,100.0
1051,5,200,2011,82.0,100.0,100.0,96.0
1051,6,200,2011,91.0,100.0,100.0,100.0
1052,1,200,2004,8.0,99.5,29.5,100.0
1052,2,200,2004,13.0,32.0,99.0,100.0
1052,3,200,2004,42.5,95.5,93.5,99.0
1052,4,200,2004,100.0,100.0,100.0,100.0
1052,5,200,2004,99.5,100.0,56.49999999999999,100.0
1052,6,200,2004,5.0,13.5,99.5,12.0
1053,1,200,2004,27.0,3.5000000000000004,85.5,3.5000000000000004
1053,2,200,2004,21.0,63.0,98.5,100.0
1053,3,200,2004,36.0,96.5,57.99999999999999,100.0
1053,4,200,2004,100.0,100.0,100.0,100.0
1053,5,200,2004,40.5,100.0,100.0,93.0
1053,6,200,2004,81.0,98.5,100.0,100.0
1100,1,200,1881,1.0,66.0,22.5,66.0
1100,2,200,1881,9.5,77.0,100.0,100.0
1100,3,200,1881,12.0,10.5,95.0,86.0
1100,4,200,1881,98.5,70.5,65.5,47.0
1100,5,200,1881,25.5,26.5,27.0,26.0
1100,6,200,1881,90.5,74.0,55.00000000000001,34.0
1101,1,200,1880,3.0,0.0,41.5,0.0
1101,2,200,1880,16.5,84.0,100.0,100.0
1101,3,200,1880,24.5,29.5,95.0,89.5
1101,4,200,1880,100.0,100.0,35.5,100.0
1101,5,200,1880,19.5,26.5,34.0,26.5
1101,6,200,1880,49.5,74.5,81.0,72.5
1102,1,200,1879,1.0,89.0,21.5,89.0
1102,2,200,1879,21.0,44.5,100.0,98.5
1102,3,200,1879,21.0,20.5,62.5,80.5
1102,4,200,1879,90.0,91.0,78.5,90.0
1102,5,200,1879,22.5,27.500000000000004,27.500000000000004,27.0
1102,6,200,1879,14.499999999999998,30.5,84.5,35.5
1103,1,200,1879,5.5,64.0,0.0,66.5
1103,2,200,1879,12.5,70.0,100.0,100.0
1103,3,200,1879,22.5,24.5,94.0,85.5
1103,4,200,1879,76.5,77.5,59.0,86.5
1103,5,200,1879,8.0,22.0,54.50000000000001,16.5
1103,6,200,1879,62.0,77.0,89.5,87.0
2000,1,200,1555,20.5,21.5,12.0,3.5000000000000004
2000,2,200,1555,0.0,4.0,74.5,1.5
2000,3,200,1555,8.5,10.0,11.0,7.000000000000001
2000,4,200,1555,28.000000000000004,28.000000000000004,40.5,1.0
2000,5,200,1555,38.0,66.5,88.0,72.0
2000,6,200,1555,1.0,1.0,1.0,9.0
2100,1,200,1549,6.0,6.0,5.5,6.5
2100,2,200,1549,6.0,1.0,1.0,1.0
2100,3,200,1549,1.0,0.5,5.5,2.0
2100,4,200,1549,6.5,11.5,6.5,11.0
2100,5,200,1549,5.5,3.0,2.5,2.0
2100,6,200,1549,0.0,0.0,4.0,2.5
2200,1,200,1558,9.5,7.000000000000001,10.0,3.5000000000000004
2200,2,200,1558,5.0,40.0,24.0,28.000000000000004
2200,3,200,1558,5.5,6.0,9.5,6.0
2200,4,200,1558,66.0,44.0,0.5,3.5000000000000004
2200,5,200,1558,14.499999999999998,10.5,7.5,2.0
2200,6,200,1558,0.0,0.0,0.0,8.5
2300,1,200,1553,7.000000000000001,7.5,13.0,1.0
2300,2,200,1553,5.0,2.0,2.0,6.0
2300,3,200,1553,4.0,4.0,2.5,13.0
2300,4,200,1553,77.0,53.0,28.000000000000004,0.0
2300,5,200,1553,5.0,6.0,93.5,8.0
2300,6,200,1553,8.5,11.5,0.0,5.5
2400,1,200,1552,2.0,3.5000000000000004,5.0,3.5000000000000004
2400,2,200,1552,1.5,1.5,0.5,4.5
2400,3,200,1552,0.5,0.5,3.0,3.0
2400,4,200,1552,1.0,3.0,0.0,2.5
2400,5,200,1552,0.5,0.0,0.0,0.0
2400,6,200,1552,0.0,0.5,0.5,0.0
2500,1,200,1581,12.0,10.0,7.5,12.0
2500,2,200,1581,4.5,6.5,74.0,40.0
2500,3,200,1581,95.0,95.5,95.5,3.5000000000000004
2500,4,200,1581,8.5,8.0,11.0,10.0
2500,5,200,1581,25.0,34.5,97.0,3.5000000000000004
2500,6,200,1581,12.0,12.5,17.0,40.5
3000,1,200,1545,4.0,7.5,5.0,8.0
3000,2,200,1545,5.5,3.0,94.0,6.0
3000,3,200,1545,7.5,7.000000000000001,18.0,6.5
3000,4,200,1545,12.5,10.5,2.5,10.5
3000,5,200,1545,8.0,0.0,1.5,3.5000000000000004
3000,6,200,1545,0.5,1.5,1.0,0.5
3100,1,200,1580,3.5000000000000004,7.000000000000001,3.5000000000000004,6.5
3100,2,200,1580,3.0,1.0,2.0,5.5
3100,3,200,1580,4.5,0.5,3.0,4.0
3100,4,200,1580,4.0,3.0,5.5,3.0
3100,5,200,1580,5.5,5.5,2.5,2.5
3100,6,200,1580,0.0,0.5,0.0,0.0
