operation_code,diagnostic_group,cycles,spearman_health_vs_if_score,spearman_score_p_value,spearman_health_vs_if_ratio,spearman_ratio_p_value,both_abnormal,health_only,if_only,both_normal,overall_agreement_pct,health_to_if_overlap_pct,if_to_health_overlap_pct
1050,robust,2060,-0.6773863196635366,9.910980045859696e-277,-0.6773863196635366,9.910980045859696e-277,1410,54,349,247,80.4368932038835,96.31147540983606,80.1591813530415
1051,robust,2060,-0.7588270203193642,0.0,-0.7588270203193642,0.0,1302,1,600,157,70.8252427184466,99.92325402916347,68.45425867507886
1052,robust,2053,-0.8651400632294682,0.0,-0.8651400632294682,0.0,1220,17,435,381,77.98343886994643,98.62570735650768,73.71601208459214
1053,robust,2053,-0.8112539400816772,0.0,-0.8112539400816772,0.0,1316,21,401,315,79.44471505114467,98.42931937172776,76.64531158998253
1100,moderate,1930,-0.8061558184725381,0.0,-0.8061558184725381,0.0,451,46,452,981,74.19689119170985,90.74446680080483,49.944629014396455
1101,robust,1928,-0.8146603577978493,0.0,-0.8146603577978493,0.0,703,122,248,855,80.8091286307054,85.21212121212122,73.92218717139852
1102,moderate,1928,-0.8228683251208222,0.0,-0.8228683251208222,0.0,419,39,505,965,71.78423236514523,91.48471615720524,45.34632034632035
1103,moderate,1928,-0.7742014858186295,0.0,-0.7742014858186295,0.0,355,35,464,1074,74.11825726141079,91.02564102564102,43.34554334554335
2000,moderate,1604,-0.865342084356276,0.0,-0.865342084356276,0.0,145,58,122,1279,88.7780548628429,71.42857142857143,54.30711610486891
2100,weak,1598,-0.7348432925146818,2.083046979528686e-271,-0.7348432925146818,2.083046979528686e-271,87,38,32,1441,95.61952440550688,69.6,73.10924369747899
2200,weak,1607,-0.6423227062758773,1.1837689828069508e-187,-0.6423227062758773,1.1837689828069508e-187,92,4,259,1252,83.6341008089608,95.83333333333334,26.21082621082621
2300,weak,1603,-0.596901747630918,2.3928712889382534e-155,-0.596901747630918,2.3928712889382534e-155,163,18,220,1202,85.1528384279476,90.05524861878453,42.55874673629243
2400,weak,1600,-0.63660308461058,1.5176601491303725e-182,-0.63660308461058,1.5176601491303725e-182,79,32,25,1464,96.4375,71.17117117117117,75.96153846153845
2500,robust,1631,-0.5792060423263543,9.237570970604255e-147,-0.5792060423263543,9.237570970604255e-147,256,577,60,738,60.94420600858369,30.732292917166866,81.0126582278481
3000,weak,1593,-0.8146339770077947,0.0,-0.8146339770077947,0.0,162,79,20,1332,93.78531073446328,67.21991701244814,89.01098901098901
3100,weak,1630,-0.8489426442543307,0.0,-0.8489426442543307,0.0,11,9,83,1527,94.3558282208589,55.00000000000001,11.702127659574469
