operation_code,diagnostic_group,fault_start_cycle,health_warning_detected,health_warning_cycle,health_warning_lead_cycles,if_warning_detected,if_warning_cycle,if_warning_lead_cycles,highest_alert,highest_maintenance_action,highest_priority,decision_confidence,first_highest_priority_cycle,probe_rank,probe_tier,probe_utility_pct,first_persistent_signal_cycle,early_awareness_lead_cycles,actionable_maintenance_cycle,maintenance_opportunity_cycles,monitoring_lead_cycles,confirmation_delay_cycles,maintenance_opportunity_fraction,maintenance_opportunity_pct,predictive_maintenance_class,predictive_maintenance_interpretation
1053,robust,2004,True,950.0,1054.0,True,720.0,1284.0,CRITICAL,PRIORITIZE_MAINTENANCE,3,VERY_HIGH,950,1,PRIMARY,100.0,720.0,1284.0,950.0,1054.0,,230.0,0.5259481037924152,52.59481037924152,STRONG_ACTIONABLE,Persistent independent evidence converges early enough to support maintenance planning before the dataset-defined evident-fault region.
1050,robust,2013,True,1000.0,1013.0,True,420.0,1593.0,CRITICAL,PRIORITIZE_MAINTENANCE,3,VERY_HIGH,1000,2,PRIMARY,99.02751423149904,420.0,1593.0,1000.0,1013.0,,580.0,0.5032290114257327,50.32290114257327,STRONG_ACTIONABLE,Persistent independent evidence converges early enough to support maintenance planning before the dataset-defined evident-fault region.
1051,robust,2011,True,1000.0,1011.0,True,170.0,1841.0,CRITICAL,PRIORITIZE_MAINTENANCE,3,VERY_HIGH,1000,3,PRIMARY,98.98007590132826,170.0,1841.0,1000.0,1011.0,,830.0,0.5027349577324715,50.27349577324715,STRONG_ACTIONABLE,Persistent independent evidence converges early enough to support maintenance planning before the dataset-defined evident-fault region.
1052,robust,2004,True,1000.0,1004.0,True,670.0,1334.0,CRITICAL,PRIORITIZE_MAINTENANCE,3,VERY_HIGH,1000,4,PRIMARY,98.81404174573056,670.0,1334.0,1000.0,1004.0,,330.0,0.500998003992016,50.0998003992016,STRONG_ACTIONABLE,Persistent independent evidence converges early enough to support maintenance planning before the dataset-defined evident-fault region.
1101,robust,1880,True,1250.0,630.0,True,1020.0,860.0,CRITICAL,PRIORITIZE_MAINTENANCE,3,VERY_HIGH,1250,5,PRIMARY,88.55418511490618,1020.0,860.0,1250.0,630.0,,230.0,0.3351063829787234,33.51063829787234,STRONG_ACTIONABLE,Persistent independent evidence converges early enough to support maintenance planning before the dataset-defined evident-fault region.
2500,robust,1581,True,1050.0,531.0,False,,,WARNING,TARGETED_INSPECTION,2,MODERATE,1050,9,SUPPORTING,43.79743833017078,1050.0,531.0,1050.0,531.0,,0.0,0.33586337760910817,33.586337760910816,INSPECTION_ACTIONABLE,Physics-informed degradation evidence supports targeted inspection before the dataset-defined evident-fault region.
1102,moderate,1879,False,,,True,1520.0,359.0,WATCH,INCREASE_MONITORING,1,MODERATE,1520,6,SECONDARY,56.57240494764214,1520.0,359.0,,,359.0,,,,MONITORING_ONLY,"Persistent abnormality supports enhanced monitoring, but evidence is insufficient for direct maintenance escalation."
1103,moderate,1879,False,,,True,1520.0,359.0,WATCH,INCREASE_MONITORING,1,MODERATE,1520,7,SECONDARY,56.10944198467918,1520.0,359.0,,,359.0,,,,MONITORING_ONLY,"Persistent abnormality supports enhanced monitoring, but evidence is insufficient for direct maintenance escalation."
1100,moderate,1881,False,,,True,1520.0,361.0,WATCH,INCREASE_MONITORING,1,MODERATE,1520,8,SECONDARY,55.6701981868016,1520.0,361.0,,,361.0,,,,MONITORING_ONLY,"Persistent abnormality supports enhanced monitoring, but evidence is insufficient for direct maintenance escalation."
2000,moderate,1555,False,,,False,,,NORMAL,CONTINUE_OPERATION,0,LIMITED,0,10,SUPPORTING,8.333333333333334,,,,,,,,,NO_ACTIONABLE_WARNING,No persistent actionable maintenance warning was established under the current decision policy.
2100,weak,1549,False,,,False,,,NORMAL,CONTINUE_OPERATION,0,LIMITED,0,11,LOW_OBSERVABILITY,0.0,,,,,,,,,INSUFFICIENT_OBSERVABILITY,This trajectory provides insufficient early-warning observability for standalone predictive-maintenance decisions.
2200,weak,1558,False,,,False,,,NORMAL,CONTINUE_OPERATION,0,LIMITED,0,12,LOW_OBSERVABILITY,0.0,,,,,,,,,INSUFFICIENT_OBSERVABILITY,This trajectory provides insufficient early-warning observability for standalone predictive-maintenance decisions.
2300,weak,1553,False,,,False,,,NORMAL,CONTINUE_OPERATION,0,LIMITED,0,13,LOW_OBSERVABILITY,0.0,,,,,,,,,INSUFFICIENT_OBSERVABILITY,This trajectory provides insufficient early-warning observability for standalone predictive-maintenance decisions.
2400,weak,1552,False,,,False,,,NORMAL,CONTINUE_OPERATION,0,LIMITED,0,14,LOW_OBSERVABILITY,0.0,,,,,,,,,INSUFFICIENT_OBSERVABILITY,This trajectory provides insufficient early-warning observability for standalone predictive-maintenance decisions.
3000,weak,1545,False,,,False,,,NORMAL,CONTINUE_OPERATION,0,LIMITED,0,15,LOW_OBSERVABILITY,0.0,,,,,,,,,INSUFFICIENT_OBSERVABILITY,This trajectory provides insufficient early-warning observability for standalone predictive-maintenance decisions.
3100,weak,1580,False,,,False,,,NORMAL,CONTINUE_OPERATION,0,LIMITED,0,16,LOW_OBSERVABILITY,0.0,,,,,,,,,INSUFFICIENT_OBSERVABILITY,This trajectory provides insufficient early-warning observability for standalone predictive-maintenance decisions.
