operation_code,configurations,detections,detection_rate_pct,median_onset_cycle,min_onset_cycle,max_onset_cycle,median_warning_lead,min_warning_lead,max_warning_lead,onset_cycle_iqr
1050,27,25,92.5925925925926,400.0,200.0,400.0,1613.0,1613.0,1813.0,50.0
1051,27,27,100.0,500.0,150.0,1100.0,1511.0,911.0,1861.0,700.0
1052,27,27,100.0,600.0,100.0,1100.0,1404.0,904.0,1904.0,537.5
1053,27,27,100.0,625.0,100.0,1300.0,1379.0,704.0,1904.0,975.0
1100,27,22,81.48148148148148,350.0,100.0,650.0,1531.0,1231.0,1781.0,343.75
1101,27,26,96.29629629629629,962.5,100.0,1250.0,917.5,630.0,1780.0,943.75
1102,27,14,51.85185185185185,250.0,150.0,1050.0,1629.0,829.0,1729.0,837.5
1103,27,11,40.74074074074074,150.0,100.0,1450.0,1729.0,429.0,1779.0,575.0
2000,27,0,0.0,,,,,,,
2100,27,0,0.0,,,,,,,
2200,27,0,0.0,,,,,,,
2300,27,0,0.0,,,,,,,
2400,27,0,0.0,,,,,,,
2500,27,18,66.66666666666666,800.0,750.0,1100.0,781.0,481.0,831.0,75.0
3000,27,0,0.0,,,,,,,
3100,27,0,0.0,,,,,,,
