operation_code,health_detection_rate_pct,health_robustness_median_lead,diagnostic_group,if_warning_detected,if_warning_lead_cycles,health_warning_detected,health_warning_lead_cycles,known_healthy_anomaly_rate_pct,intermediate_anomaly_rate_pct,faulty_anomaly_rate_pct,maintenance_response_category,first_critical_cycle,critical_lead_cycles,health_robustness_score,if_persistence_score,convergence_score,effective_warning_lead,warning_lead_score,fault_minus_healthy_anomaly_pct_points,intermediate_minus_healthy_anomaly_pct_points,probe_utility_score,probe_utility_pct,probe_rank,probe_tier,recommended_maintenance_use
1053,100.0,1059.0,robust,True,1284.0,True,1054.0,5.714285714285714,86.0320744956027,100.0,convergent_degradation,950.0,1054.0,1.0,1.0,1.0,1054.0,1.0,94.28571428571429,80.31778878131699,1.0,100.0,1,PRIMARY,Preferred recurring diagnostic health-probe trajectory
1050,100.0,1543.0,robust,True,1593.0,True,1013.0,5.714285714285714,87.88659793814433,100.0,convergent_degradation,1000.0,1013.0,1.0,1.0,1.0,1013.0,0.961100569259962,94.28571428571429,82.17231222385863,0.9902751423149905,99.02751423149905,2,PRIMARY,Preferred recurring diagnostic health-probe trajectory
1051,100.0,1241.0,robust,True,1841.0,True,1011.0,5.714285714285714,95.25773195876288,100.0,convergent_degradation,1000.0,1011.0,1.0,1.0,1.0,1011.0,0.959203036053131,94.28571428571429,89.54344624447717,0.9898007590132827,98.98007590132826,3,PRIMARY,Preferred recurring diagnostic health-probe trajectory
1052,100.0,1034.0,robust,True,1334.0,True,1004.0,5.714285714285714,82.82462493533367,100.0,convergent_degradation,1000.0,1004.0,1.0,1.0,1.0,1004.0,0.952561669829222,94.28571428571429,77.11033922104797,0.9881404174573055,98.81404174573055,4,PRIMARY,Preferred recurring diagnostic health-probe trajectory
1101,94.44444444444444,860.0,robust,True,860.0,True,630.0,5.714285714285714,49.61283185840708,100.0,convergent_degradation,1250.0,630.0,0.9444444444444444,1.0,1.0,630.0,0.5977229601518027,94.28571428571429,43.89854614412136,0.8855418511490618,88.55418511490618,5,PRIMARY,Preferred recurring diagnostic health-probe trajectory
1102,59.25925925925926,746.5,moderate,True,359.0,False,,5.714285714285714,48.11946902654867,100.0,statistical_watch_only,,,0.5925925925925926,1.0,0.5,179.5,0.170303605313093,94.28571428571429,42.405183312262956,0.5657240494764214,56.57240494764214,6,SECONDARY,Useful secondary condition-monitoring trajectory
1103,57.407407407407405,859.0,moderate,True,359.0,False,,5.714285714285714,42.31194690265487,100.0,statistical_watch_only,,,0.5740740740740741,1.0,0.5,179.5,0.170303605313093,94.28571428571429,36.59766118836915,0.5610944198467918,56.10944198467918,7,SECONDARY,Useful secondary condition-monitoring trajectory
1100,55.55555555555556,611.0,moderate,True,361.0,False,,5.714285714285714,46.9060773480663,100.0,statistical_watch_only,,,0.5555555555555556,1.0,0.5,180.5,0.17125237191650855,94.28571428571429,41.19179163378058,0.556701981868016,55.6701981868016,8,SECONDARY,Useful secondary condition-monitoring trajectory
2500,100.0,811.0,robust,False,,True,531.0,5.714285714285714,17.802779616148246,86.0,health_confirmed_only,,,1.0,0.0,0.5,265.5,0.2518975332068311,80.28571428571429,12.088493901862531,0.4379743833017078,43.79743833017078,9,SUPPORTING,Use as supporting evidence; do not rely on alone
2000,33.333333333333336,1035.0,moderate,False,,False,,5.714285714285714,16.576819407008088,34.0,no_persistent_alert,,,0.33333333333333337,0.0,0.0,0.0,0.0,28.285714285714285,10.862533692722373,0.08333333333333334,8.333333333333334,10,SUPPORTING,Use as supporting evidence; do not rely on alone
2100,0.0,,weak,False,,False,,5.714285714285714,7.713125845737482,2.0,no_persistent_alert,,,0.0,0.0,0.0,0.0,0.0,-3.7142857142857144,1.9988401314517672,0.0,0.0,11,LOW_OBSERVABILITY,Poor standalone observability for this degradation mechanism
2200,0.0,,weak,False,,False,,5.714285714285714,21.04909213180901,68.0,no_persistent_alert,,,0.0,0.0,0.0,0.0,0.0,62.285714285714285,15.334806417523296,0.0,0.0,12,LOW_OBSERVABILITY,Poor standalone observability for this degradation mechanism
2300,0.0,,weak,False,,False,,5.714285714285714,23.33108563722185,66.0,no_persistent_alert,,,0.0,0.0,0.0,0.0,0.0,60.285714285714285,17.616799922936135,0.0,0.0,13,LOW_OBSERVABILITY,Poor standalone observability for this degradation mechanism
2400,0.0,,weak,False,,False,,5.714285714285714,6.689189189189189,2.0,no_persistent_alert,,,0.0,0.0,0.0,0.0,0.0,-3.7142857142857144,0.9749034749034742,0.0,0.0,14,LOW_OBSERVABILITY,Poor standalone observability for this degradation mechanism
3000,0.0,,weak,False,,False,,5.714285714285714,10.930074677528854,34.0,no_persistent_alert,,,0.0,0.0,0.0,0.0,0.0,28.285714285714285,5.215788963243139,0.0,0.0,15,LOW_OBSERVABILITY,Poor standalone observability for this degradation mechanism
3100,0.0,,weak,False,,False,,5.714285714285714,5.894039735099338,2.0,no_persistent_alert,,,0.0,0.0,0.0,0.0,0.0,-3.7142857142857144,0.17975402081362368,0.0,0.0,16,LOW_OBSERVABILITY,Poor standalone observability for this degradation mechanism
