operation_code,diagnostic_group,fault_start_cycle,first_persistent_signal_cycle,early_awareness_lead_cycles,actionable_maintenance_cycle,maintenance_opportunity_cycles,maintenance_opportunity_pct,confirmation_delay_cycles,monitoring_lead_cycles,predictive_maintenance_class,highest_alert,highest_maintenance_action,highest_priority,decision_confidence,first_highest_priority_cycle,maintenance_recommendation,probe_rank,probe_tier,probe_utility_pct,health_detection_rate_pct,if_warning_detected,health_warning_detected,faulty_anomaly_rate_pct,intermediate_anomaly_rate_pct,recommended_maintenance_use,evidence_convergence,maintenance_readiness,decision_lead_cycles,business_priority,observability_interpretation,business_decision_statement
1053,robust,2004,720.0,1284.0,950.0,1054.0,52.59481037924152,230.0,,STRONG_ACTIONABLE,CRITICAL,PRIORITIZE_MAINTENANCE,3,VERY_HIGH,950,Prioritize maintenance assessment of the Joint 3 actuator/mechanical drive system and plan intervention while analytical warning lead remains.,1,PRIMARY,100.0,100.0,True,True,100.0,86.0320744956027,Preferred recurring diagnostic health-probe trajectory,CONVERGENT,READY_FOR_MAINTENANCE_PLANNING,1054.0,MAINTENANCE_PRIORITY,High-value diagnostic trajectory for recurring condition assessment.,Operation 1053 provides convergent degradation evidence with approximately 1054 cycles of confirmed analytical maintenance opportunity before the evident-fault region.
1050,robust,2013,420.0,1593.0,1000.0,1013.0,50.32290114257327,580.0,,STRONG_ACTIONABLE,CRITICAL,PRIORITIZE_MAINTENANCE,3,VERY_HIGH,1000,Prioritize maintenance assessment of the Joint 3 actuator/mechanical drive system and plan intervention while analytical warning lead remains.,2,PRIMARY,99.02751423149904,100.0,True,True,100.0,87.88659793814433,Preferred recurring diagnostic health-probe trajectory,CONVERGENT,READY_FOR_MAINTENANCE_PLANNING,1013.0,MAINTENANCE_PRIORITY,High-value diagnostic trajectory for recurring condition assessment.,Operation 1050 provides convergent degradation evidence with approximately 1013 cycles of confirmed analytical maintenance opportunity before the evident-fault region.
1051,robust,2011,170.0,1841.0,1000.0,1011.0,50.27349577324715,830.0,,STRONG_ACTIONABLE,CRITICAL,PRIORITIZE_MAINTENANCE,3,VERY_HIGH,1000,Prioritize maintenance assessment of the Joint 3 actuator/mechanical drive system and plan intervention while analytical warning lead remains.,3,PRIMARY,98.98007590132826,100.0,True,True,100.0,95.25773195876288,Preferred recurring diagnostic health-probe trajectory,CONVERGENT,READY_FOR_MAINTENANCE_PLANNING,1011.0,MAINTENANCE_PRIORITY,High-value diagnostic trajectory for recurring condition assessment.,Operation 1051 provides convergent degradation evidence with approximately 1011 cycles of confirmed analytical maintenance opportunity before the evident-fault region.
1052,robust,2004,670.0,1334.0,1000.0,1004.0,50.0998003992016,330.0,,STRONG_ACTIONABLE,CRITICAL,PRIORITIZE_MAINTENANCE,3,VERY_HIGH,1000,Prioritize maintenance assessment of the Joint 3 actuator/mechanical drive system and plan intervention while analytical warning lead remains.,4,PRIMARY,98.81404174573056,100.0,True,True,100.0,82.82462493533367,Preferred recurring diagnostic health-probe trajectory,CONVERGENT,READY_FOR_MAINTENANCE_PLANNING,1004.0,MAINTENANCE_PRIORITY,High-value diagnostic trajectory for recurring condition assessment.,Operation 1052 provides convergent degradation evidence with approximately 1004 cycles of confirmed analytical maintenance opportunity before the evident-fault region.
1101,robust,1880,1020.0,860.0,1250.0,630.0,33.51063829787234,230.0,,STRONG_ACTIONABLE,CRITICAL,PRIORITIZE_MAINTENANCE,3,VERY_HIGH,1250,Prioritize maintenance assessment of the Joint 3 actuator/mechanical drive system and plan intervention while analytical warning lead remains.,5,PRIMARY,88.55418511490618,94.44444444444444,True,True,100.0,49.61283185840708,Preferred recurring diagnostic health-probe trajectory,CONVERGENT,READY_FOR_MAINTENANCE_PLANNING,630.0,MAINTENANCE_PRIORITY,High-value diagnostic trajectory for recurring condition assessment.,Operation 1101 provides convergent degradation evidence with approximately 630 cycles of confirmed analytical maintenance opportunity before the evident-fault region.
2500,robust,1581,1050.0,531.0,1050.0,531.0,33.586337760910816,0.0,,INSPECTION_ACTIONABLE,WARNING,TARGETED_INSPECTION,2,MODERATE,1050,Schedule targeted inspection of the Joint 3 actuator/mechanical drive system and confirm condition using a PRIMARY diagnostic probe.,9,SUPPORTING,43.79743833017078,100.0,False,True,86.0,17.802779616148246,Use as supporting evidence; do not rely on alone,HEALTH_ONLY,READY_FOR_TARGETED_INSPECTION,531.0,TARGETED_INSPECTION,Provides supporting evidence but should not be relied upon as the sole diagnostic trajectory.,"Operation 2500 supports targeted inspection with approximately 531 cycles of analytical lead, but independent anomaly confirmation is limited."
1102,moderate,1879,1520.0,359.0,,,,,359.0,MONITORING_ONLY,WATCH,INCREASE_MONITORING,1,MODERATE,1520,Continue production while increasing condition-monitoring frequency and repeat a preferred diagnostic probe.,6,SECONDARY,56.57240494764214,59.25925925925926,True,False,100.0,48.11946902654867,Useful secondary condition-monitoring trajectory,ANOMALY_ONLY,ENHANCED_MONITORING,359.0,ENHANCED_MONITORING,Useful supplementary trajectory for condition monitoring.,Operation 1102 shows persistent abnormality with approximately 359 cycles of monitoring lead; repeat a PRIMARY diagnostic probe before maintenance escalation.
1103,moderate,1879,1520.0,359.0,,,,,359.0,MONITORING_ONLY,WATCH,INCREASE_MONITORING,1,MODERATE,1520,Continue production while increasing condition-monitoring frequency and repeat a preferred diagnostic probe.,7,SECONDARY,56.10944198467918,57.407407407407405,True,False,100.0,42.31194690265487,Useful secondary condition-monitoring trajectory,ANOMALY_ONLY,ENHANCED_MONITORING,359.0,ENHANCED_MONITORING,Useful supplementary trajectory for condition monitoring.,Operation 1103 shows persistent abnormality with approximately 359 cycles of monitoring lead; repeat a PRIMARY diagnostic probe before maintenance escalation.
1100,moderate,1881,1520.0,361.0,,,,,361.0,MONITORING_ONLY,WATCH,INCREASE_MONITORING,1,MODERATE,1520,Continue production while increasing condition-monitoring frequency and repeat a preferred diagnostic probe.,8,SECONDARY,55.6701981868016,55.55555555555556,True,False,100.0,46.9060773480663,Useful secondary condition-monitoring trajectory,ANOMALY_ONLY,ENHANCED_MONITORING,361.0,ENHANCED_MONITORING,Useful supplementary trajectory for condition monitoring.,Operation 1100 shows persistent abnormality with approximately 361 cycles of monitoring lead; repeat a PRIMARY diagnostic probe before maintenance escalation.
2000,moderate,1555,,,,,,,,NO_ACTIONABLE_WARNING,NORMAL,CONTINUE_OPERATION,0,LIMITED,0,"Continue operation, but do not treat this trajectory alone as strong evidence of healthy mechanical condition.",10,SUPPORTING,8.333333333333334,33.333333333333336,False,False,34.0,16.576819407008088,Use as supporting evidence; do not rely on alone,NO_PERSISTENT_WARNING,ROUTINE_MONITORING,,ROUTINE,Provides supporting evidence but should not be relied upon as the sole diagnostic trajectory.,Operation 2000 has not produced persistent actionable evidence under the current maintenance policy.
2100,weak,1549,,,,,,,,INSUFFICIENT_OBSERVABILITY,NORMAL,CONTINUE_OPERATION,0,LIMITED,0,"Continue operation, but do not treat this trajectory alone as strong evidence of healthy mechanical condition.",11,LOW_OBSERVABILITY,0.0,0.0,False,False,2.0,7.713125845737482,Poor standalone observability for this degradation mechanism,NO_PERSISTENT_WARNING,REQUIRE_DIAGNOSTIC_PROBE,,ROUTINE,Poor standalone early-warning observability; use a stronger diagnostic probe before drawing maintenance conclusions.,Operation 2100 has insufficient standalone early-warning observability; absence of an alert should not be interpreted as strong evidence of healthy condition.
2200,weak,1558,,,,,,,,INSUFFICIENT_OBSERVABILITY,NORMAL,CONTINUE_OPERATION,0,LIMITED,0,"Continue operation, but do not treat this trajectory alone as strong evidence of healthy mechanical condition.",12,LOW_OBSERVABILITY,0.0,0.0,False,False,68.0,21.04909213180901,Poor standalone observability for this degradation mechanism,NO_PERSISTENT_WARNING,REQUIRE_DIAGNOSTIC_PROBE,,ROUTINE,Poor standalone early-warning observability; use a stronger diagnostic probe before drawing maintenance conclusions.,Operation 2200 has insufficient standalone early-warning observability; absence of an alert should not be interpreted as strong evidence of healthy condition.
2300,weak,1553,,,,,,,,INSUFFICIENT_OBSERVABILITY,NORMAL,CONTINUE_OPERATION,0,LIMITED,0,"Continue operation, but do not treat this trajectory alone as strong evidence of healthy mechanical condition.",13,LOW_OBSERVABILITY,0.0,0.0,False,False,66.0,23.33108563722185,Poor standalone observability for this degradation mechanism,NO_PERSISTENT_WARNING,REQUIRE_DIAGNOSTIC_PROBE,,ROUTINE,Poor standalone early-warning observability; use a stronger diagnostic probe before drawing maintenance conclusions.,Operation 2300 has insufficient standalone early-warning observability; absence of an alert should not be interpreted as strong evidence of healthy condition.
2400,weak,1552,,,,,,,,INSUFFICIENT_OBSERVABILITY,NORMAL,CONTINUE_OPERATION,0,LIMITED,0,"Continue operation, but do not treat this trajectory alone as strong evidence of healthy mechanical condition.",14,LOW_OBSERVABILITY,0.0,0.0,False,False,2.0,6.689189189189189,Poor standalone observability for this degradation mechanism,NO_PERSISTENT_WARNING,REQUIRE_DIAGNOSTIC_PROBE,,ROUTINE,Poor standalone early-warning observability; use a stronger diagnostic probe before drawing maintenance conclusions.,Operation 2400 has insufficient standalone early-warning observability; absence of an alert should not be interpreted as strong evidence of healthy condition.
3000,weak,1545,,,,,,,,INSUFFICIENT_OBSERVABILITY,NORMAL,CONTINUE_OPERATION,0,LIMITED,0,"Continue operation, but do not treat this trajectory alone as strong evidence of healthy mechanical condition.",15,LOW_OBSERVABILITY,0.0,0.0,False,False,34.0,10.930074677528854,Poor standalone observability for this degradation mechanism,NO_PERSISTENT_WARNING,REQUIRE_DIAGNOSTIC_PROBE,,ROUTINE,Poor standalone early-warning observability; use a stronger diagnostic probe before drawing maintenance conclusions.,Operation 3000 has insufficient standalone early-warning observability; absence of an alert should not be interpreted as strong evidence of healthy condition.
3100,weak,1580,,,,,,,,INSUFFICIENT_OBSERVABILITY,NORMAL,CONTINUE_OPERATION,0,LIMITED,0,"Continue operation, but do not treat this trajectory alone as strong evidence of healthy mechanical condition.",16,LOW_OBSERVABILITY,0.0,0.0,False,False,2.0,5.894039735099338,Poor standalone observability for this degradation mechanism,NO_PERSISTENT_WARNING,REQUIRE_DIAGNOSTIC_PROBE,,ROUTINE,Poor standalone early-warning observability; use a stronger diagnostic probe before drawing maintenance conclusions.,Operation 3100 has insufficient standalone early-warning observability; absence of an alert should not be interpreted as strong evidence of healthy condition.
