operation_code,sequence_bin,cycles,median_sequence_position,median_anomaly_score,median_threshold_ratio,anomaly_rate,anomaly_rate_pct
1050,1,104,0.02497575169738115,0.4635588754198543,0.8477361781578117,0.09615384615384616,9.615384615384617
1050,2,103,0.0751697381183317,0.5375089272601965,0.9829727956531062,0.36893203883495146,36.89320388349515
1050,3,102,0.1248787584869059,0.5538742186326961,1.012900924092016,0.6666666666666666,66.66666666666666
1050,4,102,0.17531522793404458,0.5582744174622096,1.020947815083991,0.6568627450980392,65.68627450980392
1050,5,103,0.2250242483026188,0.5743694526733024,1.0503817108859197,0.8932038834951457,89.32038834951457
1050,6,103,0.2749757516973812,0.5720615098338241,1.0461610460558612,0.8737864077669902,87.37864077669903
1050,7,103,0.3249272550921435,0.562253294675055,1.028224211547594,0.6893203883495146,68.93203883495146
1050,8,102,0.375121241513094,0.58626628071729,1.0721381092054991,0.9803921568627451,98.0392156862745
1050,9,103,0.4248302618816683,0.5859735456402649,1.071602768111695,1.0,100.0
1050,10,104,0.4750242483026188,0.5931902755647976,1.0848004078710014,0.8846153846153846,88.46153846153845
1050,11,103,0.5252182347235693,0.6119267291519459,1.1190648139657273,1.0,100.0
1050,12,103,0.5751697381183317,0.6291879556198308,1.1506313892857398,1.0,100.0
1050,13,103,0.6251212415130941,0.5953612508211117,1.088770592380997,0.970873786407767,97.0873786407767
1050,14,103,0.6750727449078564,0.6190323370153189,1.1320592385641737,1.0,100.0
1050,15,103,0.7250242483026188,0.6144749182748444,1.1237248306816465,1.0,100.0
1050,16,103,0.7749757516973812,0.6179738931818354,1.130123602816979,1.0,100.0
1050,17,103,0.8249272550921436,0.6413591193578504,1.1728894807129757,1.0,100.0
1050,18,103,0.8748787584869059,0.6400149713590341,1.1704313616954873,1.0,100.0
1050,19,103,0.9248302618816684,0.6335198215494515,1.1585533160617998,1.0,100.0
1050,20,104,0.9750242483026189,0.6427145855636653,1.175368297971946,1.0,100.0
1051,1,104,0.02499999999999995,0.46633995215593427,0.8680660823358511,0.07692307692307693,7.6923076923076925
1051,2,102,0.07548543689320385,0.5519261620469116,1.0273800883063113,0.7941176470588235,79.41176470588235
1051,3,103,0.1252427184466019,0.5679754108111074,1.0572548790780665,0.9514563106796117,95.14563106796116
1051,4,103,0.1752427184466019,0.5571891374796072,1.0371768265959833,0.7961165048543689,79.6116504854369
1051,5,103,0.2252427184466019,0.5839664104326593,1.087021242285723,1.0,100.0
1051,6,103,0.2752427184466019,0.5852845552974756,1.0894748961994876,0.970873786407767,97.0873786407767
1051,7,103,0.3252427184466019,0.5731345856211251,1.0668583982376696,0.883495145631068,88.3495145631068
1051,8,103,0.3752427184466019,0.6029499383036231,1.1223580316636803,1.0,100.0
1051,9,103,0.4252427184466019,0.6110446987485542,1.1374259814595171,1.0,100.0
1051,10,103,0.4752427184466019,0.6080517986700499,1.1318548631498828,1.0,100.0
1051,11,103,0.525242718446602,0.6083622958413827,1.1324328364971141,1.0,100.0
1051,12,103,0.5752427184466019,0.6400476842567349,1.191413438227346,1.0,100.0
1051,13,103,0.625242718446602,0.6092242915055147,1.1340373938499515,1.0,100.0
1051,14,103,0.675242718446602,0.6238989391120094,1.1613534404347174,1.0,100.0
1051,15,103,0.7252427184466019,0.604384840048338,1.1250290220652386,1.0,100.0
1051,16,103,0.775242718446602,0.6100133329035522,1.135506150863003,1.0,100.0
1051,17,103,0.8252427184466019,0.6300439115562593,1.172791967481523,1.0,100.0
1051,18,103,0.875242718446602,0.6295021556248198,1.1717835187161691,1.0,100.0
1051,19,103,0.925242718446602,0.6289564636236319,1.1707677431742212,1.0,100.0
1051,20,103,0.975242718446602,0.6313729172863293,1.175265838296516,1.0,100.0
1052,1,103,0.0248416950803701,0.4596891579377321,0.8451145085019315,0.05825242718446602,5.825242718446602
1052,2,103,0.0750121773015099,0.5272041376263465,0.9692372725280305,0.27184466019417475,27.184466019417474
1052,3,102,0.12493911349245004,0.5395347246809887,0.9919064128335666,0.43137254901960786,43.13725490196079
1052,4,103,0.1748660496833901,0.545992732823816,1.0037791235192213,0.5145631067961165,51.45631067961165
1052,5,103,0.2250365319045299,0.5574414749061467,1.0248270378996274,0.6893203883495146,68.93203883495146
1052,6,102,0.27496346809547,0.5586752669470273,1.027095300129044,0.6764705882352942,67.64705882352942
1052,7,103,0.3248904042864101,0.5584138319956501,1.0266146656250028,0.6407766990291263,64.07766990291263
1052,8,103,0.3750608865075499,0.5847600658329698,1.0750508405397905,0.9514563106796117,95.14563106796116
1052,9,102,0.42498782269849,0.5712976644905374,1.0503009187778622,0.9803921568627451,98.0392156862745
1052,10,103,0.4749147588894301,0.5801199482031091,1.0665202266185414,0.9223300970873787,92.23300970873787
1052,11,103,0.5250852411105699,0.6115922991976481,1.1243805002031382,1.0,100.0
1052,12,102,0.57501217730151,0.6159589605485255,1.1324083790373853,1.0,100.0
1052,13,103,0.6249391134924501,0.6022084813246403,1.107128841135963,0.9902912621359223,99.02912621359224
1052,14,103,0.6751095957135899,0.624009794407139,1.1472094166123772,1.0,100.0
1052,15,101,0.7247929858743303,0.6055381470940159,1.113250257753195,1.0,100.0
1052,16,103,0.77496346809547,0.6086105164372898,1.1188986483289614,1.0,100.0
1052,17,103,0.8251339503166099,0.6190495036430504,1.1380901811056585,1.0,100.0
1052,18,102,0.87506088650755,0.6253938548841153,1.1497539395134266,1.0,100.0
1052,19,103,0.92498782269849,0.6137952470065122,1.1284305046955125,1.0,100.0
1052,20,103,0.9751583049196298,0.6357512181284755,1.1687954109000962,1.0,100.0
1053,1,103,0.0248416950803701,0.46907015310964956,0.866702708633042,0.0970873786407767,9.70873786407767
1053,2,103,0.0750121773015099,0.5425758170476485,1.002519403881272,0.5242718446601942,52.42718446601942
1053,3,102,0.12493911349245004,0.5525164045699417,1.020886665310846,0.7254901960784313,72.54901960784314
1053,4,103,0.1748660496833901,0.5395008308256782,0.9968377401260257,0.4854368932038835,48.54368932038835
1053,5,103,0.2250365319045299,0.5570970047564991,1.0293502577234854,0.7864077669902912,78.64077669902912
1053,6,102,0.27496346809547,0.5661383336919378,1.046055955636768,0.6862745098039216,68.62745098039215
1053,7,103,0.3248904042864101,0.5504161996285623,1.0170061086407811,0.6019417475728155,60.19417475728155
1053,8,103,0.3750608865075499,0.5750410029786512,1.0625054515889332,0.912621359223301,91.2621359223301
1053,9,102,0.42498782269849,0.5754551340860092,1.0632706432134629,0.9901960784313726,99.01960784313727
1053,10,103,0.4749147588894301,0.5899848941704814,1.090117336266765,0.941747572815534,94.1747572815534
1053,11,103,0.5250852411105699,0.6012328154453191,1.1109001632506732,1.0,100.0
1053,12,102,0.57501217730151,0.6144683691446798,1.1353555462364513,1.0,100.0
1053,13,103,0.6249391134924501,0.5873467834599412,1.085242889058088,0.9805825242718447,98.05825242718447
1053,14,103,0.6751095957135899,0.6131301816213851,1.1328829720523774,1.0,100.0
1053,15,101,0.7247929858743303,0.6107565485957221,1.1284972012694683,1.0,100.0
1053,16,103,0.77496346809547,0.6141026054941312,1.1346797233461043,1.0,100.0
1053,17,103,0.8251339503166099,0.6229085380547325,1.1509504784809528,1.0,100.0
1053,18,102,0.87506088650755,0.6243117654066328,1.1535432270040842,1.0,100.0
1053,19,103,0.92498782269849,0.6238391989784526,1.1526700642146857,1.0,100.0
1053,20,103,0.9751583049196298,0.6353327867827311,1.1739068101808081,1.0,100.0
1100,1,96,0.02461139896373055,0.4547597638747344,0.8178941305663587,0.041666666666666664,4.166666666666666
1100,2,97,0.0751295336787564,0.4828623896681302,0.8684372403922592,0.1134020618556701,11.34020618556701
1100,3,96,0.12512953367875645,0.4910969014950586,0.883247167361038,0.19791666666666666,19.791666666666664
1100,4,97,0.1751295336787564,0.4922208418616047,0.8852685956005819,0.17525773195876287,17.525773195876287
1100,5,96,0.22512953367875643,0.5403656092915985,0.9718578803758308,0.3958333333333333,39.58333333333333
1100,6,97,0.2751295336787565,0.517713059484894,0.9311168364202157,0.31958762886597936,31.958762886597935
1100,7,96,0.3251295336787564,0.5521548424403409,0.9930610416099692,0.4375,43.75
1100,8,97,0.3751295336787564,0.5400525307416674,0.9712948026175589,0.35051546391752575,35.051546391752574
1100,9,96,0.42512953367875644,0.522076071575645,0.9389637970884382,0.22916666666666666,22.916666666666664
1100,10,97,0.4751295336787565,0.5162328231640843,0.9284546030943691,0.27835051546391754,27.835051546391753
1100,11,96,0.5251295336787565,0.5363404109210927,0.9646184841426391,0.3333333333333333,33.33333333333333
1100,12,97,0.5751295336787565,0.559435778668888,1.00615594463221,0.5360824742268041,53.608247422680414
1100,13,96,0.6251295336787566,0.5500160952940105,0.9892144639733624,0.4375,43.75
1100,14,97,0.6751295336787565,0.5702254027502893,1.0255612898457025,0.5773195876288659,57.73195876288659
1100,15,96,0.7251295336787564,0.5498271442258751,0.9888746318644805,0.375,37.5
1100,16,97,0.7751295336787565,0.5676924945427017,1.0210058060038647,0.5567010309278351,55.670103092783506
1100,17,96,0.8251295336787565,0.5846836250836904,1.0515646791608786,1.0,100.0
1100,18,97,0.8751295336787565,0.6010437882238655,1.0809887453831115,1.0,100.0
1100,19,96,0.9251295336787565,0.5984256622998044,1.0762799958487905,1.0,100.0
1100,20,97,0.9751295336787564,0.6158243369680634,1.1075718449111502,1.0,100.0
1101,1,97,0.0248833592534992,0.4542283898551953,0.802373024267858,0.05154639175257732,5.154639175257731
1101,2,96,0.07490927941938826,0.5092501612579132,0.8995663880183,0.0625,6.25
1101,3,97,0.1249351995852773,0.5191977378124284,0.9171383127646304,0.1134020618556701,11.34020618556701
1101,4,96,0.17496111975116635,0.5060035954671384,0.8938314826926794,0.10416666666666667,10.416666666666668
1101,5,97,0.2249870399170554,0.5462168702414619,0.9648663356807864,0.27835051546391754,27.835051546391753
1101,6,96,0.2750129600829445,0.5342182561998223,0.9436713499629577,0.17708333333333334,17.708333333333336
1101,7,97,0.3250388802488336,0.553367033843692,0.9774967624036961,0.35051546391752575,35.051546391752574
1101,8,96,0.3750648004147226,0.5468516517096011,0.9659876472009721,0.23958333333333334,23.958333333333336
1101,9,96,0.42483151892172105,0.544395666870618,0.9616492658341906,0.21875,21.875
1101,10,96,0.47511664074650073,0.5443310174175455,0.961535065624918,0.25,25.0
1101,11,96,0.5248833592534992,0.5676411304756239,1.002711280780467,0.53125,53.125
1101,12,97,0.5749092794193883,0.580220628185923,1.0249323700981139,0.8247422680412371,82.4742268041237
1101,13,96,0.6249351995852773,0.5710893877432079,1.0088024645858804,0.59375,59.375
1101,14,97,0.6749611197511665,0.5904992006098696,1.043088983434386,0.8041237113402062,80.41237113402062
1101,15,95,0.7247278382581649,0.5666340847632503,1.000932382032921,0.5473684210526316,54.736842105263165
1101,16,97,0.7750129600829445,0.5879902518628205,1.038657043822367,0.711340206185567,71.1340206185567
1101,17,96,0.8250388802488335,0.610121741856527,1.0777512769315418,1.0,100.0
1101,18,97,0.8750648004147227,0.616053628824758,1.0882296754478298,1.0,100.0
1101,19,96,0.9250907205806118,0.614926249016112,1.0862382121954997,1.0,100.0
1101,20,97,0.9751166407465008,0.6309804858272765,1.1145972642278767,1.0,100.0
1102,1,97,0.0248962655601659,0.4523696177170222,0.8015999742814083,0.061855670103092786,6.185567010309279
1102,2,96,0.07494813278008294,0.48264100593057074,0.8552409418952462,0.09375,9.375
1102,3,97,0.125,0.48918259724633956,0.8668326563365109,0.15463917525773196,15.463917525773196
1102,4,96,0.17505186721991695,0.49043143953252805,0.8690456076605683,0.16666666666666666,16.666666666666664
1102,5,97,0.225103734439834,0.5307468915004703,0.940484678709901,0.30927835051546393,30.927835051546392
1102,6,96,0.27515560165975106,0.531884201786569,0.9424999950803674,0.2604166666666667,26.041666666666668
1102,7,96,0.32494813278008294,0.558683554709908,0.9899885083950373,0.4375,43.75
1102,8,97,0.375,0.5562312255241832,0.9856429755935037,0.41237113402061853,41.23711340206185
1102,9,96,0.42505186721991695,0.524438430849921,0.9293060723287826,0.23958333333333334,23.958333333333336
1102,10,97,0.475103734439834,0.49831544702937763,0.8830160865769097,0.20618556701030927,20.618556701030926
1102,11,96,0.5251556016597511,0.5268435371697602,0.9335679261063571,0.3229166666666667,32.29166666666667
1102,12,96,0.5749481327800829,0.5792161413848087,1.0263722979023755,0.6979166666666666,69.79166666666666
1102,13,97,0.625,0.5620446590867455,0.9959443928676223,0.4639175257731959,46.391752577319586
1102,14,96,0.6750518672199171,0.5865446982105589,1.0393585169873094,0.6979166666666666,69.79166666666666
1102,15,96,0.7248443983402489,0.5652836425138463,1.0016838787441609,0.5104166666666666,51.041666666666664
1102,16,96,0.7751556016597511,0.5742012208500983,1.017485847499418,0.5833333333333334,58.333333333333336
1102,17,96,0.8249481327800829,0.5935111073374979,1.0517030095400375,0.9791666666666666,97.91666666666666
1102,18,97,0.875,0.620063625751293,1.0987541315517708,0.9896907216494846,98.96907216494846
1102,19,96,0.9250518672199171,0.6150948177020907,1.0899493925762602,1.0,100.0
1102,20,97,0.975103734439834,0.6179061165188386,1.0949310203667726,1.0,100.0
1103,1,97,0.0248962655601659,0.4568536837643191,0.8076713424771443,0.05154639175257732,5.154639175257731
1103,2,96,0.07494813278008294,0.4958113455731238,0.8765445684816433,0.09375,9.375
1103,3,97,0.125,0.5036109325298268,0.8903334533959156,0.14432989690721648,14.432989690721648
1103,4,96,0.17505186721991695,0.49382013934273394,0.8730243162293325,0.14583333333333334,14.583333333333334
1103,5,97,0.225103734439834,0.5402795959547505,0.9551599605857516,0.23711340206185566,23.711340206185564
1103,6,96,0.27515560165975106,0.5347337204402738,0.9453554107240079,0.20833333333333334,20.833333333333336
1103,7,96,0.32494813278008294,0.5500206834392821,0.9723812230717901,0.3125,31.25
1103,8,97,0.375,0.5429950437830217,0.9599605991070725,0.27835051546391754,27.835051546391753
1103,9,96,0.42505186721991695,0.5285391835328782,0.9344040927904496,0.20833333333333334,20.833333333333336
1103,10,97,0.475103734439834,0.5132829696587407,0.9074326418013408,0.2268041237113402,22.68041237113402
1103,11,96,0.5251556016597511,0.5382448746569333,0.9515627780728866,0.3333333333333333,33.33333333333333
1103,12,96,0.5749481327800829,0.5622763917415503,0.9940480821325298,0.46875,46.875
1103,13,97,0.625,0.5508335077359616,0.9738182146387353,0.36082474226804123,36.08247422680412
1103,14,96,0.6750518672199171,0.5674012540241652,1.0031083229643523,0.53125,53.125
1103,15,96,0.7248443983402489,0.5611101323249311,0.9919862528375658,0.4270833333333333,42.70833333333333
1103,16,96,0.7751556016597511,0.5705114044007362,1.0086067558745415,0.5520833333333334,55.208333333333336
1103,17,96,0.8249481327800829,0.5941447787320844,1.050388183609098,0.9375,93.75
1103,18,97,0.875,0.603830066496001,1.0675107978038771,0.979381443298969,97.9381443298969
1103,19,96,0.9250518672199171,0.6039233342082972,1.067675685734252,1.0,100.0
1103,20,97,0.975103734439834,0.6384816143869336,1.1287712476997316,1.0,100.0
2000,1,81,0.0249376558603491,0.42044816702892546,0.698598458210377,0.04938271604938271,4.938271604938271
2000,2,80,0.0751246882793017,0.519215826676311,0.8627065223227459,0.1125,11.25
2000,3,80,0.12499999999999994,0.5391606773011335,0.8958460220004281,0.075,7.5
2000,4,80,0.17487531172069826,0.5160450777619727,0.8574381433009468,0.0625,6.25
2000,5,81,0.2250623441396508,0.5460748274628874,0.9073342743502214,0.07407407407407407,7.4074074074074066
2000,6,80,0.27524937655860343,0.5495816791316245,0.9131611071469112,0.125,12.5
2000,7,80,0.32512468827930174,0.5549889293815409,0.9221455598903796,0.15,15.0
2000,8,80,0.37499999999999994,0.5721476268988789,0.9506557082761278,0.1125,11.25
2000,9,80,0.42487531172069826,0.5761213024907585,0.9572581954781338,0.2,20.0
2000,10,81,0.4750623441396508,0.5709429199870333,0.9486540194659282,0.2345679012345679,23.456790123456788
2000,11,80,0.5252493765586035,0.607811559867026,1.0099133541384577,0.575,57.49999999999999
2000,12,80,0.5751246882793017,0.6172255609926373,1.0255552505425163,0.65,65.0
2000,13,80,0.625,0.5717039653314853,0.9499185394376034,0.1375,13.750000000000002
2000,14,80,0.6748753117206983,0.5569767482050922,0.9254484335243582,0.075,7.5
2000,15,81,0.7250623441396509,0.5547049731796659,0.921673750567887,0.07407407407407407,7.4074074074074066
2000,16,79,0.7755610972568578,0.5759623709694108,0.9569941217480492,0.1518987341772152,15.18987341772152
2000,17,80,0.8251246882793017,0.5540659832010768,0.9206120325040205,0.0875,8.75
2000,18,80,0.875,0.5314332782048126,0.8830065104553709,0.05,5.0
2000,19,80,0.9248753117206983,0.5420645386871247,0.9006709522681597,0.075,7.5
2000,20,81,0.9750623441396508,0.5580145960656673,0.9271728765642177,0.25925925925925924,25.925925925925924
2100,1,80,0.024718397997496852,0.42682615298620774,0.744057486459904,0.05,5.0
2100,2,80,0.0747809762202753,0.44642919647108736,0.778230161119779,0.0875,8.75
2100,3,80,0.1248435544430538,0.446484161306086,0.7783259776405957,0.0625,6.25
2100,4,80,0.17490613266583224,0.44326576923949923,0.7727155699962817,0.0625,6.25
2100,5,80,0.22496871088861076,0.43764973023938525,0.7629255048068587,0.05,5.0
2100,6,80,0.2750312891113892,0.454525730830421,0.7923443079739357,0.075,7.5
2100,7,80,0.3250938673341677,0.4520265070701647,0.7879875783402261,0.05,5.0
2100,8,80,0.37515644555694616,0.4585961853788183,0.7994400591570352,0.05,5.0
2100,9,80,0.42521902377972465,0.4476985853914389,0.780443001928171,0.05,5.0
2100,10,80,0.47528160200250313,0.45113412744567327,0.786431952623007,0.0625,6.25
2100,11,79,0.5250312891113892,0.4584670643671071,0.7992149711329045,0.05063291139240506,5.063291139240507
2100,12,80,0.5747809762202754,0.4725815585338724,0.8238198248395041,0.1,10.0
2100,13,80,0.6248435544430537,0.4579751725958199,0.798357489105635,0.0875,8.75
2100,14,80,0.6749061326658323,0.45796953768726184,0.7983476661464073,0.0875,8.75
2100,15,80,0.7249687108886107,0.4449941969679242,0.7757286224583717,0.1,10.0
2100,16,79,0.7753441802252816,0.454841507572407,0.7928947804491595,0.06329113924050633,6.329113924050633
2100,17,80,0.8250938673341677,0.45571454248674104,0.7944166838269315,0.075,7.5
2100,18,80,0.8751564455569463,0.45550877110491805,0.794057976338945,0.1,10.0
2100,19,80,0.9252190237797246,0.453822724802987,0.7911188045832014,0.175,17.5
2100,20,80,0.9752816020025032,0.46543723898053235,0.8113656103727157,0.05,5.0
2200,1,81,0.0248911014312383,0.4520441986414924,0.8448577706458128,0.04938271604938271,4.938271604938271
2200,2,80,0.0749844430616054,0.4679476976895466,0.8745809587579179,0.1625,16.25
2200,3,81,0.1250777846919726,0.47549703153346523,0.8886904493351709,0.09876543209876543,9.876543209876543
2200,4,79,0.1748599875544493,0.4763692880358425,0.8903206719688083,0.1518987341772152,15.18987341772152
2200,5,80,0.22495332918481642,0.47332465038246563,0.8846303306526567,0.1125,11.25
2200,6,81,0.2750466708151836,0.4908958318500239,0.917470369849947,0.20987654320987653,20.98765432098765
2200,7,80,0.3251400124455507,0.5006435673550089,0.9356886107041298,0.2,20.0
2200,8,80,0.3749222153080274,0.5128979889215177,0.9585917766254017,0.3125,31.25
2200,9,81,0.4250155569383945,0.49365949924919206,0.9226355857396425,0.1111111111111111,11.11111111111111
2200,10,80,0.47510889856876165,0.5031002460739752,0.9402800734680283,0.1875,18.75
2200,11,80,0.5248911014312383,0.5096297990738529,0.9524836226062962,0.25,25.0
2200,12,81,0.5749844430616055,0.5232313100194247,0.9779044603239903,0.35802469135802467,35.80246913580247
2200,13,80,0.6250777846919726,0.502456661769636,0.9390772326789624,0.2375,23.75
2200,14,80,0.6748599875544493,0.5033468806363814,0.9407410264615297,0.225,22.5
2200,15,81,0.7249533291848165,0.5015577994757456,0.9373972845765068,0.20987654320987653,20.98765432098765
2200,16,80,0.7750466708151835,0.5100099940563607,0.9531941962322772,0.175,17.5
2200,17,80,0.8248288736776602,0.5133537563852608,0.9594435930727936,0.1875,18.75
2200,18,81,0.8749222153080274,0.5140329613159083,0.9607130078009174,0.20987654320987653,20.98765432098765
2200,19,80,0.9250155569383944,0.5211811697482431,0.9740728063746042,0.4125,41.25
2200,20,81,0.9751088985687616,0.5353300385644084,1.0005166404092178,0.5061728395061729,50.617283950617285
2300,1,81,0.0249687890137328,0.4399514850589628,0.7990827152803961,0.04938271604938271,4.938271604938271
2300,2,80,0.07521847690387015,0.47491235601781384,0.8625820524644088,0.1375,13.750000000000002
2300,3,80,0.1251560549313358,0.47996308437734125,0.8717556769860625,0.0875,8.75
2300,4,80,0.17509363295880143,0.4872456896087598,0.8849830535497698,0.125,12.5
2300,5,80,0.22503121098626716,0.48657256968503015,0.8837604676178434,0.125,12.5
2300,6,80,0.27496878901373284,0.49218829484700966,0.8939602943330587,0.15,15.0
2300,7,80,0.32490636704119846,0.4972134790776699,0.9030875231212101,0.1875,18.75
2300,8,80,0.37484394506866414,0.5163823123578808,0.9379038241600743,0.25,25.0
2300,9,80,0.4247815230961298,0.5238403915364618,0.9514499135885437,0.2375,23.75
2300,10,81,0.4750312109862671,0.5242450861140879,0.9521849592763778,0.1728395061728395,17.28395061728395
2300,11,80,0.5252808988764044,0.5351568125988928,0.9720038991458642,0.375,37.5
2300,12,80,0.5752184769038702,0.5450762952081658,0.9900206290962866,0.4625,46.25
2300,13,80,0.6251560549313357,0.5212057220030345,0.9466645703038054,0.2375,23.75
2300,14,80,0.6750936329588015,0.5330142357437326,0.9681123424873186,0.2625,26.25
2300,15,80,0.7250312109862671,0.5229810621798543,0.9498891159576276,0.175,17.5
2300,16,80,0.7749687890137329,0.5316973394867172,0.9657204673089509,0.2875,28.749999999999996
2300,17,80,0.8249063670411985,0.5405762318940436,0.9818471760358871,0.275,27.500000000000004
2300,18,80,0.8748439450686643,0.5342632707301279,0.9703809614198702,0.275,27.500000000000004
2300,19,80,0.9247815230961299,0.5417651502111626,0.9840066052215,0.4,40.0
2300,20,81,0.9750312109862672,0.5525398604532349,1.003576682852766,0.5061728395061729,50.617283950617285
2400,1,81,0.0249843847595252,0.43516403189087366,0.733525480853745,0.04938271604938271,4.938271604938271
2400,2,80,0.07526545908806989,0.4491930158838797,0.7571731550069707,0.0875,8.75
2400,3,80,0.1252342286071205,0.4469605758819515,0.753410087506249,0.0625,6.25
2400,4,80,0.17520299812617113,0.43903226072729895,0.7400458828386286,0.0875,8.75
2400,5,80,0.2251717676452217,0.44225496835884315,0.7454781750131627,0.0375,3.75
2400,6,80,0.27514053716427234,0.4493093439795034,0.7573692411170942,0.05,5.0
2400,7,80,0.32510930668332294,0.45559521197651065,0.7679648878323178,0.0625,6.25
2400,8,80,0.3750780762023735,0.459153386049375,0.7739626522532835,0.0625,6.25
2400,9,80,0.42504684572142404,0.4675459985383399,0.788109490365885,0.0375,3.75
2400,10,80,0.47501561524047464,0.46618711495556864,0.7858189156390507,0.0625,6.25
2400,11,80,0.5249843847595252,0.4701635776281724,0.7925217598087408,0.0625,6.25
2400,12,80,0.5749531542785759,0.4868961270915218,0.8207266446143178,0.075,7.5
2400,13,79,0.6252342286071205,0.46360638881176264,0.7814687666219972,0.05063291139240506,5.063291139240507
2400,14,80,0.6748906933166771,0.46280479064548213,0.7801175688269555,0.0625,6.25
2400,15,80,0.7248594628357277,0.46125750888425543,0.7775094245072415,0.0875,8.75
2400,16,79,0.7751405371642723,0.46690498939607444,0.7870289862229557,0.0379746835443038,3.79746835443038
2400,17,80,0.8247970018738289,0.4578775378609118,0.7718120444655205,0.075,7.5
2400,18,80,0.8747657713928795,0.46555604836306175,0.7847551709547578,0.0625,6.25
2400,19,80,0.9247345409119301,0.46826359412289237,0.7893190909018717,0.1375,13.750000000000002
2400,20,81,0.9750156152404748,0.47379468071354464,0.7986424555499623,0.04938271604938271,4.938271604938271
2500,1,82,0.0248466257668711,0.43794814600451576,0.7555289109890169,0.04878048780487805,4.878048780487805
2500,2,82,0.07515337423312879,0.5030457137565213,0.8678323764116092,0.036585365853658534,3.6585365853658534
2500,3,81,0.1251533742331288,0.49404434569184574,0.852303611480508,0.024691358024691357,2.4691358024691357
2500,4,82,0.1751533742331288,0.48606396739985197,0.8385362132731224,0.0,0.0
2500,5,81,0.2251533742331288,0.5164269471220402,0.8909170926378907,0.06172839506172839,6.172839506172839
2500,6,82,0.27515337423312886,0.5303276266887506,0.9148979346413539,0.15853658536585366,15.853658536585366
2500,7,81,0.3251533742331288,0.548685621816845,0.9465683417286073,0.2345679012345679,23.456790123456788
2500,8,82,0.3751533742331288,0.5645201624043779,0.9738853958484955,0.3048780487804878,30.48780487804878
2500,9,81,0.4251533742331288,0.5519273754450033,0.9521608727410615,0.2345679012345679,23.456790123456788
2500,10,82,0.47515337423312876,0.5670618821922643,0.9782702592185102,0.24390243902439024,24.390243902439025
2500,11,81,0.5251533742331288,0.5687231480956247,0.9811362022080626,0.345679012345679,34.5679012345679
2500,12,82,0.5751533742331288,0.5815280167098611,1.0032265992738643,0.5365853658536586,53.65853658536586
2500,13,81,0.6251533742331289,0.5507173349312169,0.9500733639800947,0.25925925925925924,25.925925925925924
2500,14,82,0.6751533742331288,0.5426857013204368,0.9362175423473827,0.14634146341463414,14.634146341463413
2500,15,81,0.7251533742331289,0.5326314681600753,0.9188724207849792,0.13580246913580246,13.580246913580247
2500,16,82,0.7751533742331288,0.5480603849877412,0.9454897106054648,0.24390243902439024,24.390243902439025
2500,17,81,0.8251533742331288,0.5379188738575245,0.9279940209218814,0.07407407407407407,7.4074074074074066
2500,18,82,0.8751533742331288,0.529558021480772,0.9135702455302565,0.06097560975609756,6.097560975609756
2500,19,81,0.9251533742331288,0.5510905770531305,0.9507172648995924,0.16049382716049382,16.049382716049383
2500,20,82,0.9751533742331289,0.5874753893247546,1.0134867453573007,0.5609756097560976,56.09756097560976
3000,1,80,0.024780426599749,0.4352301266801346,0.7609124291031941,0.05,5.0
3000,2,80,0.07496863237139265,0.4678873426573573,0.8180070096795033,0.125,12.5
3000,3,79,0.1254705144291091,0.46436991959326357,0.8118575021803356,0.0759493670886076,7.59493670886076
3000,4,79,0.1750313676286072,0.4543588664703463,0.7943551872377891,0.12658227848101267,12.658227848101266
3000,5,80,0.22490589711417813,0.45846213713791323,0.801528931561837,0.0375,3.75
3000,6,80,0.2750941028858218,0.46923881315805305,0.8203697843095359,0.1125,11.25
3000,7,79,0.3249686323713927,0.4730456278165402,0.8270252348663029,0.10126582278481013,10.126582278481013
3000,8,80,0.3748431618569636,0.4832802271847138,0.8449183755032754,0.1125,11.25
3000,9,80,0.42503136762860727,0.4817734064905107,0.8422840022731986,0.05,5.0
3000,10,80,0.47521957340025095,0.4808601436467296,0.8406873456856323,0.0875,8.75
3000,11,79,0.5250941028858218,0.4896037112600093,0.8559737168805617,0.10126582278481013,10.126582278481013
3000,12,80,0.5749686323713927,0.4991687131697758,0.8726962008985075,0.15,15.0
3000,13,80,0.6251568381430364,0.47887509842838133,0.837216892961014,0.15,15.0
3000,14,79,0.6750313676286073,0.4744134986267399,0.8294166821423169,0.08860759493670886,8.860759493670885
3000,15,80,0.7249058971141782,0.46791512426622284,0.8180555802406625,0.125,12.5
3000,16,79,0.7754077791718946,0.47806383168421596,0.8357985560603445,0.08860759493670886,8.860759493670885
3000,17,79,0.8249686323713927,0.47046159756403294,0.8225075771588518,0.16455696202531644,16.455696202531644
3000,18,80,0.8748431618569636,0.47350363230553594,0.8278259636920398,0.1,10.0
3000,19,80,0.9250313676286073,0.4703906519589004,0.822383543022825,0.2,20.0
3000,20,80,0.9752195734002509,0.5250965318595618,0.9180257824030794,0.2375,23.75
3100,1,82,0.024861878453038652,0.4293357138846855,0.6914326180299657,0.04878048780487805,4.878048780487805
3100,2,81,0.0748925721301412,0.45583600866515533,0.7341105681889116,0.07407407407407407,7.4074074074074066
3100,3,82,0.1249232658072437,0.4463602846727552,0.7188501916679071,0.04878048780487805,4.878048780487805
3100,4,81,0.1749539594843462,0.43263158289844755,0.6967405187406934,0.06172839506172839,6.172839506172839
3100,5,82,0.2249846531614487,0.43132643094589124,0.6946386096697762,0.04878048780487805,4.878048780487805
3100,6,81,0.2750153468385513,0.4454875569180051,0.7174446891281013,0.07407407407407407,7.4074074074074066
3100,7,82,0.3250460405156538,0.44081108207287767,0.7099133630800982,0.08536585365853659,8.536585365853659
3100,8,81,0.3750767341927563,0.4605382083422652,0.7416833233269037,0.04938271604938271,4.938271604938271
3100,9,82,0.4251074278698588,0.4585755327853225,0.7385224917100752,0.036585365853658534,3.6585365853658534
3100,10,81,0.4751381215469613,0.4625488934462165,0.7449214729159042,0.024691358024691357,2.4691358024691357
3100,11,81,0.5248618784530387,0.46638931104080106,0.7511063531992741,0.07407407407407407,7.4074074074074066
3100,12,82,0.5748925721301412,0.47700168284256295,0.7681972677938387,0.07317073170731707,7.317073170731707
3100,13,81,0.6249232658072437,0.44859801737787247,0.7224539947821434,0.037037037037037035,3.7037037037037033
3100,14,82,0.6749539594843463,0.45622187526443786,0.7347319950684466,0.07317073170731707,7.317073170731707
3100,15,81,0.7249846531614488,0.4387580774222131,0.7066070590980866,0.07407407407407407,7.4074074074074066
3100,16,82,0.7750153468385512,0.45327734890412186,0.7299899214315947,0.036585365853658534,3.6585365853658534
3100,17,81,0.8250460405156538,0.4455072249562047,0.7174763639287388,0.07407407407407407,7.4074074074074066
3100,18,82,0.8750767341927563,0.45228032772544324,0.7283842479655613,0.04878048780487805,4.878048780487805
3100,19,81,0.9251074278698588,0.45048370777919805,0.7254908440560724,0.08641975308641975,8.641975308641975
3100,20,82,0.9751381215469612,0.4833166634304691,0.778367359448215,0.024390243902439025,2.4390243902439024
