configuration_number,window_size,persistence_threshold,min_effort_features,operations_detected,detection_rate_pct,median_warning_lead,min_warning_lead,max_warning_lead
1,25,0.6,2,9,56.25,1781.0,806.0,1904.0
2,25,0.6,3,9,56.25,1379.0,429.0,1813.0
3,25,0.6,4,6,37.5,1405.0,880.0,1613.0
4,25,0.7,2,9,56.25,1780.0,806.0,1904.0
5,25,0.7,3,9,56.25,1379.0,429.0,1638.0
6,25,0.7,4,6,37.5,1146.0,830.0,1613.0
7,25,0.8,2,9,56.25,1755.0,806.0,1904.0
8,25,0.8,3,8,50.0,1379.0,731.0,1613.0
9,25,0.8,4,6,37.5,1133.5,830.0,1613.0
10,50,0.6,2,9,56.25,1780.0,831.0,1904.0
11,50,0.6,3,8,50.0,1454.0,781.0,1663.0
12,50,0.6,4,6,37.5,1317.5,880.0,1613.0
13,50,0.7,2,9,56.25,1780.0,831.0,1904.0
14,50,0.7,3,7,43.75,1404.0,781.0,1613.0
15,50,0.7,4,5,31.25,1061.0,830.0,1613.0
16,50,0.8,2,9,56.25,1731.0,731.0,1904.0
17,50,0.8,3,7,43.75,1061.0,531.0,1613.0
18,50,0.8,4,4,25.0,804.0,630.0,911.0
19,100,0.6,2,9,56.25,1780.0,781.0,1904.0
20,100,0.6,3,8,50.0,1454.0,581.0,1613.0
21,100,0.6,4,5,31.25,1404.0,880.0,1613.0
22,100,0.7,2,9,56.25,1780.0,781.0,1904.0
23,100,0.7,3,7,43.75,1404.0,581.0,1613.0
24,100,0.7,4,5,31.25,1004.0,680.0,1613.0
25,100,0.8,2,9,56.25,1780.0,781.0,1904.0
26,100,0.8,3,7,43.75,1111.0,481.0,1613.0
27,100,0.8,4,3,18.75,904.0,704.0,911.0
