operation_code,warning_detected,health_warning_cycle,evident_fault_start_cycle,health_warning_lead_cycles,training_healthy_cycles,health_warning_threshold,spearman_rho,decreasing_step_pct,trajectory_class
1050,True,1000.0,2013,1013.0,20,61.0751203128813,-0.863157894736842,63.1578947368421,moderate_progressive
1051,True,1000.0,2011,1011.0,20,59.23419853562416,-0.8932330827067668,68.42105263157895,moderate_progressive
1052,True,1000.0,2004,1004.0,20,60.81187917276244,-0.918796992481203,73.6842105263158,strong_progressive
1053,True,950.0,2004,1054.0,20,62.238062262505686,-0.8616541353383457,63.1578947368421,moderate_progressive
1100,False,,1881,,20,55.9175531216565,-0.8285714285714285,47.36842105263158,weak_or_irregular_decline
1101,True,1250.0,1880,630.0,20,59.03808958756992,-0.8887218045112781,47.36842105263158,weak_or_irregular_decline
1102,False,,1879,,20,55.27828192917755,-0.8736842105263156,57.89473684210526,moderate_progressive
1103,False,,1879,,20,56.87578830349161,-0.8691729323308269,57.89473684210526,moderate_progressive
2000,False,,1555,,20,37.15472614657311,-0.5759398496240601,68.42105263157895,weak_or_irregular_decline
2100,False,,1549,,20,37.94666285619606,-0.3969924812030075,63.1578947368421,weak_or_irregular_decline
2200,False,,1558,,20,33.128175971716956,-0.882706766917293,52.63157894736842,weak_or_irregular_decline
2300,False,,1553,,20,31.702952294887776,-0.33684210526315783,57.89473684210526,weak_or_irregular_decline
2400,False,,1552,,20,36.671307167205164,-0.8661654135338346,57.89473684210526,moderate_progressive
2500,True,1050.0,1581,531.0,20,56.3838468558458,-0.9684210526315788,63.1578947368421,moderate_progressive
3000,False,,1545,,20,43.767631256958865,-0.7097744360902255,57.89473684210526,moderate_progressive
3100,False,,1580,,20,15.403326484098493,-0.2992481203007519,47.36842105263158,weak_or_irregular_decline
