operation_code,diagnostic_group,fault_boundary,window_id,window_start_cycle,window_end_cycle,anomaly_fraction,anomaly_rate_pct,median_if_score,median_if_threshold,median_if_threshold_ratio,candidate_if_warning
1050,robust,2013,0,70,119,0.14,14.000000000000002,0.495591296055964,0.5468197386918171,0.9063156667343258,False
1050,robust,2013,1,120,169,0.4,40.0,0.5383983962563461,0.5468197386918171,0.9845994176149936,False
1050,robust,2013,2,170,219,0.56,56.00000000000001,0.5490735282379496,0.5468197386918171,1.0041216316578556,False
1050,robust,2013,4,270,319,0.78,78.0,0.5585505713800734,0.5468197386918171,1.0214528332797943,True
1050,robust,2013,6,370,419,0.38,38.0,0.5436376062214727,0.5468197386918171,0.9941806554424002,False
1050,robust,2013,7,420,469,0.9,90.0,0.5643400557343798,0.5468197386918171,1.0320403888207792,True
1050,robust,2013,8,470,519,1.0,100.0,0.5893804389246998,0.5468197386918171,1.0778331454067527,True
1050,robust,2013,9,520,569,0.86,86.0,0.5742354019669962,0.5468197386918171,1.0501365648225627,True
1050,robust,2013,10,570,619,0.86,86.0,0.5708660009615816,0.5468197386918171,1.0439747517660782,True
1050,robust,2013,11,620,669,0.66,66.0,0.5612649756166266,0.5468197386918171,1.0264168169191688,False
1050,robust,2013,12,670,719,0.72,72.0,0.56372311812964,0.5468197386918171,1.0309121603368996,True
1050,robust,2013,14,770,819,1.0,100.0,0.5926861273643333,0.5468197386918171,1.0838784437120808,True
1050,robust,2013,15,820,869,1.0,100.0,0.5901368976511809,0.5468197386918171,1.079216524010259,True
1050,robust,2013,16,870,919,1.0,100.0,0.5869108329787343,0.5468197386918171,1.0733168381646738,True
1050,robust,2013,17,920,969,0.8,80.0,0.5754932715696561,0.5468197386918171,1.0524369016861683,True
1050,robust,2013,18,970,1019,0.96,96.0,0.5946260780006454,0.5468197386918171,1.0874261405105778,True
1050,robust,2013,19,1020,1069,1.0,100.0,0.6105043477260048,0.5468197386918171,1.1164636250815367,True
1050,robust,2013,20,1070,1119,1.0,100.0,0.6121280200338329,0.5468197386918171,1.1194329259186142,True
1050,robust,2013,21,1120,1169,1.0,100.0,0.6230597086049883,0.5468197386918171,1.1394243194211746,True
1050,robust,2013,22,1170,1219,1.0,100.0,0.6363993753638553,0.5468197386918171,1.1638193180193968,True
1050,robust,2013,23,1220,1269,0.98,98.0,0.6002692075409575,0.5468197386918171,1.0977460487747024,True
1050,robust,2013,24,1270,1319,1.0,100.0,0.5987203073655916,0.5468197386918171,1.0949134879401732,True
1050,robust,2013,25,1320,1369,0.96,96.0,0.6047577364935414,0.5468197386918171,1.1059544740289224,True
1050,robust,2013,26,1370,1419,1.0,100.0,0.6294470388090396,0.5468197386918171,1.1511051892802842,True
1050,robust,2013,27,1420,1469,1.0,100.0,0.622501065853638,0.5468197386918171,1.1384026980132007,True
1050,robust,2013,28,1470,1519,1.0,100.0,0.6125539141835521,0.5468197386918171,1.1202117824952589,True
1050,robust,2013,29,1520,1569,1.0,100.0,0.6045963684957051,0.5468197386918171,1.1056593712986837,True
1050,robust,2013,30,1570,1619,1.0,100.0,0.6094380056369335,0.5468197386918171,1.114513545350285,True
1050,robust,2013,31,1620,1669,1.0,100.0,0.6382339027712269,0.5468197386918171,1.1671742214319187,True
1050,robust,2013,32,1670,1719,1.0,100.0,0.6423615542724603,0.5468197386918171,1.174722689801236,True
1050,robust,2013,33,1720,1769,1.0,100.0,0.641245826614828,0.5468197386918171,1.172682295904151,True
1050,robust,2013,34,1770,1819,1.0,100.0,0.6405989758401159,0.5468197386918171,1.1714993635245343,True
1050,robust,2013,35,1820,1869,1.0,100.0,0.6382205283612971,0.5468197386918171,1.1671497628965304,True
1050,robust,2013,36,1870,1919,1.0,100.0,0.6331523746334837,0.5468197386918171,1.157881345227596,True
1050,robust,2013,37,1920,1969,1.0,100.0,0.6343681298455988,0.5468197386918171,1.160104665137414,True
1051,robust,2011,0,70,119,0.12,12.0,0.5054828529564239,0.5372171101318405,0.9409284317701114,False
1051,robust,2011,2,170,219,0.88,88.0,0.5544445884666608,0.5372171101318405,1.0320680000876972,True
1051,robust,2011,3,220,269,0.92,92.0,0.5537174719085856,0.5372171101318405,1.0307145127464308,True
1051,robust,2011,4,270,319,1.0,100.0,0.572861845846225,0.5372171101318405,1.066350708199962,True
1051,robust,2011,5,320,369,0.88,88.0,0.5622029216651714,0.5372171101318405,1.0465097091326803,True
1051,robust,2011,6,370,419,0.7,70.0,0.5463640430855193,0.5372171101318405,1.017026510848536,True
1051,robust,2011,7,420,469,1.0,100.0,0.5802871570817983,0.5372171101318405,1.080172515241348,True
1051,robust,2011,8,470,519,1.0,100.0,0.5892484442947046,0.5372171101318405,1.0968534567897417,True
1051,robust,2011,9,520,569,0.94,94.0,0.5845523375256012,0.5372171101318405,1.0881119132302841,True
1051,robust,2011,10,570,619,1.0,100.0,0.5898697611408897,0.5372171101318405,1.098010003806706,True
1051,robust,2011,11,620,669,0.92,92.0,0.5730230721651777,0.5372171101318405,1.0666508220941622,True
1051,robust,2011,12,670,719,0.84,84.0,0.5710619582382908,0.5372171101318405,1.0630003167586086,True
1051,robust,2011,13,720,769,1.0,100.0,0.5951232184905657,0.5372171101318405,1.1077890247101665,True
1051,robust,2011,14,770,819,1.0,100.0,0.6117687409090964,0.5372171101318405,1.1387737459794605,True
1051,robust,2011,15,820,869,1.0,100.0,0.6081512198480696,0.5372171101318405,1.1320399301854347,True
1051,robust,2011,16,870,919,1.0,100.0,0.6129580283448903,0.5372171101318405,1.1409875389011008,True
1051,robust,2011,17,920,969,1.0,100.0,0.6002848619983516,0.5372171101318405,1.1173971392144109,True
1051,robust,2011,18,970,1019,1.0,100.0,0.610220850837021,0.5372171101318405,1.135892434042662,True
1051,robust,2011,19,1020,1069,1.0,100.0,0.6089981429603603,0.5372171101318405,1.1336164308149153,True
1051,robust,2011,20,1070,1119,1.0,100.0,0.6107170622223589,0.5372171101318405,1.1368161041491782,True
1051,robust,2011,21,1120,1169,1.0,100.0,0.6481480247525246,0.5372171101318405,1.2064917749798776,True
1051,robust,2011,22,1170,1219,1.0,100.0,0.6395388373214668,0.5372171101318405,1.1904662477420258,True
1051,robust,2011,23,1220,1269,1.0,100.0,0.6028560023269238,0.5372171101318405,1.1221831750276432,True
1051,robust,2011,24,1270,1319,1.0,100.0,0.6120264784060416,0.5372171101318405,1.139253510104773,True
1051,robust,2011,25,1320,1369,1.0,100.0,0.6183626438992316,0.5372171101318405,1.151047932459703,True
1051,robust,2011,26,1370,1419,1.0,100.0,0.6317450855760414,0.5372171101318405,1.1759586090268093,True
1051,robust,2011,27,1420,1469,1.0,100.0,0.6087247534884237,0.5372171101318405,1.1331075314020327,True
1051,robust,2011,28,1470,1519,1.0,100.0,0.6003142674948465,0.5372171101318405,1.1174518759231646,True
1051,robust,2011,29,1520,1569,1.0,100.0,0.5967650115804308,0.5372171101318405,1.1108451319318116,True
1051,robust,2011,30,1570,1619,1.0,100.0,0.607702893365268,0.5372171101318405,1.1312053951820882,True
1051,robust,2011,31,1620,1669,1.0,100.0,0.6316581140198905,0.5372171101318405,1.1757967162752372,True
1051,robust,2011,32,1670,1719,1.0,100.0,0.6326469074280754,0.5372171101318405,1.1776373006303078,True
1051,robust,2011,33,1720,1769,1.0,100.0,0.6288201461142573,0.5372171101318405,1.1705139956542638,True
1051,robust,2011,34,1770,1819,1.0,100.0,0.6290457044495688,0.5372171101318405,1.1709338600462527,True
1051,robust,2011,35,1820,1869,1.0,100.0,0.6306489608427002,0.5372171101318405,1.1739182333338753,True
1051,robust,2011,36,1870,1919,1.0,100.0,0.6295813956425345,0.5372171101318405,1.1719310196356674,True
1051,robust,2011,37,1920,1969,1.0,100.0,0.6244603542926834,0.5372171101318405,1.1623984838074726,True
1052,robust,2004,0,70,119,0.04,4.0,0.48640638721329094,0.5439371272333109,0.8942327391537969,False
1052,robust,2004,1,120,169,0.38,38.0,0.5374919628219215,0.5439371272333109,0.9881509018437992,False
1052,robust,2004,2,170,219,0.3,30.0,0.5291274222886444,0.5439371272333109,0.9727731309315201,False
1052,robust,2004,3,220,269,0.36,36.0,0.5369554744662602,0.5439371272333109,0.9871645960213045,False
1052,robust,2004,4,270,319,0.62,62.0,0.5511636993449415,0.5439371272333109,1.0132856754022068,False
1052,robust,2004,5,320,369,0.76,76.0,0.5574542677832788,0.5439371272333109,1.024850556936096,True
1052,robust,2004,6,370,419,0.14,14.000000000000002,0.5187164586177861,0.5439371272333109,0.9536331179601446,False
1052,robust,2004,7,420,469,0.6,60.0,0.553217390567053,0.5439371272333109,1.017061279455119,False
1052,robust,2004,8,470,519,0.86,86.0,0.5661254758874191,0.5439371272333109,1.0407921201609593,True
1052,robust,2004,9,520,569,0.56,56.00000000000001,0.5471277144831834,0.5439371272333109,1.0058657280228345,False
1052,robust,2004,10,570,619,0.8,80.0,0.5690917371156089,0.5439371272333109,1.0462454365088936,True
1052,robust,2004,11,620,669,0.56,56.00000000000001,0.5489851178615011,0.5439371272333109,1.009280467126534,False
1052,robust,2004,12,670,719,0.7,70.0,0.5590537704742106,0.5439371272333109,1.0277911590955175,True
1052,robust,2004,13,720,769,0.9,90.0,0.5694604834804224,0.5439371272333109,1.0469233574419416,True
1052,robust,2004,14,770,819,1.0,100.0,0.597021608861407,0.5439371272333109,1.0975930470091382,True
1052,robust,2004,15,820,869,0.98,98.0,0.5640575170171193,0.5439371272333109,1.0369902857820148,True
1052,robust,2004,16,870,919,1.0,100.0,0.5853152396235282,0.5439371272333109,1.0760714985584519,True
1052,robust,2004,17,920,969,0.82,82.0,0.5674517280539566,0.5439371272333109,1.0432303655024446,True
1052,robust,2004,18,970,1019,1.0,100.0,0.582794632872568,0.5439371272333109,1.0714374946915326,True
1052,robust,2004,19,1020,1069,1.0,100.0,0.5908937868487536,0.5439371272333109,1.0863273662790471,True
1052,robust,2004,20,1070,1119,1.0,100.0,0.6218123741934667,0.5439371272333109,1.1431695743150712,True
1052,robust,2004,21,1120,1169,1.0,100.0,0.6157275449225758,0.5439371272333109,1.1319829334953115,True
1052,robust,2004,22,1170,1219,1.0,100.0,0.6194522456820476,0.5439371272333109,1.1388306013101879,True
1052,robust,2004,23,1220,1269,0.98,98.0,0.592315272596557,0.5439371272333109,1.088940693585888,True
1052,robust,2004,24,1270,1319,1.0,100.0,0.6077357653917376,0.5439371272333109,1.1172904642176806,True
1052,robust,2004,25,1320,1369,1.0,100.0,0.6243208232236599,0.5439371272333109,1.1477812268473264,True
1052,robust,2004,26,1370,1419,1.0,100.0,0.6289665159538926,0.5439371272333109,1.1563220902994367,True
1052,robust,2004,27,1420,1469,1.0,100.0,0.6100109309389494,0.5439371272333109,1.1214732372502632,True
1052,robust,2004,28,1470,1519,1.0,100.0,0.6066501810278477,0.5439371272333109,1.1152946740619112,True
1052,robust,2004,30,1570,1619,1.0,100.0,0.610160126641432,0.5439371272333109,1.1217475257571747,True
1052,robust,2004,31,1620,1669,1.0,100.0,0.6230980944060792,0.5439371272333109,1.1455333037761437,True
1052,robust,2004,32,1670,1719,1.0,100.0,0.6196881038251034,0.5439371272333109,1.1392642141879399,True
1052,robust,2004,33,1720,1769,1.0,100.0,0.6189202481881051,0.5439371272333109,1.1378525517024172,True
1052,robust,2004,34,1770,1819,1.0,100.0,0.6277918238354121,0.5439371272333109,1.1541624801907178,True
1052,robust,2004,35,1820,1869,1.0,100.0,0.6233013703366274,0.5439371272333109,1.1459070159578844,True
1052,robust,2004,36,1870,1919,1.0,100.0,0.6110496061438919,0.5439371272333109,1.123382787367251,True
1052,robust,2004,37,1920,1969,1.0,100.0,0.6157388280118089,0.5439371272333109,1.1320036768655803,True
1053,robust,2004,0,70,119,0.16,16.0,0.5056426365871668,0.5412122847169406,0.9342778256624809,False
1053,robust,2004,1,120,169,0.72,72.0,0.5462886108958411,0.5412122847169406,1.0093795472169584,True
1053,robust,2004,2,170,219,0.52,52.0,0.5433357138246502,0.5412122847169406,1.0039234680506561,False
1053,robust,2004,3,220,269,0.56,56.00000000000001,0.5429651900652701,0.5412122847169406,1.0032388498890898,False
1053,robust,2004,4,270,319,0.94,94.0,0.5640830099407014,0.5412122847169406,1.0422583261126868,True
1053,robust,2004,5,320,369,0.68,68.0,0.5517882433387948,0.5412122847169406,1.0195412390304215,False
1053,robust,2004,6,370,419,0.2,20.0,0.5250307733800466,0.5412122847169406,0.9701013598659218,False
1053,robust,2004,7,420,469,0.8,80.0,0.5600882840214354,0.5412122847169406,1.0348772558153723,True
1053,robust,2004,8,470,519,0.78,78.0,0.5580813175178507,0.5412122847169406,1.0311689761619747,True
1053,robust,2004,9,520,569,0.56,56.00000000000001,0.5480983301183173,0.5412122847169406,1.0127233723177185,False
1053,robust,2004,10,570,619,0.86,86.0,0.5729837600975686,0.5412122847169406,1.058704276081325,True
1053,robust,2004,11,620,669,0.56,56.00000000000001,0.5442312975041831,0.5412122847169406,1.0055782414266916,False
1053,robust,2004,12,670,719,0.62,62.0,0.5562316417314885,0.5412122847169406,1.027751323165924,False
1053,robust,2004,13,720,769,0.84,84.0,0.5617454041409145,0.5412122847169406,1.03793912297226,True
1053,robust,2004,14,770,819,0.98,98.0,0.5825433248474848,0.5412122847169406,1.0763675202830267,True
1053,robust,2004,15,820,869,1.0,100.0,0.5718376686619456,0.5412122847169406,1.0565866385701543,True
1053,robust,2004,16,870,919,1.0,100.0,0.5856921476736319,0.5412122847169406,1.082185612213061,True
1053,robust,2004,17,920,969,0.86,86.0,0.5795836527242744,0.5412122847169406,1.0708989228273011,True
1053,robust,2004,18,970,1019,1.0,100.0,0.5908418964875617,0.5412122847169406,1.091700822712437,True
1053,robust,2004,19,1020,1069,1.0,100.0,0.5913575187101172,0.5412122847169406,1.0926535398571062,True
1053,robust,2004,20,1070,1119,1.0,100.0,0.6119668369037616,0.5412122847169406,1.1307334555863349,True
1053,robust,2004,21,1120,1169,1.0,100.0,0.6238989698361359,0.5412122847169406,1.1527805030560998,True
1053,robust,2004,22,1170,1219,1.0,100.0,0.6114431720131817,0.5412122847169406,1.1297658779733215,True
1053,robust,2004,23,1220,1269,0.96,96.0,0.5752630550347289,0.5412122847169406,1.0629157380187648,True
1053,robust,2004,24,1270,1319,1.0,100.0,0.5919614144195393,0.5412122847169406,1.093769360259701,True
1053,robust,2004,25,1320,1369,1.0,100.0,0.6072649003737907,0.5412122847169406,1.122045669549789,True
1053,robust,2004,26,1370,1419,1.0,100.0,0.6152204590197796,0.5412122847169406,1.136745185563454,True
1053,robust,2004,27,1420,1469,1.0,100.0,0.604754400518799,0.5412122847169406,1.1174070094049908,True
1053,robust,2004,28,1470,1519,1.0,100.0,0.6178502726903905,0.5412122847169406,1.1416043022998494,True
1053,robust,2004,30,1570,1619,1.0,100.0,0.6129237966889732,0.5412122847169406,1.1325016338266203,True
1053,robust,2004,31,1620,1669,1.0,100.0,0.6268013555104871,0.5412122847169406,1.1581432521220585,True
1053,robust,2004,32,1670,1719,1.0,100.0,0.6238081880024269,0.5412122847169406,1.152612765116159,True
1053,robust,2004,33,1720,1769,1.0,100.0,0.6203367649963174,0.5412122847169406,1.1461986036047938,True
1053,robust,2004,34,1770,1819,1.0,100.0,0.6269391945815799,0.5412122847169406,1.1583979378987588,True
1053,robust,2004,35,1820,1869,1.0,100.0,0.6243196253803913,0.5412122847169406,1.1535577499075371,True
1053,robust,2004,36,1870,1919,1.0,100.0,0.6207673387973627,0.5412122847169406,1.1469941764570812,True
1053,robust,2004,37,1920,1969,1.0,100.0,0.6251966429681182,0.5412122847169406,1.1551782186450226,True
1100,moderate,1881,1,120,169,0.16,16.0,0.48234124160246716,0.55601299346632,0.8674999456315485,False
1100,moderate,1881,2,170,219,0.1,10.0,0.493553834082221,0.55601299346632,0.8876660075968485,False
1100,moderate,1881,3,220,269,0.2,20.0,0.4724247452227285,0.55601299346632,0.8496649372841413,False
1100,moderate,1881,4,270,319,0.2,20.0,0.49360434306372913,0.55601299346632,0.8877568489658484,False
1100,moderate,1881,5,320,369,0.18,18.0,0.48595006470026014,0.55601299346632,0.8739904829754597,False
1100,moderate,1881,6,370,419,0.3,30.0,0.5287784992670709,0.55601299346632,0.9510182414452893,False
1100,moderate,1881,7,420,469,0.3,30.0,0.533874942468332,0.55601299346632,0.96018429198934,False
1100,moderate,1881,8,470,519,0.56,56.00000000000001,0.5659034230056489,0.55601299346632,1.017788126636519,False
1100,moderate,1881,9,520,569,0.24,24.0,0.5111011753713479,0.55601299346632,0.9192252364194208,False
1100,moderate,1881,10,570,619,0.4,40.0,0.5501831801583146,0.55601299346632,0.9895149692965609,False
1100,moderate,1881,11,620,669,0.38,38.0,0.5498585716735249,0.55601299346632,0.9889311547299876,False
1100,moderate,1881,12,670,719,0.46,46.0,0.5516396981750478,0.55601299346632,0.9921345447990197,False
1100,moderate,1881,13,720,769,0.32,32.0,0.5289337262238529,0.55601299346632,0.9512974200950801,False
1100,moderate,1881,14,770,819,0.18,18.0,0.5096386977841388,0.55601299346632,0.916594942515511,False
1100,moderate,1881,15,820,869,0.26,26.0,0.5322934027940345,0.55601299346632,0.957339862645274,False
1100,moderate,1881,16,870,919,0.32,32.0,0.5351385514343724,0.55601299346632,0.9624569168756087,False
1100,moderate,1881,17,920,969,0.24,24.0,0.5103928098864954,0.55601299346632,0.9179512275506057,False
1100,moderate,1881,18,970,1019,0.32,32.0,0.5359856553240145,0.55601299346632,0.9639804494181867,False
1100,moderate,1881,19,1020,1069,0.46,46.0,0.5441808263782515,0.55601299346632,0.9787196212550646,False
1100,moderate,1881,20,1070,1119,0.54,54.0,0.5580735130242267,0.55601299346632,1.0037058838230755,False
1100,moderate,1881,21,1120,1169,0.52,52.0,0.5598680932076678,0.55601299346632,1.006933470596279,False
1100,moderate,1881,22,1170,1219,0.34,34.0,0.529285736802372,0.55601299346632,0.9519305178511678,False
1100,moderate,1881,23,1220,1269,0.5,50.0,0.556035820791654,0.55601299346632,1.0000410553810832,False
1100,moderate,1881,24,1270,1319,0.56,56.00000000000001,0.5632908462078883,0.55601299346632,1.013089357311951,False
1100,moderate,1881,25,1320,1369,0.56,56.00000000000001,0.5689408817981976,0.55601299346632,1.0232510543526725,False
1100,moderate,1881,26,1370,1419,0.38,38.0,0.5500875523692448,0.55601299346632,0.9893429808894669,False
1100,moderate,1881,27,1420,1469,0.26,26.0,0.5361788649444377,0.55601299346632,0.9643279406147839,False
1100,moderate,1881,28,1470,1519,0.48,48.0,0.5522735977590254,0.55601299346632,0.9932746253212855,False
1100,moderate,1881,29,1520,1569,1.0,100.0,0.588488860446138,0.55601299346632,1.0584084677182732,True
1100,moderate,1881,30,1570,1619,1.0,100.0,0.586623589130526,0.55601299346632,1.05505374159221,True
1100,moderate,1881,31,1620,1669,1.0,100.0,0.5912800951784174,0.55601299346632,1.0634285567541033,True
1100,moderate,1881,32,1670,1719,1.0,100.0,0.601400580598496,0.55601299346632,1.0816304432909358,True
1100,moderate,1881,33,1720,1769,1.0,100.0,0.5955208169498016,0.55601299346632,1.0710555759446918,True
1100,moderate,1881,34,1770,1819,1.0,100.0,0.5990034941312179,0.55601299346632,1.0773192374460256,True
1100,moderate,1881,35,1820,1869,1.0,100.0,0.6010597132225131,0.55601299346632,1.0810173867976733,True
1101,robust,1880,0,70,119,0.04,4.0,0.4856185340525706,0.5661062574600704,0.8578222332877554,False
1101,robust,1880,1,120,169,0.1,10.0,0.5058385630448882,0.5661062574600704,0.8935399607035202,False
1101,robust,1880,2,170,219,0.08,8.0,0.5293907613211912,0.5661062574600704,0.935143807977659,False
1101,robust,1880,3,220,269,0.08,8.0,0.500954364320742,0.5661062574600704,0.8849122540498967,False
1101,robust,1880,4,270,319,0.16,16.0,0.5102863086622336,0.5661062574600704,0.9013966935319135,False
1101,robust,1880,5,320,369,0.08,8.0,0.4988338294577698,0.5661062574600704,0.8811664292422248,False
1101,robust,1880,6,370,419,0.16,16.0,0.5383920648195076,0.5661062574600704,0.951044186006869,False
1101,robust,1880,7,420,469,0.2,20.0,0.5437126058293741,0.5661062574600704,0.9604426707255116,False
1101,robust,1880,8,470,519,0.34,34.0,0.5558834929971197,0.5661062574600704,0.9819419687943094,False
1101,robust,1880,9,520,569,0.16,16.0,0.5291317575270631,0.5661062574600704,0.9346862899928019,False
1101,robust,1880,10,570,619,0.4,40.0,0.5542656748389084,0.5661062574600704,0.9790841693319436,False
1101,robust,1880,11,620,669,0.24,24.0,0.542959225603645,0.5661062574600704,0.9591118600944664,False
1101,robust,1880,12,670,719,0.3,30.0,0.5525279994533709,0.5661062574600704,0.9760146477312924,False
1101,robust,1880,13,720,769,0.24,24.0,0.5443892905513202,0.5661062574600704,0.9616380023669285,False
1101,robust,1880,14,770,819,0.18,18.0,0.5395997548944538,0.5661062574600704,0.9531775135563023,False
1101,robust,1880,16,870,919,0.24,24.0,0.5438046036250388,0.5661062574600704,0.9606051804919246,False
1101,robust,1880,17,920,969,0.32,32.0,0.546112060114975,0.5661062574600704,0.9646811935363466,False
1101,robust,1880,18,970,1019,0.32,32.0,0.558637129047264,0.5661062574600704,0.9868061369850992,False
1101,robust,1880,19,1020,1069,0.8,80.0,0.5820254005829819,0.5661062574600704,1.028120415404584,True
1101,robust,1880,20,1070,1119,0.86,86.0,0.5791101925090361,0.5661062574600704,1.0229708378552642,True
1101,robust,1880,21,1120,1169,0.78,78.0,0.5773588660002674,0.5661062574600704,1.0198772021893623,True
1101,robust,1880,22,1170,1219,0.46,46.0,0.5614651925115186,0.5661062574600704,0.9918017776920985,False
1101,robust,1880,23,1220,1269,0.72,72.0,0.5828964903848801,0.5661062574600704,1.0296591544494524,True
1101,robust,1880,24,1270,1319,0.82,82.0,0.5924993079123366,0.5661062574600704,1.046622078637115,True
1101,robust,1880,25,1320,1369,0.76,76.0,0.5874950729189792,0.5661062574600704,1.0377823335761616,True
1101,robust,1880,26,1370,1419,0.46,46.0,0.5646103485617789,0.5661062574600704,0.9973575474946998,False
1101,robust,1880,28,1470,1519,0.8,80.0,0.5842883154439442,0.5661062574600704,1.0321177477624972,True
1101,robust,1880,29,1520,1569,1.0,100.0,0.6095022859326931,0.5661062574600704,1.07665703726245,True
1101,robust,1880,30,1570,1619,1.0,100.0,0.6122683541626059,0.5661062574600704,1.0815431663123625,True
1101,robust,1880,31,1620,1669,1.0,100.0,0.6156156258976494,0.5661062574600704,1.0874559639381325,True
1101,robust,1880,32,1670,1719,1.0,100.0,0.6164156410362037,0.5661062574600704,1.0888691529428676,True
1101,robust,1880,33,1720,1769,1.0,100.0,0.6083629700888757,0.5661062574600704,1.0746444895670242,True
1101,robust,1880,34,1770,1819,1.0,100.0,0.6177300960268663,0.5661062574600704,1.0911910756797052,True
1101,robust,1880,35,1820,1869,1.0,100.0,0.6202557821415557,0.5661062574600704,1.0956525810621423,True
1102,moderate,1879,0,70,119,0.04,4.0,0.48088201473342007,0.5643333735415192,0.8521240055600584,False
1102,moderate,1879,1,120,169,0.14,14.000000000000002,0.4849619484825545,0.5643333735415192,0.8593536572879554,False
1102,moderate,1879,2,170,219,0.08,8.0,0.48990894524868434,0.5643333735415192,0.8681197466210824,False
1102,moderate,1879,3,220,269,0.18,18.0,0.47750319445259704,0.5643333735415192,0.8461367284659909,False
1102,moderate,1879,4,270,319,0.2,20.0,0.5000779391225941,0.5643333735415192,0.8861392265077556,False
1102,moderate,1879,5,320,369,0.16,16.0,0.4852772161671426,0.5643333735415192,0.8599123123301154,False
1102,moderate,1879,6,370,419,0.22,22.0,0.5169629329720971,0.5643333735415192,0.9160594733709524,False
1102,moderate,1879,7,420,469,0.2,20.0,0.5149645991425653,0.5643333735415192,0.9125184213559155,False
1102,moderate,1879,8,470,519,0.44,44.0,0.5497806647402559,0.5643333735415192,0.9742125674582442,False
1102,moderate,1879,9,520,569,0.24,24.0,0.5309967612330266,0.5643333735415192,0.9409274484348037,False
1102,moderate,1879,10,570,619,0.4,40.0,0.5539609190292449,0.5643333735415192,0.9816199874071222,False
1102,moderate,1879,11,620,669,0.42,42.0,0.5459180842362161,0.5643333735415192,0.9673680661667473,False
1102,moderate,1879,12,670,719,0.46,46.0,0.5619882633586486,0.5643333735415192,0.9958444595113103,False
1102,moderate,1879,13,720,769,0.4,40.0,0.5504226736600011,0.5643333735415192,0.975350208699832,False
1102,moderate,1879,14,770,819,0.2,20.0,0.517310698991869,0.5643333735415192,0.9166757155357379,False
1102,moderate,1879,15,820,869,0.26,26.0,0.5327877846085642,0.5643333735415192,0.9441011458617304,False
1102,moderate,1879,16,870,919,0.18,18.0,0.5098030154693858,0.5643333735415192,0.9033720835435909,False
1102,moderate,1879,17,920,969,0.24,24.0,0.49321205137539875,0.5643333735415192,0.8739728580647411,False
1102,moderate,1879,18,970,1019,0.26,26.0,0.5205349372395557,0.5643333735415192,0.9223890729213781,False
1102,moderate,1879,19,1020,1069,0.52,52.0,0.5693399753796795,0.5643333735415192,1.0088717096540667,False
1102,moderate,1879,20,1070,1119,0.48,48.0,0.563385046752291,0.5643333735415192,0.9983195628086339,False
1102,moderate,1879,21,1120,1169,0.86,86.0,0.5852547188921879,0.5643333735415192,1.0370726707502254,True
1102,moderate,1879,22,1170,1219,0.32,32.0,0.5487810891232685,0.5643333735415192,0.9724413172294754,False
1102,moderate,1879,23,1220,1269,0.64,64.0,0.5795098402720051,0.5643333735415192,1.0268927329873205,False
1102,moderate,1879,24,1270,1319,0.72,72.0,0.5886031281276418,0.5643333735415192,1.043006059403887,True
1102,moderate,1879,25,1320,1369,0.64,64.0,0.5812480814596099,0.5643333735415192,1.0299729002591873,False
1102,moderate,1879,26,1370,1419,0.5,50.0,0.5644059026211014,0.5643333735415192,1.0001285216912248,False
1102,moderate,1879,28,1470,1519,0.54,54.0,0.5677971720152137,0.5643333735415192,1.0061378586418825,False
1102,moderate,1879,29,1520,1569,1.0,100.0,0.5937491663248491,0.5643333735415192,1.0521248505980227,True
1102,moderate,1879,30,1570,1619,0.98,98.0,0.5991620750453078,0.5643333735415192,1.0617165369561936,True
1102,moderate,1879,31,1620,1669,0.96,96.0,0.6052463248410918,0.5643333735415192,1.072497841201239,True
1102,moderate,1879,32,1670,1719,1.0,100.0,0.620870152519073,0.5643333735415192,1.1001832987880065,True
1102,moderate,1879,33,1720,1769,1.0,100.0,0.6145706563643537,0.5643333735415192,1.0890205775135473,True
1102,moderate,1879,34,1770,1819,1.0,100.0,0.6172140429086201,0.5643333735415192,1.0937046643817006,True
1102,moderate,1879,35,1820,1869,1.0,100.0,0.6106688943644176,0.5643333735415192,1.082106646523696,True
1103,moderate,1879,0,70,119,0.04,4.0,0.48423310454080837,0.5656430527337266,0.8560754033847534,False
1103,moderate,1879,1,120,169,0.14,14.000000000000002,0.4913306286107863,0.5656430527337266,0.8686231117596304,False
1103,moderate,1879,2,170,219,0.06,6.0,0.513614795751834,0.5656430527337266,0.9080192769442805,False
1103,moderate,1879,3,220,269,0.18,18.0,0.48665008822721495,0.5656430527337266,0.8603483873358961,False
1103,moderate,1879,4,270,319,0.18,18.0,0.5086896458258652,0.5656430527337266,0.8993121074631638,False
1103,moderate,1879,5,320,369,0.12,12.0,0.4864746972992141,0.5656430527337266,0.8600383138237171,False
1103,moderate,1879,6,370,419,0.2,20.0,0.5272721631685768,0.5656430527337266,0.9321641282789472,False
1103,moderate,1879,7,420,469,0.12,12.0,0.5331431367302094,0.5656430527337266,0.9425434187754157,False
1103,moderate,1879,8,470,519,0.38,38.0,0.5496527450334244,0.5656430527337266,0.9717307449936461,False
1103,moderate,1879,9,520,569,0.18,18.0,0.5340699947937011,0.5656430527337266,0.9441820105675578,False
1103,moderate,1879,10,570,619,0.34,34.0,0.5509509598781894,0.5656430527337266,0.9740258582076966,False
1103,moderate,1879,11,620,669,0.24,24.0,0.5396326748654006,0.5656430527337266,0.9540162691955305,False
1103,moderate,1879,12,670,719,0.28,28.000000000000004,0.5430738013617707,0.5656430527337266,0.960099834581403,False
1103,moderate,1879,13,720,769,0.3,30.0,0.5467282459327978,0.5656430527337266,0.9665605248583635,False
1103,moderate,1879,14,770,819,0.18,18.0,0.5115663033515461,0.5656430527337266,0.9043977485079502,False
1103,moderate,1879,15,820,869,0.22,22.0,0.5372433621907129,0.5656430527337266,0.9497922048087405,False
1103,moderate,1879,16,870,919,0.22,22.0,0.5269836305007123,0.5656430527337266,0.9316540315554569,False
1103,moderate,1879,17,920,969,0.24,24.0,0.503922704146395,0.5656430527337266,0.8908846342423192,False
1103,moderate,1879,18,970,1019,0.28,28.000000000000004,0.5340667404421717,0.5656430527337266,0.9441762572015195,False
1103,moderate,1879,19,1020,1069,0.52,52.0,0.5689457896476061,0.5656430527337266,1.0058389065293343,False
1103,moderate,1879,20,1070,1119,0.42,42.0,0.5580067969703913,0.5656430527337266,0.9864998682005734,False
1103,moderate,1879,21,1120,1169,0.48,48.0,0.563398055219852,0.5656430527337266,0.9960310702959673,False
1103,moderate,1879,22,1170,1219,0.3,30.0,0.5432495410634431,0.5656430527337266,0.9604105246903384,False
1103,moderate,1879,23,1220,1269,0.4,40.0,0.5601737157166267,0.5656430527337266,0.9903307625000132,False
1103,moderate,1879,24,1270,1319,0.56,56.00000000000001,0.5713195514722018,0.5656430527337266,1.0100354785779493,False
1103,moderate,1879,25,1320,1369,0.5,50.0,0.5655780515099275,0.5656430527337266,0.9998850843770024,False
1103,moderate,1879,26,1370,1419,0.42,42.0,0.5615001668920423,0.5656430527337266,0.9926757947054031,False
1103,moderate,1879,28,1470,1519,0.48,48.0,0.5609687361558595,0.5656430527337266,0.991736278638487,False
1103,moderate,1879,29,1520,1569,0.98,98.0,0.5928584219336475,0.5656430527337266,1.0481140342277524,True
1103,moderate,1879,30,1570,1619,0.88,88.0,0.6003390684754473,0.5656430527337266,1.0613390645815173,True
1103,moderate,1879,31,1620,1669,0.96,96.0,0.5968386335923713,0.5656430527337266,1.0551506479357926,True
1103,moderate,1879,32,1670,1719,1.0,100.0,0.6035063837452127,0.5656430527337266,1.0669385592707175,True
1103,moderate,1879,33,1720,1769,1.0,100.0,0.6040371178073396,0.5656430527337266,1.0678768436880048,True
1103,moderate,1879,34,1770,1819,1.0,100.0,0.6035159392108196,0.5656430527337266,1.0669554523724019,True
1103,moderate,1879,35,1820,1869,1.0,100.0,0.6116662109078028,0.5656430527337266,1.0813643126202088,True
2000,moderate,1555,0,70,119,0.06,6.0,0.49008951212528384,0.601845254720432,0.8143114999767495,False
2000,moderate,1555,1,120,169,0.12,12.0,0.5274622752345439,0.601845254720432,0.8764084639656412,False
2000,moderate,1555,2,170,219,0.1,10.0,0.5324522060133294,0.601845254720432,0.8846995167564511,False
2000,moderate,1555,3,220,269,0.1,10.0,0.543638867202344,0.601845254720432,0.9032867883204863,False
2000,moderate,1555,4,270,319,0.02,2.0,0.5023385416777431,0.601845254720432,0.8346639567858491,False
2000,moderate,1555,5,320,369,0.06,6.0,0.5343722279490295,0.601845254720432,0.8878897420189099,False
2000,moderate,1555,6,370,419,0.16,16.0,0.5602873264248215,0.601845254720432,0.9309491468618208,False
2000,moderate,1555,7,420,469,0.06,6.0,0.5409866383173718,0.601845254720432,0.8988799597143453,False
2000,moderate,1555,8,470,519,0.16,16.0,0.5339488682802023,0.601845254720432,0.8871863059354537,False
2000,moderate,1555,9,520,569,0.12,12.0,0.5596393963304553,0.601845254720432,0.929872574288914,False
2000,moderate,1555,10,570,619,0.12,12.0,0.5681956493994501,0.601845254720432,0.9440892736844577,False
2000,moderate,1555,11,620,669,0.24,24.0,0.5915088446876542,0.601845254720432,0.9828254689196158,False
2000,moderate,1555,12,670,719,0.12,12.0,0.56925343030988,0.601845254720432,0.9458468366163465,False
2000,moderate,1555,13,720,769,0.14,14.000000000000002,0.5575990017039913,0.601845254720432,0.9264823429786883,False
2000,moderate,1555,14,770,819,0.46,46.0,0.599232016525852,0.601845254720432,0.9956579566357237,False
2000,moderate,1555,15,820,869,0.54,54.0,0.6039506865652534,0.601845254720432,1.0034982943344788,False
2000,moderate,1555,16,870,919,0.78,78.0,0.6278552077762567,0.601845254720432,1.0432170111034718,True
2000,moderate,1555,17,920,969,0.5,50.0,0.6021674157285413,0.601845254720432,1.0005352887732892,False
2000,moderate,1555,18,970,1019,0.16,16.0,0.577460229587049,0.601845254720432,0.959482898731651,False
2000,moderate,1555,19,1020,1069,0.0,0.0,0.5524254195691116,0.601845254720432,0.9178861430513782,False
2000,moderate,1555,20,1070,1119,0.12,12.0,0.5637440426127807,0.601845254720432,0.9366926767157945,False
2000,moderate,1555,21,1120,1169,0.06,6.0,0.5521699293434892,0.601845254720432,0.9174616315617243,False
2000,moderate,1555,23,1220,1269,0.18,18.0,0.5763679858909445,0.601845254720432,0.9576680739282024,False
2000,moderate,1555,24,1270,1319,0.1,10.0,0.5639097533543636,0.601845254720432,0.9369680145045087,False
2000,moderate,1555,25,1320,1369,0.08,8.0,0.5507957637833475,0.601845254720432,0.9151783776033958,False
2000,moderate,1555,26,1370,1419,0.04,4.0,0.5310767377645733,0.601845254720432,0.8824140983071604,False
2000,moderate,1555,27,1420,1469,0.1,10.0,0.5421401154980534,0.601845254720432,0.9007965274227961,False
2000,moderate,1555,28,1470,1519,0.06,6.0,0.5373060237123568,0.601845254720432,0.8927644099511014,False
2100,weak,1549,0,70,119,0.02,2.0,0.4390423950766012,0.5736467420238889,0.7653532442764536,False
2100,weak,1549,1,120,169,0.18,18.0,0.45635009203842725,0.5736467420238889,0.7955245948549692,False
2100,weak,1549,2,170,219,0.0,0.0,0.4451462770051152,0.5736467420238889,0.7759937334161267,False
2100,weak,1549,3,220,269,0.08,8.0,0.45420871469989443,0.5736467420238889,0.791791674955559,False
2100,weak,1549,4,270,319,0.06,6.0,0.4360230078784345,0.5736467420238889,0.7600897485098536,False
2100,weak,1549,5,320,369,0.02,2.0,0.43842004954367875,0.5736467420238889,0.7642683509312448,False
2100,weak,1549,6,370,419,0.08,8.0,0.43942786060127037,0.5736467420238889,0.7660252005457583,False
2100,weak,1549,7,420,469,0.1,10.0,0.4600502887656091,0.5736467420238889,0.8019749003411072,False
2100,weak,1549,8,470,519,0.04,4.0,0.44660332199084407,0.5736467420238889,0.7785337024928938,False
2100,weak,1549,9,520,569,0.04,4.0,0.45361667410868883,0.5736467420238889,0.7907596101884572,False
2100,weak,1549,10,570,619,0.04,4.0,0.4629829395653484,0.5736467420238889,0.8070871943452405,False
2100,weak,1549,11,620,669,0.06,6.0,0.44420954534709334,0.5736467420238889,0.7743607917651082,False
2100,weak,1549,12,670,719,0.06,6.0,0.4476985853914389,0.5736467420238889,0.780443001928171,False
2100,weak,1549,13,720,769,0.06,6.0,0.44431408848525783,0.5736467420238889,0.7745430348260478,False
2100,weak,1549,14,770,819,0.04,4.0,0.4600462744184828,0.5736467420238889,0.8019679023982406,False
2100,weak,1549,15,820,869,0.04,4.0,0.4576824286650373,0.5736467420238889,0.7978471681897525,False
2100,weak,1549,16,870,919,0.12,12.0,0.4772066249033162,0.5736467420238889,0.8318823937179155,False
2100,weak,1549,17,920,969,0.1,10.0,0.45842449125268886,0.5736467420238889,0.79914075626982,False
2100,weak,1549,18,970,1019,0.08,8.0,0.4658848382170381,0.5736467420238889,0.8121458801863758,False
2100,weak,1549,19,1020,1069,0.08,8.0,0.4579695376872618,0.5736467420238889,0.7983476661464072,False
2100,weak,1549,20,1070,1119,0.1,10.0,0.4489482089472676,0.5736467420238889,0.7826213870984936,False
2100,weak,1549,21,1120,1169,0.1,10.0,0.4405663405366317,0.5736467420238889,0.7680098364757815,False
2100,weak,1549,23,1220,1269,0.06,6.0,0.45371491619937654,0.5736467420238889,0.7909308690547433,False
2100,weak,1549,24,1270,1319,0.04,4.0,0.45353595159668436,0.5736467420238889,0.790618892031984,False
2100,weak,1549,25,1320,1369,0.08,8.0,0.45337230990957655,0.5736467420238889,0.7903336264231696,False
2100,weak,1549,26,1370,1419,0.1,10.0,0.46083659169995905,0.5736467420238889,0.803345609658789,False
2100,weak,1549,27,1420,1469,0.2,20.0,0.4575774681696668,0.5736467420238889,0.7976641975779085,False
2100,weak,1549,28,1470,1519,0.16,16.0,0.44949978379055255,0.5736467420238889,0.7835829106335858,False
2200,weak,1558,0,70,119,0.16,16.0,0.4644468712867267,0.535053608249289,0.8680380136233644,False
2200,weak,1558,1,120,169,0.16,16.0,0.4704449511837002,0.535053608249289,0.8792482546244474,False
2200,weak,1558,2,170,219,0.04,4.0,0.46642603967740603,0.535053608249289,0.871737023143467,False
2200,weak,1558,3,220,269,0.14,14.000000000000002,0.487175887533407,0.535053608249289,0.9105178995567578,False
2200,weak,1558,5,320,369,0.02,2.0,0.4663712710647519,0.535053608249289,0.8716346621616706,False
2200,weak,1558,6,370,419,0.24,24.0,0.5021321562300789,0.535053608249289,0.9384707410404537,False
2200,weak,1558,7,420,469,0.2,20.0,0.48745179139742656,0.535053608249289,0.9110335560438195,False
2200,weak,1558,8,470,519,0.18,18.0,0.48752524228241984,0.535053608249289,0.9111708336621008,False
2200,weak,1558,9,520,569,0.26,26.0,0.5041291900586806,0.535053608249289,0.9422031405567116,False
2200,weak,1558,10,570,619,0.18,18.0,0.5112536749513078,0.535053608249289,0.9555186005083578,False
2200,weak,1558,11,620,669,0.32,32.0,0.5038783020329767,0.535053608249289,0.9417342379610917,False
2200,weak,1558,12,670,719,0.12,12.0,0.49539361164631845,0.535053608249289,0.9258765925666042,False
2200,weak,1558,13,720,769,0.12,12.0,0.4971868585943172,0.535053608249289,0.9292281201899134,False
2200,weak,1558,14,770,819,0.2,20.0,0.5070509091137025,0.535053608249289,0.9476637505030343,False
2200,weak,1558,15,820,869,0.3,30.0,0.5133985176540414,0.535053608249289,0.9595272506130672,False
2200,weak,1558,16,870,919,0.36,36.0,0.5185430172459216,0.535053608249289,0.9691421742628918,False
2200,weak,1558,17,920,969,0.32,32.0,0.5230310647701866,0.535053608249289,0.9775302076394913,False
2200,weak,1558,18,970,1019,0.26,26.0,0.5031241078058876,0.535053608249289,0.9403246703673754,False
2200,weak,1558,19,1020,1069,0.24,24.0,0.5055996761357539,0.535053608249289,0.9449514372776415,False
2200,weak,1558,20,1070,1119,0.22,22.0,0.5033468806363814,0.535053608249289,0.9407410264615298,False
2200,weak,1558,21,1120,1169,0.18,18.0,0.4988652629147562,0.535053608249289,0.9323650102034782,False
2200,weak,1558,22,1170,1219,0.2,20.0,0.5010038372090949,0.535053608249289,0.9363619448309003,False
2200,weak,1558,23,1220,1269,0.22,22.0,0.5115909795023104,0.535053608249289,0.9561490131358069,False
2200,weak,1558,24,1270,1319,0.14,14.000000000000002,0.5137451716804435,0.535053608249289,0.9601751371445427,False
2200,weak,1558,25,1320,1369,0.18,18.0,0.512188354348781,0.535053608249289,0.9572654897603179,False
2200,weak,1558,26,1370,1419,0.18,18.0,0.5108457462981062,0.535053608249289,0.9547561934393982,False
2200,weak,1558,27,1420,1469,0.38,38.0,0.521228228658575,0.535053608249289,0.9741607581416915,False
2200,weak,1558,28,1470,1519,0.4,40.0,0.5228365856787286,0.535053608249289,0.977166731740143,False
2300,weak,1553,0,70,119,0.1,10.0,0.4685076555363126,0.5505706438720614,0.8509492119692124,False
2300,weak,1553,1,120,169,0.18,18.0,0.4834251670886852,0.5505706438720614,0.878043848631023,False
2300,weak,1553,2,170,219,0.04,4.0,0.4756067783674486,0.5505706438720614,0.863843329935999,False
2300,weak,1553,3,220,269,0.12,12.0,0.5024146552981743,0.5505706438720614,0.9125344056936727,False
2300,weak,1553,4,270,319,0.12,12.0,0.4675624299610788,0.5505706438720614,0.8492324012642569,False
2300,weak,1553,5,320,369,0.06,6.0,0.4828229117320732,0.5505706438720614,0.8769499738243743,False
2300,weak,1553,6,370,419,0.18,18.0,0.4930020212433621,0.5505706438720614,0.8954382634282317,False
2300,weak,1553,7,420,469,0.18,18.0,0.49018881854003354,0.5505706438720614,0.8903286508205855,False
2300,weak,1553,8,470,519,0.16,16.0,0.49504197408263617,0.5505706438720614,0.899143424358948,False
2300,weak,1553,9,520,569,0.18,18.0,0.5102442561834879,0.5505706438720614,0.9267552890125679,False
2300,weak,1553,10,570,619,0.16,16.0,0.5096054174443301,0.5505706438720614,0.9255949679052436,False
2300,weak,1553,11,620,669,0.32,32.0,0.534320971338222,0.5505706438720614,0.9704857628812925,False
2300,weak,1553,12,670,719,0.28,28.000000000000004,0.5210330812629056,0.5505706438720614,0.9463510033854626,False
2300,weak,1553,13,720,769,0.2,20.0,0.5215601730204179,0.5505706438720614,0.9473083587464485,False
2300,weak,1553,14,770,819,0.16,16.0,0.5217612312398152,0.5505706438720614,0.947673540257005,False
2300,weak,1553,15,820,869,0.46,46.0,0.5459519197994204,0.5505706438720614,0.9916110237186668,False
2300,weak,1553,16,870,919,0.36,36.0,0.5421212219291727,0.5505706438720614,0.9846533373383921,False
2300,weak,1553,17,920,969,0.5,50.0,0.5474745965675707,0.5505706438720614,0.9943766574935474,False
2300,weak,1553,18,970,1019,0.24,24.0,0.5220632084747917,0.5505706438720614,0.9482220207078564,False
2300,weak,1553,19,1020,1069,0.24,24.0,0.5212208165848291,0.5505706438720614,0.9466919865526784,False
2300,weak,1553,20,1070,1119,0.26,26.0,0.5330142357437326,0.5505706438720614,0.9681123424873185,False
2300,weak,1553,21,1120,1169,0.24,24.0,0.5247856435908185,0.5505706438720614,0.95316677238746,False
2300,weak,1553,22,1170,1219,0.06,6.0,0.5161304703796326,0.5505706438720614,0.9374464042430277,False
2300,weak,1553,23,1220,1269,0.38,38.0,0.537728955487755,0.5505706438720614,0.9766756754519398,False
2300,weak,1553,24,1270,1319,0.28,28.000000000000004,0.5359017492599476,0.5505706438720614,0.9733569256272906,False
2300,weak,1553,25,1320,1369,0.26,26.0,0.5404784234951836,0.5505706438720614,0.9816695269004879,False
2300,weak,1553,26,1370,1419,0.28,28.000000000000004,0.5345905722519046,0.5505706438720614,0.9709754383056606,False
2300,weak,1553,27,1420,1469,0.34,34.0,0.5364581011393512,0.5505706438720614,0.974367426070051,False
2300,weak,1553,28,1470,1519,0.4,40.0,0.5424695954255389,0.5505706438720614,0.9852860871957331,False
2400,weak,1552,0,70,119,0.02,2.0,0.4363818051277148,0.5932500550415636,0.7355781957696431,False
2400,weak,1552,1,120,169,0.18,18.0,0.4582708256848662,0.5932500550415636,0.772474982160363,False
2400,weak,1552,2,170,219,0.02,2.0,0.4469605758819515,0.5932500550415636,0.753410087506249,False
2400,weak,1552,3,220,269,0.06,6.0,0.43941487646236604,0.5932500550415636,0.740690831341904,False
2400,weak,1552,4,270,319,0.1,10.0,0.4348337172149199,0.5932500550415636,0.7329686925767839,False
2400,weak,1552,5,320,369,0.04,4.0,0.44554103084596286,0.5932500550415636,0.7510172600232593,False
2400,weak,1552,6,370,419,0.06,6.0,0.442274037833461,0.5932500550415636,0.7455103190887608,False
2400,weak,1552,7,420,469,0.04,4.0,0.4536013466115103,0.5932500550415636,0.7646039688605349,False
2400,weak,1552,8,470,519,0.06,6.0,0.44225466680370634,0.5932500550415636,0.7454776667028233,False
2400,weak,1552,9,520,569,0.06,6.0,0.4629728937259868,0.5932500550415636,0.7804009283969651,False
2400,weak,1552,10,570,619,0.06,6.0,0.459109575306628,0.5932500550415636,0.773888803557654,False
2400,weak,1552,11,620,669,0.04,4.0,0.4629731201862223,0.5932500550415636,0.7804013101250973,False
2400,weak,1552,12,670,719,0.04,4.0,0.46754599853833984,0.5932500550415636,0.7881094903658848,False
2400,weak,1552,13,720,769,0.06,6.0,0.4643200697439003,0.5932500550415636,0.7826717685030297,False
2400,weak,1552,14,770,819,0.04,4.0,0.470016175265893,0.5932500550415636,0.7922732939872433,False
2400,weak,1552,15,820,869,0.08,8.0,0.47016357762817235,0.5932500550415636,0.7925217598087408,False
2400,weak,1552,16,870,919,0.06,6.0,0.4898545135293403,0.5932500550415636,0.8257133890952959,False
2400,weak,1552,17,920,969,0.08,8.0,0.48037072314406265,0.5932500550415636,0.8097272289513863,False
2400,weak,1552,19,1020,1069,0.06,6.0,0.4638036016115058,0.5932500550415636,0.7818011944036167,False
2400,weak,1552,20,1070,1119,0.06,6.0,0.4610617555712362,0.5932500550415636,0.7771794568800062,False
2400,weak,1552,21,1120,1169,0.1,10.0,0.46055985760305074,0.5932500550415636,0.7763334426842717,False
2400,weak,1552,22,1170,1219,0.04,4.0,0.4674959185378079,0.5932500550415636,0.7880250740222093,False
2400,weak,1552,24,1270,1319,0.04,4.0,0.45842100852816575,0.5932500550415636,0.7727281348436594,False
2400,weak,1552,25,1320,1369,0.08,8.0,0.4585231745505924,0.5932500550415636,0.7729003489404951,False
2400,weak,1552,26,1370,1419,0.06,6.0,0.4693512733876105,0.5932500550415636,0.7911525155353376,False
2400,weak,1552,27,1420,1469,0.14,14.000000000000002,0.46869195852747236,0.5932500550415636,0.7900411547279762,False
2400,weak,1552,28,1470,1519,0.12,12.0,0.4700699204775646,0.5932500550415636,0.7923638885202144,False
2500,robust,1581,0,70,119,0.02,2.0,0.4890204673232957,0.5796576936165481,0.8436366371198202,False
2500,robust,1581,1,120,169,0.04,4.0,0.5167487242628607,0.5796576936165481,0.8914722084318567,False
2500,robust,1581,2,170,219,0.02,2.0,0.49529013569016633,0.5796576936165481,0.8544527936824176,False
2500,robust,1581,3,220,269,0.02,2.0,0.49581212900184346,0.5796576936165481,0.8553533136227643,False
2500,robust,1581,4,270,319,0.0,0.0,0.4711191836671613,0.5796576936165481,0.8127541286095884,False
2500,robust,1581,5,320,369,0.02,2.0,0.5039037093391542,0.5796576936165481,0.8693125527157994,False
2500,robust,1581,6,370,419,0.2,20.0,0.542346543797156,0.5796576936165481,0.9356324426807764,False
2500,robust,1581,7,420,469,0.14,14.000000000000002,0.5238970164782322,0.5796576936165481,0.9038041282771235,False
2500,robust,1581,8,470,519,0.04,4.0,0.5323837043599257,0.5796576936165481,0.9184449895563798,False
2500,robust,1581,9,520,569,0.34,34.0,0.5496018424690006,0.5796576936165481,0.9481489653660495,False
2500,robust,1581,10,570,619,0.32,32.0,0.5680947728591794,0.5796576936165481,0.9800521568423834,False
2500,robust,1581,11,620,669,0.26,26.0,0.5552411177745331,0.5796576936165481,0.9578775955000661,False
2500,robust,1581,12,670,719,0.22,22.0,0.5446053164852064,0.5796576936165481,0.9395291781384871,False
2500,robust,1581,13,720,769,0.24,24.0,0.5644622753650349,0.5796576936165481,0.9737855316700668,False
2500,robust,1581,14,770,819,0.28,28.000000000000004,0.5722930422118717,0.5796576936165481,0.9872948267817727,False
2500,robust,1581,15,820,869,0.28,28.000000000000004,0.5601466047929594,0.5796576936165481,0.9663403263021374,False
2500,robust,1581,16,870,919,0.5,50.0,0.5794595863551131,0.5796576936165481,0.9996582340515504,False
2500,robust,1581,17,920,969,0.56,56.00000000000001,0.5818082296947843,0.5796576936165481,1.003710010411177,False
2500,robust,1581,18,970,1019,0.32,32.0,0.5569420952638713,0.5796576936165481,0.9608120471739939,False
2500,robust,1581,19,1020,1069,0.18,18.0,0.535590369498975,0.5796576936165481,0.9239769874481745,False
2500,robust,1581,20,1070,1119,0.22,22.0,0.5433969077130161,0.5796576936165481,0.9374444843864713,False
2500,robust,1581,21,1120,1169,0.02,2.0,0.5336340858052213,0.5796576936165481,0.9206020927209981,False
2500,robust,1581,22,1170,1219,0.18,18.0,0.5372869171224489,0.5796576936165481,0.9269037969120306,False
2500,robust,1581,23,1220,1269,0.3,30.0,0.5515195931444972,0.5796576936165481,0.9514573846221307,False
2500,robust,1581,24,1270,1319,0.14,14.000000000000002,0.5429503986435067,0.5796576936165481,0.9366741865461656,False
2500,robust,1581,25,1320,1369,0.06,6.0,0.5383008043673627,0.5796576936165481,0.9286529106667157,False
2500,robust,1581,26,1370,1419,0.06,6.0,0.5266155080000472,0.5796576936165481,0.9084939504803864,False
2500,robust,1581,27,1420,1469,0.1,10.0,0.5374551940923635,0.5796576936165481,0.9271941009514106,False
2500,robust,1581,28,1470,1519,0.14,14.000000000000002,0.5445402976864079,0.5796576936165481,0.9394170105618044,False
2500,robust,1581,29,1520,1569,0.14,14.000000000000002,0.5521767921792614,0.5796576936165481,0.9525911555390039,False
3000,weak,1545,0,70,119,0.06,6.0,0.4461918541696488,0.5719845149501549,0.7800768071641446,False
3000,weak,1545,1,120,169,0.2,20.0,0.4821906220288472,0.5719845149501549,0.8430134198141138,False
3000,weak,1545,3,220,269,0.12,12.0,0.45977970648174893,0.5719845149501549,0.803832436830595,False
3000,weak,1545,4,270,319,0.12,12.0,0.4533233794218385,0.5719845149501549,0.7925448461858149,False
3000,weak,1545,5,320,369,0.04,4.0,0.4633944492450286,0.5719845149501549,0.8101520882701007,False
3000,weak,1545,6,370,419,0.06,6.0,0.4555463552846959,0.5719845149501549,0.7964312728368076,False
3000,weak,1545,7,420,469,0.12,12.0,0.4674121767483892,0.5719845149501549,0.817176277559055,False
3000,weak,1545,8,470,519,0.1,10.0,0.4639971918313832,0.5719845149501549,0.8112058625779718,False
3000,weak,1545,9,520,569,0.12,12.0,0.48143990846348034,0.5719845149501549,0.8417009479800952,False
3000,weak,1545,10,570,619,0.12,12.0,0.48174069926481133,0.5719845149501549,0.8422268202606712,False
3000,weak,1545,11,620,669,0.04,4.0,0.4863532122838284,0.5719845149501549,0.8502908725181332,False
3000,weak,1545,12,670,719,0.06,6.0,0.4777721431061245,0.5719845149501549,0.835288597188264,False
3000,weak,1545,13,720,769,0.08,8.0,0.4788241522092479,0.5719845149501549,0.8371278237330859,False
3000,weak,1545,14,770,819,0.06,6.0,0.48379419507782473,0.5719845149501549,0.8458169450968172,False
3000,weak,1545,15,820,869,0.14,14.000000000000002,0.49050445815381016,0.5719845149501549,0.8575484918443199,False
3000,weak,1545,16,870,919,0.16,16.0,0.49705724219815484,0.5719845149501549,0.8690047181460331,False
3000,weak,1545,17,920,969,0.14,14.000000000000002,0.49916871316977574,0.5719845149501549,0.8726962008985075,False
3000,weak,1545,18,970,1019,0.14,14.000000000000002,0.4769215077802045,0.5719845149501549,0.8338014322324188,False
3000,weak,1545,19,1020,1069,0.1,10.0,0.4795900304502888,0.5719845149501549,0.8384668079556005,False
3000,weak,1545,20,1070,1119,0.1,10.0,0.473920132715697,0.5719845149501549,0.8285541309750254,False
3000,weak,1545,21,1120,1169,0.14,14.000000000000002,0.4681482936703416,0.5719845149501549,0.8184632300948531,False
3000,weak,1545,23,1220,1269,0.1,10.0,0.4721073126956926,0.5719845149501549,0.8253847794058445,False
3000,weak,1545,24,1270,1319,0.12,12.0,0.46538336890056065,0.5719845149501549,0.8136293146696744,False
3000,weak,1545,25,1320,1369,0.14,14.000000000000002,0.46819950998241555,0.5719845149501549,0.81855277152602,False
3000,weak,1545,26,1370,1419,0.12,12.0,0.47583342791374816,0.5719845149501549,0.8318991432053265,False
3000,weak,1545,27,1420,1469,0.18,18.0,0.4720256299736627,0.5719845149501549,0.8252419735782479,False
3000,weak,1545,28,1470,1519,0.2,20.0,0.4703906519589004,0.5719845149501549,0.822383543022825,False
3100,weak,1580,0,70,119,0.02,2.0,0.4491506709865227,0.6209364480199844,0.7233440272651979,False
3100,weak,1580,1,120,169,0.14,14.000000000000002,0.4617182924468959,0.6209364480199844,0.743583814284382,False
3100,weak,1580,2,170,219,0.04,4.0,0.4399538796627313,0.6209364480199844,0.7085328636539817,False
3100,weak,1580,3,220,269,0.04,4.0,0.44568834353562525,0.6209364480199844,0.7177680501069267,False
3100,weak,1580,4,270,319,0.04,4.0,0.42377488937049396,0.6209364480199844,0.6824770726888544,False
3100,weak,1580,5,320,369,0.06,6.0,0.4405528260453248,0.6209364480199844,0.7094974492963666,False
3100,weak,1580,6,370,419,0.06,6.0,0.42828391296773716,0.6209364480199844,0.6897387233966223,False
3100,weak,1580,7,420,469,0.08,8.0,0.4572746970967232,0.6209364480199844,0.7364275338560995,False
3100,weak,1580,8,470,519,0.06,6.0,0.43802852993778274,0.6209364480199844,0.705432144198572,False
3100,weak,1580,9,520,569,0.1,10.0,0.44274981409992314,0.6209364480199844,0.7130356343418797,False
3100,weak,1580,10,570,619,0.04,4.0,0.46472361324416356,0.6209364480199844,0.7484237955849659,False
3100,weak,1580,11,620,669,0.06,6.0,0.4638757792822776,0.6209364480199844,0.7470583837709396,False
3100,weak,1580,12,670,719,0.02,2.0,0.44722333867162645,0.6209364480199844,0.7202401149066271,False
3100,weak,1580,13,720,769,0.04,4.0,0.4583378231281581,0.6209364480199844,0.7381396672552982,False
3100,weak,1580,14,770,819,0.04,4.0,0.46622791074925707,0.6209364480199844,0.7508464227473596,False
3100,weak,1580,15,820,869,0.04,4.0,0.4660168699157467,0.6209364480199844,0.7505065476535665,False
3100,weak,1580,16,870,919,0.08,8.0,0.46898007450801893,0.6209364480199844,0.7552787020370322,False
3100,weak,1580,17,920,969,0.08,8.0,0.4791589158690849,0.6209364480199844,0.7716714285286463,False
3100,weak,1580,18,970,1019,0.04,4.0,0.4495818312889265,0.6209364480199844,0.7240383983297064,False
3100,weak,1580,19,1020,1069,0.06,6.0,0.4562183792684462,0.6209364480199844,0.7347263648690875,False
3100,weak,1580,20,1070,1119,0.1,10.0,0.4595102956813466,0.6209364480199844,0.7400279000316593,False
3100,weak,1580,21,1120,1169,0.04,4.0,0.439576933291805,0.6209364480199844,0.7079258025414826,False
3100,weak,1580,22,1170,1219,0.08,8.0,0.44090878227333585,0.6209364480199844,0.7100707063972278,False
3100,weak,1580,23,1220,1269,0.04,4.0,0.4465580858241281,0.6209364480199844,0.7191687446406044,False
3100,weak,1580,24,1270,1319,0.04,4.0,0.4511526211200786,0.6209364480199844,0.7265681094396935,False
3100,weak,1580,25,1320,1369,0.06,6.0,0.4467290247012986,0.6209364480199844,0.7194440367058642,False
3100,weak,1580,26,1370,1419,0.04,4.0,0.4502114193202727,0.6209364480199844,0.7250523314517736,False
3100,weak,1580,27,1420,1469,0.1,10.0,0.46242480809427,0.6209364480199844,0.7447216370835219,False
3100,weak,1580,28,1470,1519,0.06,6.0,0.4426354577956513,0.6209364480199844,0.7128514668564042,False
3100,weak,1580,29,1520,1569,0.08,8.0,0.45359963003694304,0.6209364480199844,0.730508945775952,False
