operation_code,cycle_index,benchmark_health_region,sequence_position,pkl_bytes,rows,columns,numeric_columns,missing_cells,infinite_cells,duplicate_rows,duplicate_index_values,index_min,index_max,missing_expected_columns,missing_expected_names,load_status,approx_duration_seconds,sequence_band,operation_median_rows,row_deviation_from_median
1050,0,training_healthy,0.0,583367,1323,54,54,0,0,0,0,25,1347,0,,OK,4.703265,early,1323.0,0.0
1050,1,training_healthy,0.0004849660523763,583367,1323,54,54,0,0,0,0,25,1347,0,,OK,4.703265,early,1323.0,0.0
1050,2,training_healthy,0.0009699321047526,583367,1323,54,54,0,0,0,0,25,1347,0,,OK,4.703265,early,1323.0,0.0
1050,3,training_healthy,0.001454898157129,583367,1323,54,54,0,0,0,0,25,1347,0,,OK,4.703265,early,1323.0,0.0
1050,4,training_healthy,0.0019398642095053,583367,1323,54,54,0,0,0,0,25,1347,0,,OK,4.703265,early,1323.0,0.0
1050,514,intermediate_unlabelled,0.2492725509214355,583367,1323,54,54,0,0,0,0,25,1347,0,,OK,4.703265,early_middle,1323.0,0.0
1050,515,intermediate_unlabelled,0.2497575169738118,583367,1323,54,54,0,0,0,0,25,1347,0,,OK,4.703265,early_middle,1323.0,0.0
1050,516,intermediate_unlabelled,0.2502424830261882,583367,1323,54,54,0,0,0,0,25,1347,0,,OK,4.703265,early_middle,1323.0,0.0
1050,517,intermediate_unlabelled,0.2507274490785645,583367,1323,54,54,0,0,0,0,25,1347,0,,OK,4.703265,early_middle,1323.0,0.0
1050,518,intermediate_unlabelled,0.2512124151309408,583367,1323,54,54,0,0,0,0,25,1347,0,,OK,4.703265,early_middle,1323.0,0.0
1050,1029,intermediate_unlabelled,0.4990300678952473,583367,1323,54,54,0,0,0,0,25,1347,0,,OK,4.703265,middle,1323.0,0.0
1050,1030,intermediate_unlabelled,0.4995150339476236,583367,1323,54,54,0,0,0,0,25,1347,0,,OK,4.703265,middle,1323.0,0.0
1050,1031,intermediate_unlabelled,0.5,583367,1323,54,54,0,0,0,0,25,1347,0,,OK,4.703265,middle,1323.0,0.0
1050,1032,intermediate_unlabelled,0.5004849660523764,583367,1323,54,54,0,0,0,0,25,1347,0,,OK,4.703265,middle,1323.0,0.0
1050,1033,intermediate_unlabelled,0.5009699321047527,583807,1324,54,54,0,0,0,0,25,1348,0,,OK,4.70682,middle,1323.0,1.0
1050,1544,intermediate_unlabelled,0.7487875848690592,583367,1323,54,54,0,0,0,0,25,1347,0,,OK,4.703265,late_middle,1323.0,0.0
1050,1545,intermediate_unlabelled,0.7492725509214355,583367,1323,54,54,0,0,0,0,25,1347,0,,OK,4.703265,late_middle,1323.0,0.0
1050,1546,intermediate_unlabelled,0.7497575169738119,583367,1323,54,54,0,0,0,0,25,1347,0,,OK,4.703265,late_middle,1323.0,0.0
1050,1547,intermediate_unlabelled,0.7502424830261881,583367,1323,54,54,0,0,0,0,25,1347,0,,OK,4.703265,late_middle,1323.0,0.0
1050,1548,intermediate_unlabelled,0.7507274490785645,583367,1323,54,54,0,0,0,0,25,1347,0,,OK,4.703265,late_middle,1323.0,0.0
1050,2058,faulty_evident,0.9980601357904948,584687,1326,54,54,0,0,0,0,25,1350,0,,OK,4.71393,late,1323.0,3.0
1050,2059,faulty_evident,0.998545101842871,584687,1326,54,54,0,0,0,0,25,1350,0,,OK,4.71393,late,1323.0,3.0
1050,2060,faulty_evident,0.9990300678952472,586447,1330,54,54,0,0,0,0,25,1354,0,,OK,4.72815,late,1323.0,7.0
1050,2061,faulty_evident,0.9995150339476236,584687,1326,54,54,0,0,0,0,25,1350,0,,OK,4.71393,late,1323.0,3.0
1050,2062,faulty_evident,1.0,584247,1325,54,54,0,0,0,0,25,1349,0,,OK,4.710375,late,1323.0,2.0
1051,0,training_healthy,0.0,597007,1354,54,54,0,0,0,0,25,1378,0,,OK,4.81347,early,1354.0,0.0
1051,1,training_healthy,0.0004854368932038,597007,1354,54,54,0,0,0,0,25,1378,0,,OK,4.81347,early,1354.0,0.0
1051,2,training_healthy,0.0009708737864077,597007,1354,54,54,0,0,0,0,25,1378,0,,OK,4.81347,early,1354.0,0.0
1051,3,training_healthy,0.0014563106796116,597007,1354,54,54,0,0,0,0,25,1378,0,,OK,4.81347,early,1354.0,0.0
1051,4,training_healthy,0.0019417475728155,597447,1355,54,54,0,0,0,0,25,1379,0,,OK,4.817025,early,1354.0,1.0
1051,513,intermediate_unlabelled,0.2490291262135922,597007,1354,54,54,0,0,0,0,25,1378,0,,OK,4.81347,early_middle,1354.0,0.0
1051,514,intermediate_unlabelled,0.2495145631067961,597007,1354,54,54,0,0,0,0,25,1378,0,,OK,4.81347,early_middle,1354.0,0.0
1051,515,intermediate_unlabelled,0.25,597007,1354,54,54,0,0,0,0,25,1378,0,,OK,4.81347,early_middle,1354.0,0.0
1051,516,intermediate_unlabelled,0.2504854368932039,597007,1354,54,54,0,0,0,0,25,1378,0,,OK,4.81347,early_middle,1354.0,0.0
1051,517,intermediate_unlabelled,0.2509708737864077,597007,1354,54,54,0,0,0,0,25,1378,0,,OK,4.81347,early_middle,1354.0,0.0
1051,1028,intermediate_unlabelled,0.4990291262135922,597007,1354,54,54,0,0,0,0,25,1378,0,,OK,4.81347,middle,1354.0,0.0
1051,1029,intermediate_unlabelled,0.4995145631067961,597007,1354,54,54,0,0,0,0,25,1378,0,,OK,4.81347,middle,1354.0,0.0
1051,1030,intermediate_unlabelled,0.5,597007,1354,54,54,0,0,0,0,25,1378,0,,OK,4.81347,middle,1354.0,0.0
1051,1031,intermediate_unlabelled,0.5004854368932039,597007,1354,54,54,0,0,0,0,25,1378,0,,OK,4.81347,middle,1354.0,0.0
1051,1032,intermediate_unlabelled,0.5009708737864078,597007,1354,54,54,0,0,0,0,25,1378,0,,OK,4.81347,middle,1354.0,0.0
1051,1543,intermediate_unlabelled,0.7490291262135922,597007,1354,54,54,0,0,0,0,25,1378,0,,OK,4.81347,late_middle,1354.0,0.0
1051,1544,intermediate_unlabelled,0.7495145631067961,597007,1354,54,54,0,0,0,0,25,1378,0,,OK,4.81347,late_middle,1354.0,0.0
1051,1545,intermediate_unlabelled,0.75,597007,1354,54,54,0,0,0,0,25,1378,0,,OK,4.81347,late_middle,1354.0,0.0
1051,1546,intermediate_unlabelled,0.7504854368932039,597007,1354,54,54,0,0,0,0,25,1378,0,,OK,4.81347,late_middle,1354.0,0.0
1051,1547,intermediate_unlabelled,0.7509708737864078,597007,1354,54,54,0,0,0,0,25,1378,0,,OK,4.81347,late_middle,1354.0,0.0
1051,2056,faulty_evident,0.9980582524271844,600087,1361,54,54,0,0,0,0,25,1385,0,,OK,4.838355,late,1354.0,7.0
1051,2057,faulty_evident,0.9985436893203884,599647,1360,54,54,0,0,0,0,25,1384,0,,OK,4.8348,late,1354.0,6.0
1051,2058,faulty_evident,0.9990291262135922,599207,1359,54,54,0,0,0,0,25,1383,0,,OK,4.831245,late,1354.0,5.0
1051,2059,faulty_evident,0.999514563106796,600087,1361,54,54,0,0,0,0,25,1385,0,,OK,4.838355,late,1354.0,7.0
1051,2060,faulty_evident,1.0,597447,1355,54,54,0,0,0,0,25,1379,0,,OK,4.817025,late,1354.0,1.0
1052,0,training_healthy,0.0,808647,1835,54,54,0,0,0,0,25,1859,0,,OK,6.523425,early,1835.0,0.0
1052,1,training_healthy,0.0004870920603994,808647,1835,54,54,0,0,0,0,25,1859,0,,OK,6.523425,early,1835.0,0.0
1052,2,training_healthy,0.0009741841207988,808647,1835,54,54,0,0,0,0,25,1859,0,,OK,6.523425,early,1835.0,0.0
1052,3,training_healthy,0.0014612761811982,808647,1835,54,54,0,0,0,0,25,1859,0,,OK,6.523425,early,1835.0,0.0
1052,4,training_healthy,0.0019483682415976,809087,1836,54,54,0,0,0,0,25,1860,0,,OK,6.52698,early,1835.0,1.0
1052,511,intermediate_unlabelled,0.2489040428641013,808647,1835,54,54,0,0,0,0,25,1859,0,,OK,6.523425,early_middle,1835.0,0.0
1052,512,intermediate_unlabelled,0.2493911349245007,808647,1835,54,54,0,0,0,0,25,1859,0,,OK,6.523425,early_middle,1835.0,0.0
1052,513,intermediate_unlabelled,0.2498782269849001,808647,1835,54,54,0,0,0,0,25,1859,0,,OK,6.523425,early_middle,1835.0,0.0
1052,514,intermediate_unlabelled,0.2503653190452996,808647,1835,54,54,0,0,0,0,25,1859,0,,OK,6.523425,early_middle,1835.0,0.0
1052,515,intermediate_unlabelled,0.250852411105699,808647,1835,54,54,0,0,0,0,25,1859,0,,OK,6.523425,early_middle,1835.0,0.0
1052,1024,intermediate_unlabelled,0.4987822698490015,808647,1835,54,54,0,0,0,0,25,1859,0,,OK,6.523425,middle,1835.0,0.0
1052,1025,intermediate_unlabelled,0.4992693619094008,808647,1835,54,54,0,0,0,0,25,1859,0,,OK,6.523425,middle,1835.0,0.0
1052,1026,intermediate_unlabelled,0.4997564539698003,808647,1835,54,54,0,0,0,0,25,1859,0,,OK,6.523425,middle,1835.0,0.0
1052,1027,intermediate_unlabelled,0.5002435460301997,808647,1835,54,54,0,0,0,0,25,1859,0,,OK,6.523425,middle,1835.0,0.0
1052,1028,intermediate_unlabelled,0.5007306380905991,808647,1835,54,54,0,0,0,0,25,1859,0,,OK,6.523425,middle,1835.0,0.0
1052,1538,intermediate_unlabelled,0.749147588894301,808647,1835,54,54,0,0,0,0,25,1859,0,,OK,6.523425,late_middle,1835.0,0.0
1052,1539,intermediate_unlabelled,0.7496346809547004,808647,1835,54,54,0,0,0,0,25,1859,0,,OK,6.523425,late_middle,1835.0,0.0
1052,1540,intermediate_unlabelled,0.7501217730150999,808647,1835,54,54,0,0,0,0,25,1859,0,,OK,6.523425,late_middle,1835.0,0.0
1052,1541,intermediate_unlabelled,0.7506088650754993,808647,1835,54,54,0,0,0,0,25,1859,0,,OK,6.523425,late_middle,1835.0,0.0
1052,1542,intermediate_unlabelled,0.7510959571358987,808647,1835,54,54,0,0,0,0,25,1859,0,,OK,6.523425,late_middle,1835.0,0.0
1052,2049,faulty_evident,0.9980516317584024,811727,1842,54,54,0,0,0,0,25,1866,0,,OK,6.54831,late,1835.0,7.0
1052,2050,faulty_evident,0.9985387238188016,809967,1838,54,54,0,0,0,0,25,1862,0,,OK,6.53409,late,1835.0,3.0
1052,2051,faulty_evident,0.9990258158792013,810847,1840,54,54,0,0,0,0,25,1864,0,,OK,6.5412,late,1835.0,5.0
1052,2052,faulty_evident,0.9995129079396006,814807,1849,54,54,0,0,0,0,25,1873,0,,OK,6.573195,late,1835.0,14.0
1052,2053,faulty_evident,1.0,811727,1842,54,54,0,0,0,0,25,1866,0,,OK,6.54831,late,1835.0,7.0
1053,0,training_healthy,0.0,676207,1534,54,54,0,0,0,0,25,1558,0,,OK,5.45337,early,1534.0,0.0
1053,1,training_healthy,0.0004870920603994,676207,1534,54,54,0,0,0,0,25,1558,0,,OK,5.45337,early,1534.0,0.0
1053,2,training_healthy,0.0009741841207988,676207,1534,54,54,0,0,0,0,25,1558,0,,OK,5.45337,early,1534.0,0.0
1053,3,training_healthy,0.0014612761811982,676207,1534,54,54,0,0,0,0,25,1558,0,,OK,5.45337,early,1534.0,0.0
1053,4,training_healthy,0.0019483682415976,676207,1534,54,54,0,0,0,0,25,1558,0,,OK,5.45337,early,1534.0,0.0
1053,511,intermediate_unlabelled,0.2489040428641013,676207,1534,54,54,0,0,0,0,25,1558,0,,OK,5.45337,early_middle,1534.0,0.0
1053,512,intermediate_unlabelled,0.2493911349245007,676207,1534,54,54,0,0,0,0,25,1558,0,,OK,5.45337,early_middle,1534.0,0.0
1053,513,intermediate_unlabelled,0.2498782269849001,676207,1534,54,54,0,0,0,0,25,1558,0,,OK,5.45337,early_middle,1534.0,0.0
1053,514,intermediate_unlabelled,0.2503653190452996,676207,1534,54,54,0,0,0,0,25,1558,0,,OK,5.45337,early_middle,1534.0,0.0
1053,515,intermediate_unlabelled,0.250852411105699,676207,1534,54,54,0,0,0,0,25,1558,0,,OK,5.45337,early_middle,1534.0,0.0
1053,1024,intermediate_unlabelled,0.4987822698490015,676647,1535,54,54,0,0,0,0,25,1559,0,,OK,5.456925,middle,1534.0,1.0
1053,1025,intermediate_unlabelled,0.4992693619094008,676207,1534,54,54,0,0,0,0,25,1558,0,,OK,5.45337,middle,1534.0,0.0
1053,1026,intermediate_unlabelled,0.4997564539698003,676647,1535,54,54,0,0,0,0,25,1559,0,,OK,5.456925,middle,1534.0,1.0
1053,1027,intermediate_unlabelled,0.5002435460301997,676207,1534,54,54,0,0,0,0,25,1558,0,,OK,5.45337,middle,1534.0,0.0
1053,1028,intermediate_unlabelled,0.5007306380905991,676207,1534,54,54,0,0,0,0,25,1558,0,,OK,5.45337,middle,1534.0,0.0
1053,1538,intermediate_unlabelled,0.749147588894301,676207,1534,54,54,0,0,0,0,25,1558,0,,OK,5.45337,late_middle,1534.0,0.0
1053,1539,intermediate_unlabelled,0.7496346809547004,676207,1534,54,54,0,0,0,0,25,1558,0,,OK,5.45337,late_middle,1534.0,0.0
1053,1540,intermediate_unlabelled,0.7501217730150999,676207,1534,54,54,0,0,0,0,25,1558,0,,OK,5.45337,late_middle,1534.0,0.0
1053,1541,intermediate_unlabelled,0.7506088650754993,676207,1534,54,54,0,0,0,0,25,1558,0,,OK,5.45337,late_middle,1534.0,0.0
1053,1542,intermediate_unlabelled,0.7510959571358987,676207,1534,54,54,0,0,0,0,25,1558,0,,OK,5.45337,late_middle,1534.0,0.0
1053,2049,faulty_evident,0.9980516317584024,677967,1538,54,54,0,0,0,0,25,1562,0,,OK,5.46759,late,1534.0,4.0
1053,2050,faulty_evident,0.9985387238188016,679287,1541,54,54,0,0,0,0,25,1565,0,,OK,5.478255,late,1534.0,7.0
1053,2051,faulty_evident,0.9990258158792013,677087,1536,54,54,0,0,0,0,25,1560,0,,OK,5.4604800000000004,late,1534.0,2.0
1053,2052,faulty_evident,0.9995129079396006,680607,1544,54,54,0,0,0,0,25,1568,0,,OK,5.48892,late,1534.0,10.0
1053,2053,faulty_evident,1.0,677527,1537,54,54,0,0,0,0,25,1561,0,,OK,5.464035,late,1534.0,3.0
1100,0,training_healthy,0.0,493167,1118,54,54,0,0,0,0,25,1142,0,,OK,3.97449,early,1118.0,0.0
1100,1,training_healthy,0.0005181347150259,493167,1118,54,54,0,0,0,0,25,1142,0,,OK,3.97449,early,1118.0,0.0
1100,2,training_healthy,0.0010362694300518,493167,1118,54,54,0,0,0,0,25,1142,0,,OK,3.97449,early,1118.0,0.0
1100,3,training_healthy,0.0015544041450777,492727,1117,54,54,0,0,0,0,25,1141,0,,OK,3.970935,early,1118.0,1.0
1100,4,training_healthy,0.0020725388601036,493167,1118,54,54,0,0,0,0,25,1142,0,,OK,3.97449,early,1118.0,0.0
1100,480,intermediate_unlabelled,0.2487046632124352,493167,1118,54,54,0,0,0,0,25,1142,0,,OK,3.97449,early_middle,1118.0,0.0
1100,481,intermediate_unlabelled,0.2492227979274611,493167,1118,54,54,0,0,0,0,25,1142,0,,OK,3.97449,early_middle,1118.0,0.0
1100,482,intermediate_unlabelled,0.249740932642487,493167,1118,54,54,0,0,0,0,25,1142,0,,OK,3.97449,early_middle,1118.0,0.0
1100,483,intermediate_unlabelled,0.2502590673575129,493167,1118,54,54,0,0,0,0,25,1142,0,,OK,3.97449,early_middle,1118.0,0.0
1100,484,intermediate_unlabelled,0.2507772020725388,493167,1118,54,54,0,0,0,0,25,1142,0,,OK,3.97449,early_middle,1118.0,0.0
1100,963,intermediate_unlabelled,0.4989637305699482,493167,1118,54,54,0,0,0,0,25,1142,0,,OK,3.97449,middle,1118.0,0.0
1100,964,intermediate_unlabelled,0.499481865284974,493167,1118,54,54,0,0,0,0,25,1142,0,,OK,3.97449,middle,1118.0,0.0
1100,965,intermediate_unlabelled,0.5,493167,1118,54,54,0,0,0,0,25,1142,0,,OK,3.97449,middle,1118.0,0.0
1100,966,intermediate_unlabelled,0.5005181347150259,493167,1118,54,54,0,0,0,0,25,1142,0,,OK,3.97449,middle,1118.0,0.0
1100,967,intermediate_unlabelled,0.5010362694300519,493167,1118,54,54,0,0,0,0,25,1142,0,,OK,3.97449,middle,1118.0,0.0
1100,1446,intermediate_unlabelled,0.7492227979274612,493167,1118,54,54,0,0,0,0,25,1142,0,,OK,3.97449,late_middle,1118.0,0.0
1100,1447,intermediate_unlabelled,0.7497409326424871,493167,1118,54,54,0,0,0,0,25,1142,0,,OK,3.97449,late_middle,1118.0,0.0
1100,1448,intermediate_unlabelled,0.7502590673575129,493167,1118,54,54,0,0,0,0,25,1142,0,,OK,3.97449,late_middle,1118.0,0.0
1100,1449,intermediate_unlabelled,0.7507772020725388,493167,1118,54,54,0,0,0,0,25,1142,0,,OK,3.97449,late_middle,1118.0,0.0
1100,1450,intermediate_unlabelled,0.7512953367875648,493167,1118,54,54,0,0,0,0,25,1142,0,,OK,3.97449,late_middle,1118.0,0.0
1100,1926,faulty_evident,0.9979274611398964,495367,1123,54,54,0,0,0,0,25,1147,0,,OK,3.992265,late,1118.0,5.0
1100,1927,faulty_evident,0.9984455958549224,496687,1126,54,54,0,0,0,0,25,1150,0,,OK,4.00293,late,1118.0,8.0
1100,1928,faulty_evident,0.998963730569948,496687,1126,54,54,0,0,0,0,25,1150,0,,OK,4.00293,late,1118.0,8.0
1100,1929,faulty_evident,0.999481865284974,496687,1126,54,54,0,0,0,0,25,1150,0,,OK,4.00293,late,1118.0,8.0
1100,1930,faulty_evident,1.0,494047,1120,54,54,0,0,0,0,25,1144,0,,OK,3.9816,late,1118.0,2.0
1101,0,training_healthy,0.0,504607,1144,54,54,0,0,0,0,25,1168,0,,OK,4.06692,early,1144.0,0.0
1101,1,training_healthy,0.0005184033177812,504607,1144,54,54,0,0,0,0,25,1168,0,,OK,4.06692,early,1144.0,0.0
1101,2,training_healthy,0.0010368066355624,504607,1144,54,54,0,0,0,0,25,1168,0,,OK,4.06692,early,1144.0,0.0
1101,3,training_healthy,0.0015552099533437,505047,1145,54,54,0,0,0,0,25,1169,0,,OK,4.070475,early,1144.0,1.0
1101,4,training_healthy,0.0020736132711249,504607,1144,54,54,0,0,0,0,25,1168,0,,OK,4.06692,early,1144.0,0.0
1101,480,intermediate_unlabelled,0.2488335925349922,504607,1144,54,54,0,0,0,0,25,1168,0,,OK,4.06692,early_middle,1144.0,0.0
1101,481,intermediate_unlabelled,0.2493519958527734,504607,1144,54,54,0,0,0,0,25,1168,0,,OK,4.06692,early_middle,1144.0,0.0
1101,482,intermediate_unlabelled,0.2498703991705547,504607,1144,54,54,0,0,0,0,25,1168,0,,OK,4.06692,early_middle,1144.0,0.0
1101,483,intermediate_unlabelled,0.2503888024883359,504607,1144,54,54,0,0,0,0,25,1168,0,,OK,4.06692,early_middle,1144.0,0.0
1101,484,intermediate_unlabelled,0.2509072058061171,504607,1144,54,54,0,0,0,0,25,1168,0,,OK,4.06692,early_middle,1144.0,0.0
1101,962,intermediate_unlabelled,0.4987039917055469,505047,1145,54,54,0,0,0,0,25,1169,0,,OK,4.070475,middle,1144.0,1.0
1101,963,intermediate_unlabelled,0.4992223950233281,504607,1144,54,54,0,0,0,0,25,1168,0,,OK,4.06692,middle,1144.0,0.0
1101,964,intermediate_unlabelled,0.4997407983411094,504607,1144,54,54,0,0,0,0,25,1168,0,,OK,4.06692,middle,1144.0,0.0
1101,965,intermediate_unlabelled,0.5002592016588906,504607,1144,54,54,0,0,0,0,25,1168,0,,OK,4.06692,middle,1144.0,0.0
1101,966,intermediate_unlabelled,0.5007776049766719,505047,1145,54,54,0,0,0,0,25,1169,0,,OK,4.070475,middle,1144.0,1.0
1101,1445,intermediate_unlabelled,0.7490927941938829,504607,1144,54,54,0,0,0,0,25,1168,0,,OK,4.06692,late_middle,1144.0,0.0
1101,1446,intermediate_unlabelled,0.749611197511664,504607,1144,54,54,0,0,0,0,25,1168,0,,OK,4.06692,late_middle,1144.0,0.0
1101,1447,intermediate_unlabelled,0.7501296008294454,504607,1144,54,54,0,0,0,0,25,1168,0,,OK,4.06692,late_middle,1144.0,0.0
1101,1448,intermediate_unlabelled,0.7506480041472265,504607,1144,54,54,0,0,0,0,25,1168,0,,OK,4.06692,late_middle,1144.0,0.0
1101,1449,intermediate_unlabelled,0.7511664074650077,504607,1144,54,54,0,0,0,0,25,1168,0,,OK,4.06692,late_middle,1144.0,0.0
1101,1925,faulty_evident,0.997926386728875,505927,1147,54,54,0,0,0,0,25,1171,0,,OK,4.077585,late,1144.0,3.0
1101,1926,faulty_evident,0.9984447900466564,507247,1150,54,54,0,0,0,0,25,1174,0,,OK,4.08825,late,1144.0,6.0
1101,1927,faulty_evident,0.9989631933644376,509007,1154,54,54,0,0,0,0,25,1178,0,,OK,4.10247,late,1144.0,10.0
1101,1928,faulty_evident,0.9994815966822188,505927,1147,54,54,0,0,0,0,25,1171,0,,OK,4.077585,late,1144.0,3.0
1101,1929,faulty_evident,1.0,506807,1149,54,54,0,0,0,0,25,1173,0,,OK,4.084695,late,1144.0,5.0
1102,0,training_healthy,0.0,689407,1564,54,54,0,0,0,0,25,1588,0,,OK,5.56002,early,1564.0,0.0
1102,1,training_healthy,0.0005186721991701,689407,1564,54,54,0,0,0,0,25,1588,0,,OK,5.56002,early,1564.0,0.0
1102,2,training_healthy,0.0010373443983402,689407,1564,54,54,0,0,0,0,25,1588,0,,OK,5.56002,early,1564.0,0.0
1102,3,training_healthy,0.0015560165975103,689407,1564,54,54,0,0,0,0,25,1588,0,,OK,5.56002,early,1564.0,0.0
1102,4,training_healthy,0.0020746887966804,689407,1564,54,54,0,0,0,0,25,1588,0,,OK,5.56002,early,1564.0,0.0
1102,480,intermediate_unlabelled,0.2489626556016597,689407,1564,54,54,0,0,0,0,25,1588,0,,OK,5.56002,early_middle,1564.0,0.0
1102,481,intermediate_unlabelled,0.2494813278008298,689407,1564,54,54,0,0,0,0,25,1588,0,,OK,5.56002,early_middle,1564.0,0.0
1102,482,intermediate_unlabelled,0.25,689407,1564,54,54,0,0,0,0,25,1588,0,,OK,5.56002,early_middle,1564.0,0.0
1102,483,intermediate_unlabelled,0.2505186721991701,689407,1564,54,54,0,0,0,0,25,1588,0,,OK,5.56002,early_middle,1564.0,0.0
1102,484,intermediate_unlabelled,0.2510373443983402,689407,1564,54,54,0,0,0,0,25,1588,0,,OK,5.56002,early_middle,1564.0,0.0
1102,962,intermediate_unlabelled,0.4989626556016597,689407,1564,54,54,0,0,0,0,25,1588,0,,OK,5.56002,middle,1564.0,0.0
1102,963,intermediate_unlabelled,0.4994813278008299,689847,1565,54,54,0,0,0,0,25,1589,0,,OK,5.563575,middle,1564.0,1.0
1102,964,intermediate_unlabelled,0.5,689407,1564,54,54,0,0,0,0,25,1588,0,,OK,5.56002,middle,1564.0,0.0
1102,965,intermediate_unlabelled,0.5005186721991701,689407,1564,54,54,0,0,0,0,25,1588,0,,OK,5.56002,middle,1564.0,0.0
1102,966,intermediate_unlabelled,0.5010373443983402,689407,1564,54,54,0,0,0,0,25,1588,0,,OK,5.56002,middle,1564.0,0.0
1102,1444,intermediate_unlabelled,0.7489626556016598,689407,1564,54,54,0,0,0,0,25,1588,0,,OK,5.56002,late_middle,1564.0,0.0
1102,1445,intermediate_unlabelled,0.7494813278008299,689407,1564,54,54,0,0,0,0,25,1588,0,,OK,5.56002,late_middle,1564.0,0.0
1102,1446,intermediate_unlabelled,0.75,689847,1565,54,54,0,0,0,0,25,1589,0,,OK,5.563575,late_middle,1564.0,1.0
1102,1447,intermediate_unlabelled,0.7505186721991701,689407,1564,54,54,0,0,0,0,25,1588,0,,OK,5.56002,late_middle,1564.0,0.0
1102,1448,intermediate_unlabelled,0.7510373443983402,689407,1564,54,54,0,0,0,0,25,1588,0,,OK,5.56002,late_middle,1564.0,0.0
1102,1924,faulty_evident,0.9979253112033196,692047,1570,54,54,0,0,0,0,25,1594,0,,OK,5.58135,late,1564.0,6.0
1102,1925,faulty_evident,0.9984439834024896,693367,1573,54,54,0,0,0,0,25,1597,0,,OK,5.592015,late,1564.0,9.0
1102,1926,faulty_evident,0.9989626556016598,691167,1568,54,54,0,0,0,0,25,1592,0,,OK,5.57424,late,1564.0,4.0
1102,1927,faulty_evident,0.99948132780083,692047,1570,54,54,0,0,0,0,25,1594,0,,OK,5.58135,late,1564.0,6.0
1102,1928,faulty_evident,1.0,692047,1570,54,54,0,0,0,0,25,1594,0,,OK,5.58135,late,1564.0,6.0
1103,0,training_healthy,0.0,567527,1287,54,54,0,0,0,0,25,1311,0,,OK,4.575285,early,1286.0,1.0
1103,1,training_healthy,0.0005186721991701,567087,1286,54,54,0,0,0,0,25,1310,0,,OK,4.57173,early,1286.0,0.0
1103,2,training_healthy,0.0010373443983402,567087,1286,54,54,0,0,0,0,25,1310,0,,OK,4.57173,early,1286.0,0.0
1103,3,training_healthy,0.0015560165975103,567087,1286,54,54,0,0,0,0,25,1310,0,,OK,4.57173,early,1286.0,0.0
1103,4,training_healthy,0.0020746887966804,567087,1286,54,54,0,0,0,0,25,1310,0,,OK,4.57173,early,1286.0,0.0
1103,480,intermediate_unlabelled,0.2489626556016597,567527,1287,54,54,0,0,0,0,25,1311,0,,OK,4.575285,early_middle,1286.0,1.0
1103,481,intermediate_unlabelled,0.2494813278008298,567087,1286,54,54,0,0,0,0,25,1310,0,,OK,4.57173,early_middle,1286.0,0.0
1103,482,intermediate_unlabelled,0.25,567087,1286,54,54,0,0,0,0,25,1310,0,,OK,4.57173,early_middle,1286.0,0.0
1103,483,intermediate_unlabelled,0.2505186721991701,567087,1286,54,54,0,0,0,0,25,1310,0,,OK,4.57173,early_middle,1286.0,0.0
1103,484,intermediate_unlabelled,0.2510373443983402,567087,1286,54,54,0,0,0,0,25,1310,0,,OK,4.57173,early_middle,1286.0,0.0
1103,962,intermediate_unlabelled,0.4989626556016597,567087,1286,54,54,0,0,0,0,25,1310,0,,OK,4.57173,middle,1286.0,0.0
1103,963,intermediate_unlabelled,0.4994813278008299,567087,1286,54,54,0,0,0,0,25,1310,0,,OK,4.57173,middle,1286.0,0.0
1103,964,intermediate_unlabelled,0.5,567087,1286,54,54,0,0,0,0,25,1310,0,,OK,4.57173,middle,1286.0,0.0
1103,965,intermediate_unlabelled,0.5005186721991701,567087,1286,54,54,0,0,0,0,25,1310,0,,OK,4.57173,middle,1286.0,0.0
1103,966,intermediate_unlabelled,0.5010373443983402,567087,1286,54,54,0,0,0,0,25,1310,0,,OK,4.57173,middle,1286.0,0.0
1103,1444,intermediate_unlabelled,0.7489626556016598,567087,1286,54,54,0,0,0,0,25,1310,0,,OK,4.57173,late_middle,1286.0,0.0
1103,1445,intermediate_unlabelled,0.7494813278008299,567087,1286,54,54,0,0,0,0,25,1310,0,,OK,4.57173,late_middle,1286.0,0.0
1103,1446,intermediate_unlabelled,0.75,567087,1286,54,54,0,0,0,0,25,1310,0,,OK,4.57173,late_middle,1286.0,0.0
1103,1447,intermediate_unlabelled,0.7505186721991701,567087,1286,54,54,0,0,0,0,25,1310,0,,OK,4.57173,late_middle,1286.0,0.0
1103,1448,intermediate_unlabelled,0.7510373443983402,567087,1286,54,54,0,0,0,0,25,1310,0,,OK,4.57173,late_middle,1286.0,0.0
1103,1924,faulty_evident,0.9979253112033196,569287,1291,54,54,0,0,0,0,25,1315,0,,OK,4.589505,late,1286.0,5.0
1103,1925,faulty_evident,0.9984439834024896,567527,1287,54,54,0,0,0,0,25,1311,0,,OK,4.575285,late,1286.0,1.0
1103,1926,faulty_evident,0.9989626556016598,568847,1290,54,54,0,0,0,0,25,1314,0,,OK,4.58595,late,1286.0,4.0
1103,1927,faulty_evident,0.99948132780083,569727,1292,54,54,0,0,0,0,25,1316,0,,OK,4.59306,late,1286.0,6.0
1103,1928,faulty_evident,1.0,567527,1287,54,54,0,0,0,0,25,1311,0,,OK,4.575285,late,1286.0,1.0
2000,0,training_healthy,0.0,108605,244,54,54,0,0,0,0,25,268,0,,OK,0.86742,early,244.0,0.0
2000,1,training_healthy,0.0006234413965087,108605,244,54,54,0,0,0,0,25,268,0,,OK,0.86742,early,244.0,0.0
2000,2,training_healthy,0.0012468827930174,108605,244,54,54,0,0,0,0,25,268,0,,OK,0.86742,early,244.0,0.0
2000,3,training_healthy,0.0018703241895261,108605,244,54,54,0,0,0,0,25,268,0,,OK,0.86742,early,244.0,0.0
2000,4,training_healthy,0.0024937655860349,108605,244,54,54,0,0,0,0,25,268,0,,OK,0.86742,early,244.0,0.0
2000,399,intermediate_unlabelled,0.2487531172069825,108605,244,54,54,0,0,0,0,25,268,0,,OK,0.86742,early_middle,244.0,0.0
2000,400,intermediate_unlabelled,0.2493765586034912,108605,244,54,54,0,0,0,0,25,268,0,,OK,0.86742,early_middle,244.0,0.0
2000,401,intermediate_unlabelled,0.25,108605,244,54,54,0,0,0,0,25,268,0,,OK,0.86742,early_middle,244.0,0.0
2000,402,intermediate_unlabelled,0.2506234413965087,108605,244,54,54,0,0,0,0,25,268,0,,OK,0.86742,early_middle,244.0,0.0
2000,403,intermediate_unlabelled,0.2512468827930174,108605,244,54,54,0,0,0,0,25,268,0,,OK,0.86742,early_middle,244.0,0.0
2000,800,intermediate_unlabelled,0.4987531172069825,108605,244,54,54,0,0,0,0,25,268,0,,OK,0.86742,middle,244.0,0.0
2000,801,intermediate_unlabelled,0.4993765586034913,108605,244,54,54,0,0,0,0,25,268,0,,OK,0.86742,middle,244.0,0.0
2000,802,intermediate_unlabelled,0.5,108605,244,54,54,0,0,0,0,25,268,0,,OK,0.86742,middle,244.0,0.0
2000,803,intermediate_unlabelled,0.5006234413965087,108605,244,54,54,0,0,0,0,25,268,0,,OK,0.86742,middle,244.0,0.0
2000,804,intermediate_unlabelled,0.5012468827930174,108605,244,54,54,0,0,0,0,25,268,0,,OK,0.86742,middle,244.0,0.0
2000,1201,intermediate_unlabelled,0.7487531172069826,108605,244,54,54,0,0,0,0,25,268,0,,OK,0.86742,late_middle,244.0,0.0
2000,1202,intermediate_unlabelled,0.7493765586034913,108605,244,54,54,0,0,0,0,25,268,0,,OK,0.86742,late_middle,244.0,0.0
2000,1203,intermediate_unlabelled,0.75,108605,244,54,54,0,0,0,0,25,268,0,,OK,0.86742,late_middle,244.0,0.0
2000,1204,intermediate_unlabelled,0.7506234413965087,108605,244,54,54,0,0,0,0,25,268,0,,OK,0.86742,late_middle,244.0,0.0
2000,1205,intermediate_unlabelled,0.7512468827930174,108605,244,54,54,0,0,0,0,25,268,0,,OK,0.86742,late_middle,244.0,0.0
2000,1600,faulty_evident,0.9975062344139652,109925,247,54,54,0,0,0,0,25,271,0,,OK,0.878085,late,244.0,3.0
2000,1601,faulty_evident,0.9981296758104738,109485,246,54,54,0,0,0,0,25,270,0,,OK,0.87453,late,244.0,2.0
2000,1602,faulty_evident,0.9987531172069826,108605,244,54,54,0,0,0,0,25,268,0,,OK,0.86742,late,244.0,0.0
2000,1603,faulty_evident,0.9993765586034912,108605,244,54,54,0,0,0,0,25,268,0,,OK,0.86742,late,244.0,0.0
2000,1604,faulty_evident,1.0,109485,246,54,54,0,0,0,0,25,270,0,,OK,0.87453,late,244.0,2.0
2100,0,training_healthy,0.0,157887,356,54,54,0,0,0,0,25,380,0,,OK,1.26558,early,340.0,16.0
2100,1,training_healthy,0.0006257822277847,155247,350,54,54,0,0,0,0,25,374,0,,OK,1.24425,early,340.0,10.0
2100,2,training_healthy,0.0012515644555694,149087,336,54,54,0,0,0,0,25,360,0,,OK,1.19448,early,340.0,4.0
2100,3,training_healthy,0.0018773466833541,154807,349,54,54,0,0,0,0,25,373,0,,OK,1.240695,early,340.0,9.0
2100,4,training_healthy,0.0025031289111389,146447,330,54,54,0,0,0,0,25,354,0,,OK,1.17315,early,340.0,10.0
2100,398,intermediate_unlabelled,0.2490613266583229,154367,348,54,54,0,0,0,0,25,372,0,,OK,1.23714,early_middle,340.0,8.0
2100,399,intermediate_unlabelled,0.2496871088861076,149527,337,54,54,0,0,0,0,25,361,0,,OK,1.198035,early_middle,340.0,3.0
2100,400,intermediate_unlabelled,0.2503128911138924,151727,342,54,54,0,0,0,0,25,366,0,,OK,1.21581,early_middle,340.0,2.0
2100,401,intermediate_unlabelled,0.2509386733416771,150847,340,54,54,0,0,0,0,25,364,0,,OK,1.2087,early_middle,340.0,0.0
2100,402,intermediate_unlabelled,0.2515644555694618,148207,334,54,54,0,0,0,0,25,358,0,,OK,1.18737,early_middle,340.0,6.0
2100,797,intermediate_unlabelled,0.4987484355444305,154367,348,54,54,0,0,0,0,25,372,0,,OK,1.23714,middle,340.0,8.0
2100,798,intermediate_unlabelled,0.4993742177722152,153047,345,54,54,0,0,0,0,25,369,0,,OK,1.226475,middle,340.0,5.0
2100,799,intermediate_unlabelled,0.5,146887,331,54,54,0,0,0,0,25,355,0,,OK,1.176705,middle,340.0,9.0
2100,800,intermediate_unlabelled,0.5006257822277848,149967,338,54,54,0,0,0,0,25,362,0,,OK,1.20159,middle,340.0,2.0
2100,801,intermediate_unlabelled,0.5012515644555695,156567,353,54,54,0,0,0,0,25,377,0,,OK,1.254915,middle,340.0,13.0
2100,1196,intermediate_unlabelled,0.7484355444305382,146887,331,54,54,0,0,0,0,25,355,0,,OK,1.176705,late_middle,340.0,9.0
2100,1197,intermediate_unlabelled,0.7490613266583229,143807,324,54,54,0,0,0,0,25,348,0,,OK,1.15182,late_middle,340.0,16.0
2100,1198,intermediate_unlabelled,0.7496871088861077,148647,335,54,54,0,0,0,0,25,359,0,,OK,1.190925,late_middle,340.0,5.0
2100,1199,intermediate_unlabelled,0.7503128911138923,145127,327,54,54,0,0,0,0,25,351,0,,OK,1.162485,late_middle,340.0,13.0
2100,1200,intermediate_unlabelled,0.7509386733416771,145567,328,54,54,0,0,0,0,25,352,0,,OK,1.16604,late_middle,340.0,12.0
2100,1594,faulty_evident,0.9974968710888612,151287,341,54,54,0,0,0,0,25,365,0,,OK,1.212255,late,340.0,1.0
2100,1595,faulty_evident,0.9981226533166458,147327,332,54,54,0,0,0,0,25,356,0,,OK,1.18026,late,340.0,8.0
2100,1596,faulty_evident,0.9987484355444304,151727,342,54,54,0,0,0,0,25,366,0,,OK,1.21581,late,340.0,2.0
2100,1597,faulty_evident,0.9993742177722152,150847,340,54,54,0,0,0,0,25,364,0,,OK,1.2087,late,340.0,0.0
2100,1598,faulty_evident,1.0,152167,343,54,54,0,0,0,0,25,367,0,,OK,1.219365,late,340.0,3.0
2200,0,training_healthy,0.0,109485,246,54,54,0,0,0,0,25,270,0,,OK,0.87453,early,244.0,2.0
2200,1,training_healthy,0.0006222775357809,108165,243,54,54,0,0,0,0,25,267,0,,OK,0.863865,early,244.0,1.0
2200,2,training_healthy,0.0012445550715619,108165,243,54,54,0,0,0,0,25,267,0,,OK,0.863865,early,244.0,1.0
2200,3,training_healthy,0.0018668326073428,108165,243,54,54,0,0,0,0,25,267,0,,OK,0.863865,early,244.0,1.0
2200,4,training_healthy,0.0024891101431238,108605,244,54,54,0,0,0,0,25,268,0,,OK,0.86742,early,244.0,0.0
2200,400,intermediate_unlabelled,0.2489110143123833,107725,242,54,54,0,0,0,0,25,266,0,,OK,0.86031,early_middle,244.0,2.0
2200,401,intermediate_unlabelled,0.2495332918481642,108165,243,54,54,0,0,0,0,25,267,0,,OK,0.863865,early_middle,244.0,1.0
2200,402,intermediate_unlabelled,0.2501555693839452,108165,243,54,54,0,0,0,0,25,267,0,,OK,0.863865,early_middle,244.0,1.0
2200,403,intermediate_unlabelled,0.2507778469197262,109485,246,54,54,0,0,0,0,25,270,0,,OK,0.87453,early_middle,244.0,2.0
2200,404,intermediate_unlabelled,0.2514001244555071,109925,247,54,54,0,0,0,0,25,271,0,,OK,0.878085,early_middle,244.0,3.0
2200,802,intermediate_unlabelled,0.4990665836963285,108165,243,54,54,0,0,0,0,25,267,0,,OK,0.863865,middle,244.0,1.0
2200,803,intermediate_unlabelled,0.4996888612321095,107725,242,54,54,0,0,0,0,25,266,0,,OK,0.86031,middle,244.0,2.0
2200,804,intermediate_unlabelled,0.5003111387678905,108165,243,54,54,0,0,0,0,25,267,0,,OK,0.863865,middle,244.0,1.0
2200,805,intermediate_unlabelled,0.5009334163036714,108605,244,54,54,0,0,0,0,25,268,0,,OK,0.86742,middle,244.0,0.0
2200,806,intermediate_unlabelled,0.5015556938394524,108165,243,54,54,0,0,0,0,25,267,0,,OK,0.863865,middle,244.0,1.0
2200,1203,intermediate_unlabelled,0.7485998755444928,109925,247,54,54,0,0,0,0,25,271,0,,OK,0.878085,late_middle,244.0,3.0
2200,1204,intermediate_unlabelled,0.7492221530802738,108605,244,54,54,0,0,0,0,25,268,0,,OK,0.86742,late_middle,244.0,0.0
2200,1205,intermediate_unlabelled,0.7498444306160548,108165,243,54,54,0,0,0,0,25,267,0,,OK,0.863865,late_middle,244.0,1.0
2200,1206,intermediate_unlabelled,0.7504667081518357,108605,244,54,54,0,0,0,0,25,268,0,,OK,0.86742,late_middle,244.0,0.0
2200,1207,intermediate_unlabelled,0.7510889856876167,108165,243,54,54,0,0,0,0,25,267,0,,OK,0.863865,late_middle,244.0,1.0
2200,1603,faulty_evident,0.9975108898568762,109485,246,54,54,0,0,0,0,25,270,0,,OK,0.87453,late,244.0,2.0
2200,1604,faulty_evident,0.9981331673926572,108605,244,54,54,0,0,0,0,25,268,0,,OK,0.86742,late,244.0,0.0
2200,1605,faulty_evident,0.998755444928438,109045,245,54,54,0,0,0,0,25,269,0,,OK,0.870975,late,244.0,1.0
2200,1606,faulty_evident,0.9993777224642192,109925,247,54,54,0,0,0,0,25,271,0,,OK,0.878085,late,244.0,3.0
2200,1607,faulty_evident,1.0,109485,246,54,54,0,0,0,0,25,270,0,,OK,0.87453,late,244.0,2.0
2300,0,training_healthy,0.0,108165,243,54,54,0,0,0,0,25,267,0,,OK,0.863865,early,244.0,1.0
2300,1,training_healthy,0.0006242197253433,108165,243,54,54,0,0,0,0,25,267,0,,OK,0.863865,early,244.0,1.0
2300,2,training_healthy,0.0012484394506866,108605,244,54,54,0,0,0,0,25,268,0,,OK,0.86742,early,244.0,0.0
2300,3,training_healthy,0.0018726591760299,109485,246,54,54,0,0,0,0,25,270,0,,OK,0.87453,early,244.0,2.0
2300,4,training_healthy,0.0024968789013732,108605,244,54,54,0,0,0,0,25,268,0,,OK,0.86742,early,244.0,0.0
2300,398,intermediate_unlabelled,0.2484394506866417,108165,243,54,54,0,0,0,0,25,267,0,,OK,0.863865,early_middle,244.0,1.0
2300,399,intermediate_unlabelled,0.249063670411985,108165,243,54,54,0,0,0,0,25,267,0,,OK,0.863865,early_middle,244.0,1.0
2300,400,intermediate_unlabelled,0.2496878901373283,108165,243,54,54,0,0,0,0,25,267,0,,OK,0.863865,early_middle,244.0,1.0
2300,401,intermediate_unlabelled,0.2503121098626716,108605,244,54,54,0,0,0,0,25,268,0,,OK,0.86742,early_middle,244.0,0.0
2300,402,intermediate_unlabelled,0.250936329588015,108605,244,54,54,0,0,0,0,25,268,0,,OK,0.86742,early_middle,244.0,0.0
2300,799,intermediate_unlabelled,0.4987515605493133,109045,245,54,54,0,0,0,0,25,269,0,,OK,0.870975,middle,244.0,1.0
2300,800,intermediate_unlabelled,0.4993757802746567,108605,244,54,54,0,0,0,0,25,268,0,,OK,0.86742,middle,244.0,0.0
2300,801,intermediate_unlabelled,0.5,108165,243,54,54,0,0,0,0,25,267,0,,OK,0.863865,middle,244.0,1.0
2300,802,intermediate_unlabelled,0.5006242197253433,108605,244,54,54,0,0,0,0,25,268,0,,OK,0.86742,middle,244.0,0.0
2300,803,intermediate_unlabelled,0.5012484394506866,108605,244,54,54,0,0,0,0,25,268,0,,OK,0.86742,middle,244.0,0.0
2300,1200,intermediate_unlabelled,0.7490636704119851,108165,243,54,54,0,0,0,0,25,267,0,,OK,0.863865,late_middle,244.0,1.0
2300,1201,intermediate_unlabelled,0.7496878901373284,108165,243,54,54,0,0,0,0,25,267,0,,OK,0.863865,late_middle,244.0,1.0
2300,1202,intermediate_unlabelled,0.7503121098626716,108605,244,54,54,0,0,0,0,25,268,0,,OK,0.86742,late_middle,244.0,0.0
2300,1203,intermediate_unlabelled,0.7509363295880149,108165,243,54,54,0,0,0,0,25,267,0,,OK,0.863865,late_middle,244.0,1.0
2300,1204,intermediate_unlabelled,0.7515605493133583,108605,244,54,54,0,0,0,0,25,268,0,,OK,0.86742,late_middle,244.0,0.0
2300,1598,faulty_evident,0.9975031210986268,109925,247,54,54,0,0,0,0,25,271,0,,OK,0.878085,late,244.0,3.0
2300,1599,faulty_evident,0.99812734082397,108165,243,54,54,0,0,0,0,25,267,0,,OK,0.863865,late,244.0,1.0
2300,1600,faulty_evident,0.9987515605493134,108605,244,54,54,0,0,0,0,25,268,0,,OK,0.86742,late,244.0,0.0
2300,1601,faulty_evident,0.9993757802746568,109925,247,54,54,0,0,0,0,25,271,0,,OK,0.878085,late,244.0,3.0
2300,1602,faulty_evident,1.0,108605,244,54,54,0,0,0,0,25,268,0,,OK,0.86742,late,244.0,0.0
2400,0,training_healthy,0.0,155687,351,54,54,0,0,0,0,25,375,0,,OK,1.247805,early,333.0,18.0
2400,1,training_healthy,0.0006246096189881,146887,331,54,54,0,0,0,0,25,355,0,,OK,1.176705,early,333.0,2.0
2400,2,training_healthy,0.0012492192379762,144247,325,54,54,0,0,0,0,25,349,0,,OK,1.155375,early,333.0,8.0
2400,3,training_healthy,0.0018738288569643,151287,341,54,54,0,0,0,0,25,365,0,,OK,1.212255,early,333.0,8.0
2400,4,training_healthy,0.0024984384759525,141607,319,54,54,0,0,0,0,25,343,0,,OK,1.134045,early,333.0,14.0
2400,398,intermediate_unlabelled,0.2485946283572767,149967,338,54,54,0,0,0,0,25,362,0,,OK,1.20159,early_middle,333.0,5.0
2400,399,intermediate_unlabelled,0.2492192379762648,154807,349,54,54,0,0,0,0,25,373,0,,OK,1.240695,early_middle,333.0,16.0
2400,400,intermediate_unlabelled,0.2498438475952529,145567,328,54,54,0,0,0,0,25,352,0,,OK,1.16604,early_middle,333.0,5.0
2400,401,intermediate_unlabelled,0.2504684572142411,152167,343,54,54,0,0,0,0,25,367,0,,OK,1.219365,early_middle,333.0,10.0
2400,402,intermediate_unlabelled,0.2510930668332292,144247,325,54,54,0,0,0,0,25,349,0,,OK,1.155375,early_middle,333.0,8.0
2400,798,intermediate_unlabelled,0.4984384759525296,150847,340,54,54,0,0,0,0,25,364,0,,OK,1.2087,middle,333.0,7.0
2400,799,intermediate_unlabelled,0.4990630855715178,142927,322,54,54,0,0,0,0,25,346,0,,OK,1.14471,middle,333.0,11.0
2400,800,intermediate_unlabelled,0.4996876951905059,151287,341,54,54,0,0,0,0,25,365,0,,OK,1.212255,middle,333.0,8.0
2400,801,intermediate_unlabelled,0.5003123048094941,150407,339,54,54,0,0,0,0,25,363,0,,OK,1.205145,middle,333.0,6.0
2400,802,intermediate_unlabelled,0.5009369144284822,140287,316,54,54,0,0,0,0,25,340,0,,OK,1.12338,middle,333.0,17.0
2400,1199,intermediate_unlabelled,0.7489069331667708,140287,316,54,54,0,0,0,0,25,340,0,,OK,1.12338,late_middle,333.0,17.0
2400,1200,intermediate_unlabelled,0.749531542785759,140287,316,54,54,0,0,0,0,25,340,0,,OK,1.12338,late_middle,333.0,17.0
2400,1201,intermediate_unlabelled,0.750156152404747,147767,333,54,54,0,0,0,0,25,357,0,,OK,1.183815,late_middle,333.0,0.0
2400,1202,intermediate_unlabelled,0.7507807620237351,148647,335,54,54,0,0,0,0,25,359,0,,OK,1.190925,late_middle,333.0,2.0
2400,1203,intermediate_unlabelled,0.7514053716427233,146887,331,54,54,0,0,0,0,25,355,0,,OK,1.176705,late_middle,333.0,2.0
2400,1597,faulty_evident,0.9975015615240476,146007,329,54,54,0,0,0,0,25,353,0,,OK,1.169595,late,333.0,4.0
2400,1598,faulty_evident,0.9981261711430356,143367,323,54,54,0,0,0,0,25,347,0,,OK,1.148265,late,333.0,10.0
2400,1599,faulty_evident,0.9987507807620236,147767,333,54,54,0,0,0,0,25,357,0,,OK,1.183815,late,333.0,0.0
2400,1600,faulty_evident,0.999375390381012,148647,335,54,54,0,0,0,0,25,359,0,,OK,1.190925,late,333.0,2.0
2400,1601,faulty_evident,1.0,147767,333,54,54,0,0,0,0,25,357,0,,OK,1.183815,late,333.0,0.0
2500,0,training_healthy,0.0,110805,249,54,54,0,0,0,0,25,273,0,,OK,0.885195,early,249.0,0.0
2500,1,training_healthy,0.0006134969325153,110805,249,54,54,0,0,0,0,25,273,0,,OK,0.885195,early,249.0,0.0
2500,2,training_healthy,0.0012269938650306,110805,249,54,54,0,0,0,0,25,273,0,,OK,0.885195,early,249.0,0.0
2500,3,training_healthy,0.001840490797546,110805,249,54,54,0,0,0,0,25,273,0,,OK,0.885195,early,249.0,0.0
2500,4,training_healthy,0.0024539877300613,110805,249,54,54,0,0,0,0,25,273,0,,OK,0.885195,early,249.0,0.0
2500,406,intermediate_unlabelled,0.249079754601227,110805,249,54,54,0,0,0,0,25,273,0,,OK,0.885195,early_middle,249.0,0.0
2500,407,intermediate_unlabelled,0.2496932515337423,110805,249,54,54,0,0,0,0,25,273,0,,OK,0.885195,early_middle,249.0,0.0
2500,408,intermediate_unlabelled,0.2503067484662576,110805,249,54,54,0,0,0,0,25,273,0,,OK,0.885195,early_middle,249.0,0.0
2500,409,intermediate_unlabelled,0.250920245398773,110805,249,54,54,0,0,0,0,25,273,0,,OK,0.885195,early_middle,249.0,0.0
2500,410,intermediate_unlabelled,0.2515337423312883,110805,249,54,54,0,0,0,0,25,273,0,,OK,0.885195,early_middle,249.0,0.0
2500,813,intermediate_unlabelled,0.4987730061349693,110805,249,54,54,0,0,0,0,25,273,0,,OK,0.885195,middle,249.0,0.0
2500,814,intermediate_unlabelled,0.4993865030674846,110805,249,54,54,0,0,0,0,25,273,0,,OK,0.885195,middle,249.0,0.0
2500,815,intermediate_unlabelled,0.5,110805,249,54,54,0,0,0,0,25,273,0,,OK,0.885195,middle,249.0,0.0
2500,816,intermediate_unlabelled,0.5006134969325153,110805,249,54,54,0,0,0,0,25,273,0,,OK,0.885195,middle,249.0,0.0
2500,817,intermediate_unlabelled,0.5012269938650307,110805,249,54,54,0,0,0,0,25,273,0,,OK,0.885195,middle,249.0,0.0
2500,1220,intermediate_unlabelled,0.7484662576687117,110805,249,54,54,0,0,0,0,25,273,0,,OK,0.885195,late_middle,249.0,0.0
2500,1221,intermediate_unlabelled,0.749079754601227,110805,249,54,54,0,0,0,0,25,273,0,,OK,0.885195,late_middle,249.0,0.0
2500,1222,intermediate_unlabelled,0.7496932515337423,110805,249,54,54,0,0,0,0,25,273,0,,OK,0.885195,late_middle,249.0,0.0
2500,1223,intermediate_unlabelled,0.7503067484662577,110805,249,54,54,0,0,0,0,25,273,0,,OK,0.885195,late_middle,249.0,0.0
2500,1224,intermediate_unlabelled,0.750920245398773,110805,249,54,54,0,0,0,0,25,273,0,,OK,0.885195,late_middle,249.0,0.0
2500,1626,faulty_evident,0.9975460122699388,112125,252,54,54,0,0,0,0,25,276,0,,OK,0.89586,late,249.0,3.0
2500,1627,faulty_evident,0.998159509202454,110805,249,54,54,0,0,0,0,25,273,0,,OK,0.885195,late,249.0,0.0
2500,1628,faulty_evident,0.9987730061349692,110805,249,54,54,0,0,0,0,25,273,0,,OK,0.885195,late,249.0,0.0
2500,1629,faulty_evident,0.9993865030674848,110805,249,54,54,0,0,0,0,25,273,0,,OK,0.885195,late,249.0,0.0
2500,1630,faulty_evident,1.0,110805,249,54,54,0,0,0,0,25,273,0,,OK,0.885195,late,249.0,0.0
3000,0,training_healthy,0.0,171967,388,54,54,0,0,0,0,25,412,0,,OK,1.37934,early,379.0,9.0
3000,1,training_healthy,0.0006273525721455,168447,380,54,54,0,0,0,0,25,404,0,,OK,1.3509,early,379.0,1.0
3000,2,training_healthy,0.001254705144291,164047,370,54,54,0,0,0,0,25,394,0,,OK,1.31535,early,379.0,9.0
3000,3,training_healthy,0.0018820577164366,173287,391,54,54,0,0,0,0,25,415,0,,OK,1.390005,early,379.0,12.0
3000,4,training_healthy,0.0025094102885821,162727,367,54,54,0,0,0,0,25,391,0,,OK,1.304685,early,379.0,12.0
3000,396,intermediate_unlabelled,0.2484316185696361,166247,375,54,54,0,0,0,0,25,399,0,,OK,1.333125,early_middle,379.0,4.0
3000,397,intermediate_unlabelled,0.2490589711417817,164047,370,54,54,0,0,0,0,25,394,0,,OK,1.31535,early_middle,379.0,9.0
3000,398,intermediate_unlabelled,0.2496863237139272,166247,375,54,54,0,0,0,0,25,399,0,,OK,1.333125,early_middle,379.0,4.0
3000,399,intermediate_unlabelled,0.2503136762860727,169767,383,54,54,0,0,0,0,25,407,0,,OK,1.361565,early_middle,379.0,4.0
3000,400,intermediate_unlabelled,0.2509410288582183,165367,373,54,54,0,0,0,0,25,397,0,,OK,1.326015,early_middle,379.0,6.0
3000,795,intermediate_unlabelled,0.4987452948557089,170647,385,54,54,0,0,0,0,25,409,0,,OK,1.368675,middle,379.0,6.0
3000,796,intermediate_unlabelled,0.4993726474278545,171527,387,54,54,0,0,0,0,25,411,0,,OK,1.375785,middle,379.0,8.0
3000,797,intermediate_unlabelled,0.5,168007,379,54,54,0,0,0,0,25,403,0,,OK,1.347345,middle,379.0,0.0
3000,798,intermediate_unlabelled,0.5006273525721455,171527,387,54,54,0,0,0,0,25,411,0,,OK,1.375785,middle,379.0,8.0
3000,799,intermediate_unlabelled,0.501254705144291,164047,370,54,54,0,0,0,0,25,394,0,,OK,1.31535,middle,379.0,9.0
3000,1194,intermediate_unlabelled,0.7490589711417817,169767,383,54,54,0,0,0,0,25,407,0,,OK,1.361565,late_middle,379.0,4.0
3000,1195,intermediate_unlabelled,0.7496863237139272,177247,400,54,54,0,0,0,0,25,424,0,,OK,1.422,late_middle,379.0,21.0
3000,1196,intermediate_unlabelled,0.7503136762860728,168887,381,54,54,0,0,0,0,25,405,0,,OK,1.354455,late_middle,379.0,2.0
3000,1197,intermediate_unlabelled,0.7509410288582183,168007,379,54,54,0,0,0,0,25,403,0,,OK,1.347345,late_middle,379.0,0.0
3000,1198,intermediate_unlabelled,0.7515683814303639,171967,388,54,54,0,0,0,0,25,412,0,,OK,1.37934,late_middle,379.0,9.0
3000,1590,faulty_evident,0.9974905897114178,171087,386,54,54,0,0,0,0,25,410,0,,OK,1.37223,late,379.0,7.0
3000,1591,faulty_evident,0.9981179422835632,166247,375,54,54,0,0,0,0,25,399,0,,OK,1.333125,late,379.0,4.0
3000,1592,faulty_evident,0.998745294855709,163167,368,54,54,0,0,0,0,25,392,0,,OK,1.30824,late,379.0,11.0
3000,1593,faulty_evident,0.9993726474278544,166687,376,54,54,0,0,0,0,25,400,0,,OK,1.33668,late,379.0,3.0
3000,1594,faulty_evident,1.0,166247,375,54,54,0,0,0,0,25,399,0,,OK,1.333125,late,379.0,4.0
3100,0,training_healthy,0.0,169327,382,54,54,0,0,0,0,25,406,0,,OK,1.35801,early,366.0,16.0
3100,1,training_healthy,0.0006138735420503,162287,366,54,54,0,0,0,0,25,390,0,,OK,1.30113,early,366.0,0.0
3100,2,training_healthy,0.0012277470841006,159647,360,54,54,0,0,0,0,25,384,0,,OK,1.2798,early,366.0,6.0
3100,3,training_healthy,0.001841620626151,165367,373,54,54,0,0,0,0,25,397,0,,OK,1.326015,early,366.0,7.0
3100,4,training_healthy,0.0024554941682013,156567,353,54,54,0,0,0,0,25,377,0,,OK,1.254915,early,366.0,13.0
3100,405,intermediate_unlabelled,0.2486187845303867,160087,361,54,54,0,0,0,0,25,385,0,,OK,1.283355,early_middle,366.0,5.0
3100,406,intermediate_unlabelled,0.249232658072437,158327,357,54,54,0,0,0,0,25,381,0,,OK,1.269135,early_middle,366.0,9.0
3100,407,intermediate_unlabelled,0.2498465316144874,163607,369,54,54,0,0,0,0,25,393,0,,OK,1.311795,early_middle,366.0,3.0
3100,408,intermediate_unlabelled,0.2504604051565378,168007,379,54,54,0,0,0,0,25,403,0,,OK,1.347345,early_middle,366.0,13.0
3100,409,intermediate_unlabelled,0.2510742786985881,160527,362,54,54,0,0,0,0,25,386,0,,OK,1.28691,early_middle,366.0,4.0
3100,812,intermediate_unlabelled,0.4984653161448741,166247,375,54,54,0,0,0,0,25,399,0,,OK,1.333125,middle,366.0,9.0
3100,813,intermediate_unlabelled,0.4990791896869245,161847,365,54,54,0,0,0,0,25,389,0,,OK,1.297575,middle,366.0,1.0
3100,814,intermediate_unlabelled,0.4996930632289748,165807,374,54,54,0,0,0,0,25,398,0,,OK,1.32957,middle,366.0,8.0
3100,815,intermediate_unlabelled,0.5003069367710252,157007,354,54,54,0,0,0,0,25,378,0,,OK,1.25847,middle,366.0,12.0
3100,816,intermediate_unlabelled,0.5009208103130756,165367,373,54,54,0,0,0,0,25,397,0,,OK,1.326015,middle,366.0,7.0
3100,1220,intermediate_unlabelled,0.7489257213014119,167127,377,54,54,0,0,0,0,25,401,0,,OK,1.340235,late_middle,366.0,11.0
3100,1221,intermediate_unlabelled,0.7495395948434622,155247,350,54,54,0,0,0,0,25,374,0,,OK,1.24425,late_middle,366.0,16.0
3100,1222,intermediate_unlabelled,0.7501534683855126,154807,349,54,54,0,0,0,0,25,373,0,,OK,1.240695,late_middle,366.0,17.0
3100,1223,intermediate_unlabelled,0.7507673419275629,170647,385,54,54,0,0,0,0,25,409,0,,OK,1.368675,late_middle,366.0,19.0
3100,1224,intermediate_unlabelled,0.7513812154696132,163167,368,54,54,0,0,0,0,25,392,0,,OK,1.30824,late_middle,366.0,2.0
3100,1625,faulty_evident,0.9975445058317988,159207,359,54,54,0,0,0,0,25,383,0,,OK,1.276245,late,366.0,7.0
3100,1626,faulty_evident,0.998158379373849,157887,356,54,54,0,0,0,0,25,380,0,,OK,1.26558,late,366.0,10.0
3100,1627,faulty_evident,0.9987722529158992,162287,366,54,54,0,0,0,0,25,390,0,,OK,1.30113,late,366.0,0.0
3100,1628,faulty_evident,0.9993861264579496,162287,366,54,54,0,0,0,0,25,390,0,,OK,1.30113,late,366.0,0.0
3100,1629,faulty_evident,1.0,156567,353,54,54,0,0,0,0,25,377,0,,OK,1.254915,late,366.0,13.0
