layout,joint,operation_50,operation_100,median_q_range_50,median_q_range_100,median_q_range_change,median_q_range_pct_change,median_q_range_ratio,median_dq_rms_50,median_dq_rms_100,median_dq_rms_change,median_dq_rms_pct_change,median_dq_rms_ratio,median_ddq_rms_50,median_ddq_rms_100,median_ddq_rms_change,median_ddq_rms_pct_change,median_ddq_rms_ratio,median_tau_abs_50,median_tau_abs_100,median_tau_abs_change,median_tau_abs_pct_change,median_tau_abs_ratio,median_tau_rms_50,median_tau_rms_100,median_tau_rms_change,median_tau_rms_pct_change,median_tau_rms_ratio,median_tau_peak_50,median_tau_peak_100,median_tau_peak_change,median_tau_peak_pct_change,median_tau_peak_ratio,median_tau_std_50,median_tau_std_100,median_tau_std_change,median_tau_std_pct_change,median_tau_std_ratio
layout_0,1,1050,1100,1.7458210850748863,1.7458196441282374,-1.4409466488896072e-06,-8.253690261896443e-05,0.9999991746309738,1.064351730403838,1.3762806025636285,0.3119288721597906,29.306935221633744,1.2930693522163375,6.040692702955917,8.594262204342733,2.553569501386816,42.272792657326654,1.4227279265732666,43.55410297901575,69.67151741043682,26.117414431421068,59.96545134680966,1.5996545134680966,64.55224189673086,101.62674986965708,37.07450797292621,57.43333908098363,1.5743333908098363,248.04589065428252,332.01166622298854,83.96577556870602,33.85090369658028,1.3385090369658028,64.51093004131468,101.61835449092489,37.10742444961021,57.521143201385456,1.5752114320138546
layout_0,2,1050,1100,1.0870634301874535,1.087024478345865,-3.89518415886414e-05,-0.0035832169960794773,0.9999641678300392,0.9649709173409244,1.277085771387604,0.3121148540466796,32.34448297226862,1.3234448297226862,6.616450713683086,11.651649233060086,5.0351985193769995,76.10120194750347,1.7610120194750345,105.57205071550578,119.80795387134684,14.235903155841058,13.484537867132834,1.1348453786713284,119.55055180695852,139.49976971653643,19.94921790957791,16.686847202337006,1.16686847202337,323.9037322401128,441.6839965204029,117.78026428029011,36.36273761519318,1.363627376151932,58.82114495758517,91.95279798870212,33.13165303111695,56.326093371707685,1.5632609337170769
layout_0,3,1050,1100,0.9729371249777444,0.9710448242485888,-0.0018923007291555827,-0.19449362970899772,0.99805506370291,0.7124882640291791,0.9304769819150928,0.21798871788591367,30.595411726948278,1.3059541172694829,7.092231203550869,12.1957162261878,5.1034850226369315,71.95880783020397,1.7195880783020396,158.42133269917633,167.3551725234982,8.933839824321865,5.639290916259483,1.0563929091625948,170.90544020743994,194.5888400711591,23.68339986371916,13.857604436098086,1.138576044360981,378.8598719463635,543.8787790074288,165.01890706106525,43.556712990819875,1.4355671299081987,77.35402860261291,134.18155084859978,56.82752224598687,73.4642051261792,1.734642051261792
layout_0,4,1050,1100,1.689447687051706,1.6893432356536715,-0.00010445139803438863,-0.006182576639390899,0.9999381742336061,1.2025228588114212,1.5892978147703605,0.3867749559589393,32.163626090337225,1.3216362609033723,5.391609633209459,8.183747624402791,2.792137991193332,51.78672383837363,1.5178672383837364,13.088678694499588,15.00450030931625,1.915821614816661,14.63724230331798,1.1463724230331798,16.809935594014092,20.330927842789272,3.5209922487751797,20.945899697729846,1.2094589969772984,40.575635850514686,49.43290947465941,8.857273624144725,21.829044544800087,1.2182904454480008,15.42149819943344,18.51591311295811,3.0944149135246697,20.065592029433,1.2006559202943299
layout_0,5,1050,1100,3.213535892063595,3.213435295343868,-0.00010059671972673101,-0.0031304059797549705,0.9999686959402024,2.462078209039252,3.2900735031851163,0.8279952941458641,33.62993470743413,1.3362993470743414,11.97298291575261,21.41541042098333,9.442427505230722,78.8644531748852,1.788644531748852,7.050152367926676,8.464498122491253,1.414345754564577,20.061208336416577,1.2006120833641658,9.291178956166132,11.833535017948416,2.542356061782284,27.36311585189131,1.273631158518913,27.424739320792924,35.99263402673963,8.567894705946706,31.24148093342382,1.3124148093342383,7.69152408914427,10.763609600323004,3.0720855111787344,39.94118038991311,1.3994118038991312
layout_0,6,1050,1100,2.328660605123312,2.3266938050319395,-0.0019668000913726225,-0.08446057304552856,0.9991553942695447,1.573939307981607,2.0975790505880982,0.5236397426064912,33.26937321858985,1.3326937321858985,5.778041159559873,9.495814201044569,3.717773041484696,64.3431387700237,1.6434313877002371,2.952453989966205,3.093971238869538,0.1415172489033334,4.793207595589094,1.047932075955891,3.144702982317839,3.542341901546346,0.3976389192285068,12.644721026576015,1.1264472102657601,5.06938024197528,7.272944461327768,2.2035642193524883,43.46811866876001,1.4346811866876001,3.006088567583971,3.50907317136704,0.502984603783069,16.73219509255257,1.1673219509255257
layout_1,1,1051,1101,0.5405075994597325,0.5405523103362408,4.4710876508369246e-05,0.00827201625898697,1.00008272016259,0.6782862864856358,0.8066858568615032,0.12839957037586736,18.92999651240723,1.1892999651240723,5.603025271982096,7.854098310879337,2.251073038897241,40.17602865640678,1.4017602865640677,26.484819128584213,35.574829301459445,9.090010172875232,34.32158675029302,1.3432158675029302,41.32094613902052,57.10371323172294,15.782767092702422,38.195560768629925,1.381955607686299,167.2079817398105,206.786684364624,39.5787026248135,23.670342894516395,1.236703428945164,41.16621431832544,56.97376117508093,15.807546856755494,38.399321187322904,1.383993211873229
layout_1,2,1051,1101,0.638753951712904,0.6386320831148489,-0.00012186859805507488,-0.019079114536711354,0.9998092088546329,0.7426554531983577,0.9818052247695804,0.23914977157122275,32.201981489705375,1.322019814897054,5.960081437794676,10.80345287119577,4.843371433401094,81.26351097634024,1.8126351097634024,90.96761111218812,103.58193200913684,12.614320896948712,13.866826602043863,1.1386682660204386,102.55552554818834,122.45038454104368,19.894858992855333,19.399109786149186,1.1939910978614918,323.8142594000062,441.80845031061824,117.99419091061202,36.43884958285742,1.3643884958285741,49.86066688462594,83.92173327320384,34.0610663885779,68.31249663666313,1.6831249663666312
layout_1,3,1051,1101,0.5492696893562407,0.5475221297725434,-0.0017475595836972113,-0.31816057167570994,0.9968183942832429,0.6782300903177703,0.8933183076070208,0.21508821728925054,31.713163476494465,1.3171316347649447,6.438793383881952,11.679025808130824,5.240232424248871,81.38531727647288,1.813853172764729,145.74909962671904,158.8795289795424,13.13042935282337,9.008926563836058,1.0900892656383605,161.7543176147945,186.45515369896003,24.70083608416553,15.270588413589476,1.1527058841358948,377.51390018704274,544.9818968640604,167.4679966770177,44.36074978803275,1.4436074978803275,82.03836817774891,132.95969650447182,50.921328326722914,62.0701379827472,1.6207013798274719
layout_1,4,1051,1101,1.8399385145402087,1.840004928763412,6.641422320319279e-05,0.0036095892704213197,1.0000360958927041,1.406747416537561,1.842376658173955,0.4356292416363938,30.967125762250312,1.3096712576225031,7.117290087848218,10.618389083899425,3.5010989960512067,49.191461256143626,1.4919146125614362,12.247723231200396,14.1329805124121,1.8852572812117039,15.392716226711554,1.1539271622671154,15.640524012822214,19.09909073955661,3.4585667267343947,22.112857113348866,1.2211285711334887,36.57398445640764,41.67315055329465,5.099166096887004,13.942057920882739,1.1394205792088274,15.31499281901692,18.580515521894178,3.2655227028772575,21.322391342047485,1.2132239134204748
layout_1,5,1051,1101,3.160590499968093,3.1607167101188054,0.00012621015071223596,0.0039932459049506755,1.0000399324590494,2.4062070712255177,3.234306360395779,0.8280992891702614,34.41512989771483,1.3441512989771482,11.441431039434084,20.703602844961644,9.26217180552756,80.95291378853327,1.8095291378853327,8.489343308634279,9.38734914205104,0.8980058334167609,10.578036495513425,1.1057803649551343,10.545450594806391,11.8548223646192,1.3093717698128078,12.41646108946421,1.1241646108946421,24.21884528429425,26.645067236674656,2.4262219523804056,10.017909292949623,1.1001790929294963,8.202746895681877,9.611935895926567,1.409189000244691,17.179476804124263,1.1717947680412426
layout_1,6,1051,1101,2.773905627052405,2.773212702906504,-0.0006929241459010527,-0.024980090856132137,0.9997501990914387,1.8760387915670071,2.5119001531189817,0.6358613615519746,33.893828017322384,1.338938280173224,7.056224343606488,11.343995808762788,4.2877714651562995,60.765804151923945,1.6076580415192394,3.182954381749957,3.3147880169227006,0.1318336351727436,4.141863795743839,1.0414186379574384,3.386327564905569,3.782167516481686,0.39583995157611707,11.689357984101443,1.1168935798410144,5.379381362310082,8.15803380435569,2.7786524420456074,51.65375449143399,1.51653754491434,3.3859966567703115,3.7775696616079455,0.391573004837634,11.564482913906087,1.1156448291390608
layout_2,1,1052,1102,3.3166204482981403,3.3166211746681142,7.263699739468166e-07,2.1900907422781505e-05,1.0000002190090742,1.870103915660413,2.3119005101172494,0.4417965944568365,23.624173542293203,1.236241735422932,8.2330067006512,11.494708945154336,3.2617022445031356,39.61738843532275,1.3961738843532274,46.33553073119292,69.65408261020139,23.318551879008467,50.32542308468801,1.5032542308468801,71.78341373832859,102.72086203401264,30.93744829568405,43.098324089823926,1.4309832408982393,238.58541350409223,322.6584920102905,84.07307850619827,35.23814690572282,1.3523814690572282,71.44574586461519,102.53052698004804,31.084781115432847,43.50823235065162,1.4350823235065162
layout_2,2,1052,1102,0.6736836764393916,0.6735230852252921,-0.0001605912140995036,-0.023837777241133926,0.9997616222275887,0.8151945464555869,1.0394308983613223,0.22423635190573543,27.507096665538377,1.2750709666553837,7.089859302400724,12.260225399952422,5.170366097551698,72.92621583902154,1.7292621583902152,106.38818657705744,128.10340300847147,21.715216431414035,20.41130423412717,1.2041130423412716,120.29383101340892,146.308684678232,26.01485366482308,21.626091251448507,1.216260912514485,346.2656959844696,443.35034340317634,97.08464741870677,28.037616357775484,1.2803761635777549,62.51611379998323,99.69669675818784,37.18058295820461,59.47359920221814,1.5947359920221813
layout_2,3,1052,1102,0.8920350556069634,0.8902046284098077,-0.0018304271971556485,-0.20519677849545712,0.9979480322150455,0.7440832869197039,0.9485660788586164,0.2044827919389125,27.481169854709933,1.2748116985470994,7.419962452619204,12.744613531010913,5.3246510783917085,71.76115933729741,1.717611593372974,178.5826583869753,195.29644115443844,16.71378276746313,9.359129782492994,1.09359129782493,192.75834830951976,220.8552413655576,28.09689305603783,14.576226297042933,1.1457622629704294,632.0345284150601,750.3654264094486,118.33089799438847,18.722220491833635,1.1872222049183363,92.96801962257388,152.90947433906217,59.941454716488295,64.47534857667733,1.6447534857667734
layout_2,4,1052,1102,1.6313493734217368,1.6310862274684022,-0.0002631459533346536,-0.01613057004354058,0.9998386942995646,0.912564762403264,1.1168783255576913,0.20431356315442728,22.388938470116024,1.2238893847011603,3.5433365866274347,4.610833397853293,1.0674968112258583,30.126881404792172,1.3012688140479216,10.690884989628998,12.988755102098688,2.29787011246969,21.49373147965585,1.2149373147965585,14.960255927996831,18.13393158997487,3.1736756619780397,21.21404658618693,1.2121404658618693,41.55841435490762,43.77213190034196,2.213717545434342,5.3267613305196395,1.0532676133051964,14.003130941033618,16.93419794582119,2.9310670047875718,20.93151179639844,1.2093151179639845
layout_2,5,1052,1102,3.245404128641095,3.244979722558896,-0.0004244060821987361,-0.013077141255022746,0.9998692285874498,2.2250837638448635,2.7963339303055426,0.571250166460679,25.67319827427888,1.2567319827427887,12.80705520055243,21.36761850811737,8.56056330756494,66.84255805499834,1.6684255805499832,6.955277288120051,8.468306841528968,1.5130295534089164,21.753691344459316,1.2175369134445932,8.952693783915874,12.046941773642736,3.0942479897268615,34.562200656140945,1.3456220065614095,25.347494484671262,41.499711132998925,16.152216648327663,63.72312915619969,1.6372312915619969,8.622614487770932,11.841665393099012,3.2190509053280802,37.3326548449257,1.373326548449257
layout_2,6,1052,1102,1.9848068369818752,1.9815756399941395,-0.0032311969877356628,-0.16279654662259557,0.9983720345337741,0.8537330729628123,1.1032066659273243,0.249473592964512,29.221498014447754,1.2922149801444776,4.5558715367768965,6.969382854320521,2.413511317543625,52.97584223042187,1.5297584223042187,2.590069525484949,2.545028176025565,-0.045041349459383984,-1.7390015602361373,0.9826099843976386,2.72137421225016,2.7886419431992984,0.0672677309491383,2.471829513425064,1.0247182951342506,5.146024343180628,6.705997706028278,1.55997336284765,30.314146588033235,1.3031414658803324,2.712896549985252,2.779139814092088,0.06624326410683601,2.441791011426371,1.0244179101142636
layout_3,1,1053,1103,1.821003256830628,1.821001200991145,-2.0558394830949567e-06,-0.00011289598057463391,0.9999988710401942,1.104053236074671,1.4036818672871378,0.29962863121246675,27.13896589604324,1.2713896589604323,7.103411963525618,10.532299595649173,3.428887632123555,48.270994977203934,1.4827099497720395,32.84587061543918,46.39122428086754,13.545353665428358,41.23913725417092,1.4123913725417092,49.77219738150809,70.96923931891409,21.197041937406,42.58811756878822,1.4258811756878822,197.39202081639343,238.89074390786035,41.49872309146693,21.023505874164723,1.2102350587416473,49.08224517669322,70.42221672819744,21.33997155150422,43.47798572514678,1.4347798572514678
layout_3,2,1053,1103,0.6387517136363323,0.6386347811505518,-0.00011693248578048543,-0.018306406587123444,0.9998169359341288,0.6977279178502278,0.9260178923670443,0.22828997451681654,32.71905404332991,1.327190540433299,5.599747373057845,10.189205324303591,4.5894579512457465,81.95830357146252,1.8195830357146252,92.14183999493144,104.05062826333965,11.908788268408202,12.924409007963465,1.1292440900796346,102.40489408609562,121.06313582628962,18.658241740194,18.220068392929853,1.1822006839292984,324.13133355795594,442.8913482758678,118.76001471791187,36.63947370169232,1.3663947370169232,47.11984410581172,79.64177766867283,32.52193356286111,69.01961197034156,1.6901961197034157
layout_3,3,1053,1103,0.5493029258988296,0.5476582239608927,-0.0016447019379368655,-0.2994161983109091,0.9970058380168909,0.6372293568571672,0.8429904342839507,0.2057610774267835,32.289955761235305,1.322899557612353,6.0501061263907046,11.035561465539528,4.985455339148824,82.40277500922092,1.8240277500922093,150.9100640476693,160.9856456241472,10.075581576477902,6.676547147508491,1.066765471475085,165.0731070961854,185.6859403075753,20.612833211389898,12.48709349087319,1.1248709349087318,377.2977395142242,545.0866539824804,167.78891446825617,44.47122176885729,1.444712217688573,78.66069682736516,126.56402692388824,47.90333009652308,60.89868514851251,1.608986851485125
layout_3,4,1053,1103,1.840010370591388,1.8400828078511844,7.243725979644289e-05,0.003936785409158385,1.0000393678540915,1.3216409681136772,1.7376956453367314,0.4160546772230542,31.48015892825051,1.3148015892825051,6.686699166410742,10.015077650854463,3.3283784844437214,49.77610629117496,1.4977610629117497,12.106309853580676,14.622284154880106,2.51597430129943,20.78233856335076,1.2078233856335077,15.8592290825092,19.643774746290084,3.784545663780884,23.8633646319844,1.238633646319844,38.10562241475587,42.08865443014947,3.983032015393597,10.452609780364652,1.1045260978036464,15.63205249250804,19.326303288145304,3.6942507956372648,23.632538320913426,1.2363253832091343
layout_3,5,1053,1103,3.16057297212998,3.1608100871328797,0.0002371150028999125,0.007502279016836478,1.0000750227901685,2.260635165895355,3.0504892542714237,0.7898540883760687,34.9394763158626,1.349394763158626,10.748974518691703,19.526788725969688,8.777814207277984,81.66187567022313,1.8166187567022314,8.315897005235861,9.536022579276716,1.2201255740408552,14.67220641709053,1.1467220641709053,10.234085082188802,11.926356069585747,1.6922709873969453,16.535635318707094,1.165356353187071,24.787112844359207,25.85246134044204,1.0653484960828337,4.297993488682062,1.0429799348868207,8.922243671003514,10.864082380479283,1.9418387094757694,21.764017898172515,1.2176401789817253
layout_3,6,1053,1103,2.877692145357085,2.8770432582512537,-0.0006488871058314416,-0.02254887156287258,0.9997745112843712,2.052839672158377,2.745399368359993,0.6925596962016161,33.73666758268811,1.3373666758268812,8.430353706616557,13.47867205896616,5.048318352349602,59.88263989905231,1.5988263989905231,3.245047367643408,3.4899114893833616,0.24486412173995342,7.545779583420276,1.0754577958342029,3.4731201203466746,3.943195965849982,0.4700758455033074,13.534684353398813,1.1353468435339882,5.558465272604989,7.979907700628207,2.4214424280232176,43.56314754645219,1.4356314754645219,3.243080222159447,3.688249439294613,0.4451692171351662,13.726740834019349,1.1372674083401935
