operation_code,csv_file_count,pkl_file_count,csv_uncompressed_bytes,pkl_uncompressed_bytes,csv_size_gib,pkl_size_gib
1050,2063,2063,794924219,1206941833,0.740331,1.124052
1051,2061,2061,819828192,1232821507,0.763525,1.148154
1052,2054,2054,1087707926,1660790218,1.013007,1.546731
1053,2054,2054,928555441,1388718858,0.864785,1.293345
1100,1931,1931,628378897,954027637,0.585223,0.888507
1101,1930,1930,646022225,973281219,0.601655,0.906439
1102,1929,1929,874521098,1329655343,0.814461,1.238338
1103,1929,1929,729349136,1093809623,0.679259,1.01869
2000,1605,1605,122915255,174234456,0.114474,0.162268
2100,1599,1599,172086808,243786271,0.160268,0.227044
2200,1608,1608,123898290,177286522,0.115389,0.165111
2300,1603,1603,121541541,173992615,0.113194,0.162043
2400,1602,1602,171150148,239629757,0.159396,0.223173
2500,1631,1631,129168595,180760355,0.120298,0.168346
3000,1595,1595,190918214,277773920,0.177806,0.258697
3100,1630,1630,189486677,267151090,0.176473,0.248804
