operation_code,j3_tau_rms_pct_change,control_median_tau_rms_pct_change,j3_minus_control_tau_rms_pct_points,j3_tau_rms_outside_pct,control_median_tau_rms_outside_pct,j3_tau_peak_outside_pct,control_median_tau_peak_outside_pct
1050,2.837563816179816,-4.003354084568827,6.840917900748643,100.0,82.0,100.0,100.0
1051,6.233821397258689,-2.4875299275485636,8.721351324807252,100.0,96.0,100.0,100.0
1052,8.841513720895207,-1.5232148178968403,10.364728538792047,100.0,78.0,100.0,100.0
1053,7.561930042275958,-2.2603992644007787,9.822329306676737,100.0,96.0,100.0,100.0
1100,3.315262641540872,-3.6313294477364275,6.946592089277299,100.0,42.0,100.0,80.0
1101,6.334991155943268,-2.7137457161949676,9.048736872138235,100.0,28.000000000000004,100.0,98.0
1102,9.527582115713223,-3.5900341084347285,13.117616224147952,100.0,46.0,100.0,100.0
1103,7.645898747806165,-1.5741736007658842,9.22007234857205,100.0,30.0,100.0,90.0
2000,12.646385285606,0.005434102418893183,12.640951183187106,98.0,2.0,100.0,62.0
2100,-7.0351298107482885,0.5269247221984851,-7.562054532946774,52.0,2.0,0.0,0.0
2200,0.01986239350271679,3.7590767644571175,-3.7392143709544006,26.0,28.000000000000004,56.00000000000001,12.0
2300,8.15832390881358,6.888983927342888,1.2693399814706918,64.0,16.0,78.0,8.0
2400,9.65493309393116,0.505833134532706,9.149099959398454,52.0,2.0,8.0,0.0
2500,-1.1401099664135914,4.274711537397966,-5.414821503811558,48.0,64.0,66.0,76.0
3000,8.768386036690664,0.3873276042952827,8.381058432395381,54.0,4.0,100.0,4.0
3100,7.314449527644398,1.4759441434101268,5.838505384234272,66.0,8.0,76.0,2.0
