speed_group,joint,median_q_range_min,median_q_range_max,median_q_range_range,median_q_range_cv_pct,median_q_range_relative_range_pct,median_dq_rms_min,median_dq_rms_max,median_dq_rms_range,median_dq_rms_cv_pct,median_dq_rms_relative_range_pct,median_ddq_rms_min,median_ddq_rms_max,median_ddq_rms_range,median_ddq_rms_cv_pct,median_ddq_rms_relative_range_pct,median_tau_abs_min,median_tau_abs_max,median_tau_abs_range,median_tau_abs_cv_pct,median_tau_abs_relative_range_pct,median_tau_rms_min,median_tau_rms_max,median_tau_rms_range,median_tau_rms_cv_pct,median_tau_rms_relative_range_pct,median_tau_peak_min,median_tau_peak_max,median_tau_peak_range,median_tau_peak_cv_pct,median_tau_peak_relative_range_pct
50_percent,1,0.5405075994597325,3.3166204482981403,2.776112848838408,53.046816413939375,149.5760049702733,0.6782862864856358,1.870103915660413,1.191817629174777,36.649860555403535,101.07011956784355,5.603025271982096,8.2330067006512,2.6299814286691046,15.088000431364351,38.99137300670675,26.484819128584213,46.33553073119292,19.850711602608705,21.51012070569357,53.21181764814279,41.32094613902052,71.78341373832859,30.46246759930807,21.061086394426074,53.5771506729333,167.2079817398105,248.04589065428252,80.83790891447202,15.26873764250658,37.986342032684334
50_percent,2,0.6387517136363323,1.0870634301874535,0.44831171655112123,24.964261845057376,59.022306594923506,0.6977279178502278,0.9649709173409244,0.26724299949069663,12.588131012776618,33.19223066568411,5.599747373057845,7.089859302400724,1.4901119293428788,9.124829887333657,23.59065529639637,90.96761111218812,106.38818657705744,15.420575464869316,7.320626806872071,15.613018075199614,102.40489408609562,120.29383101340892,17.888936927313296,7.846238783210159,16.08699980629108,323.8142594000062,346.2656959844696,22.45143658446335,2.9326025197342207,6.8131949712009465
50_percent,3,0.5492696893562407,0.9729371249777444,0.4236674356215038,26.14749166347461,57.18387469172024,0.6372293568571672,0.7440832869197039,0.10685393006253674,5.7347589577229,15.41886510430196,6.0501061263907046,7.419962452619204,1.3698563262284997,7.9524624849683665,20.29334616616149,145.74909962671904,178.5826583869753,32.83355876025627,7.881049406342949,20.726190887752658,161.7543176147945,192.75834830951976,31.00403069472526,6.9967525201376315,17.960564943201067,377.2977395142242,632.0345284150601,254.7367889008359,24.930360045398213,57.70763266841214
50_percent,4,1.6313493734217368,1.840010370591388,0.20866099716965114,5.262728905511718,11.922215077702987,0.912564762403264,1.406747416537561,0.4941826541342971,15.433396036934585,40.81223101225595,3.5433365866274347,7.117290087848218,3.5739535012207835,24.450275360308513,62.86931954738556,10.690884989628998,13.088678694499588,2.3977937048705904,7.157408752662468,19.926154418772775,14.960255927996831,16.809935594014092,1.849679666017261,4.185100217457778,11.693891481676829,36.57398445640764,41.55841435490762,4.984429898499975,5.029030785567416,12.714274997274359
50_percent,5,3.16057297212998,3.245404128641095,0.08483115651111506,1.1342670384437943,2.6551007684370798,2.2250837638448635,2.462078209039252,0.23699444519438861,4.210634210170105,10.134459633486193,10.748974518691703,12.80705520055243,2.0580806818607265,6.407026797062416,17.526602014884336,6.955277288120051,8.489343308634279,1.5340660205142278,9.1323423618365,19.916035866952193,8.952693783915874,10.545450594806391,1.592756810890517,6.708159439858906,16.326168066790434,24.21884528429425,27.424739320792924,3.205894036498673,4.758988415750054,12.599532279268198
50_percent,6,1.9848068369818752,2.877692145357085,0.89288530837521,14.363132585712961,35.84062077485142,0.8537330729628123,2.052839672158377,1.1991065991955647,28.809095790694617,75.45643091652818,4.5558715367768965,8.430353706616557,3.874482169839661,22.353613006975685,60.0218207759026,2.590069525484949,3.245047367643408,0.6549778421584591,8.578181130302411,21.886352609171535,2.72137421225016,3.4731201203466746,0.7517459080965145,9.165076807557288,23.629545034754855,5.06938024197528,5.558465272604989,0.48908503062970965,3.655153663311698,9.24841341014563
100_percent,1,0.5405523103362408,3.3166211746681142,2.776068864331873,53.045729727796584,149.57279011206379,0.8066858568615032,2.3119005101172494,1.5052146532557462,36.54811577419344,102.07355706593094,7.854098310879337,11.494708945154336,3.6406106342749993,15.170498315579614,37.848740361385545,35.574829301459445,69.67151741043682,34.096688108977375,26.82622158388829,61.632126750071876,57.10371323172294,102.72086203401264,45.6171488022897,23.695906748136498,54.89088664195449,206.786684364624,332.01166622298854,125.22498185836454,19.473496132928496,45.52197265448672
100_percent,2,0.6386320831148489,1.087024478345865,0.44839239523101604,24.973052231007486,59.04144652448016,0.9260178923670443,1.277085771387604,0.3510678790205597,12.664469733457995,33.24239021779913,10.189205324303591,12.260225399952422,2.07102007564883,7.04826145677039,18.448205071483102,103.58193200913684,128.10340300847147,24.52147099933464,9.210465201346308,21.531597789845375,121.06313582628962,146.308684678232,25.245548851942374,8.203243988558567,19.077650319194646,441.6839965204029,443.35034340317634,1.6663468827734391,0.15992877214622528,0.37663213846941607
100_percent,3,0.5475221297725434,0.9710448242485888,0.4235226944760454,26.19892703218105,57.30191104965657,0.8429904342839507,0.9485660788586164,0.10557564457466573,4.468008516226739,11.68081562594839,11.035561465539528,12.744613531010913,1.7090520654713846,5.302236427626688,14.345231694469847,158.8795289795424,195.29644115443844,36.41691217489603,8.544540022293367,21.342720237890678,185.6859403075753,220.8552413655576,35.169301057982295,7.245304696732519,17.861840041968314,543.8787790074288,750.3654264094486,206.4866474020198,14.944186250598328,34.640866112819175
100_percent,4,1.6310862274684022,1.8400828078511844,0.20899658038278224,5.270668319011018,11.94177940970669,1.1168783255576913,1.842376658173955,0.7254983326162636,17.656666556365597,46.16415269602252,4.610833397853293,10.618389083899425,6.007555686046132,28.01608382610965,71.88640784188576,12.988755102098688,15.00450030931625,2.0157452072175612,5.340815045659361,14.208266255555783,18.13393158997487,20.330927842789272,2.196996252814401,4.161674980228511,11.382261322324329,41.67315055329465,49.43290947465941,7.759758921364764,7.003516321060652,17.53946364766519
100_percent,5,3.1607167101188054,3.244979722558896,0.08426301244009071,1.1265620183259928,2.637351989824294,2.7963339303055426,3.2900735031851163,0.4937395728795737,6.232487069560868,15.964157114148867,19.526788725969688,21.41541042098333,1.8886216950136436,3.6716963706149346,9.100319845333514,8.464498122491253,9.536022579276716,1.071524456785463,5.582434210668149,11.953582962160306,11.833535017948416,12.046941773642736,0.21340675569432044,0.6995884597052207,1.7910142204110233,25.85246134044204,41.499711132998925,15.647249792556885,20.158544461023784,48.149134521762406
100_percent,6,1.9815756399941395,2.8770432582512537,0.8954676182571142,14.414932415254551,35.96788005184242,1.1032066659273243,2.745399368359993,1.6421927024326688,29.712808049757108,77.6626225073168,6.969382854320521,13.47867205896616,6.509289204645638,23.19666196357058,63.062492737469874,2.545028176025565,3.4899114893833616,0.9448833133577965,11.429691457186419,30.373068951320743,2.7886419431992984,3.943195965849982,1.1545540226506836,12.59093430632339,32.85502259684831,6.705997706028278,8.15803380435569,1.4520360983274117,7.692717173987779,19.285343252974023
