operation_code,configurations,detections,detection_rate_pct,false_warning_evaluable_configs,false_warnings,false_warning_rate_pct,median_healthy_below_threshold_pct,median_warning_cycle,warning_cycle_iqr,median_warning_lead,min_warning_lead,max_warning_lead,robustness_class
1050,54,54,100.0,36,0,0.0,2.857142857142857,470.0,550.0,1543.0,1018.0,1643.0,robust
1051,54,54,100.0,36,0,0.0,2.857142857142857,770.0,700.0,1241.0,1016.0,1841.0,robust
1052,54,54,100.0,36,0,0.0,2.857142857142857,970.0,400.0,1034.0,934.0,1534.0,robust
1053,54,54,100.0,36,0,0.0,2.857142857142857,945.0,50.0,1059.0,1034.0,1584.0,robust
1100,54,30,55.55555555555556,36,0,0.0,4.285714285714286,1270.0,531.25,611.0,361.0,1286.0,moderate
1101,54,51,94.44444444444444,36,0,0.0,8.571428571428571,1020.0,0.0,860.0,410.0,960.0,robust
1102,54,32,59.25925925925926,36,0,0.0,5.714285714285714,1132.5,300.0,746.5,409.0,909.0,moderate
1103,54,31,57.407407407407405,36,0,0.0,4.285714285714286,1020.0,100.0,859.0,409.0,909.0,moderate
2000,54,18,33.333333333333336,36,0,0.0,2.857142857142857,520.0,50.0,1035.0,985.0,1185.0,moderate
2100,54,0,0.0,36,0,0.0,11.428571428571429,,,,,,weak
2200,54,0,0.0,36,0,0.0,8.571428571428571,,,,,,weak
2300,54,0,0.0,36,0,0.0,7.142857142857142,,,,,,weak
2400,54,0,0.0,36,0,0.0,11.428571428571429,,,,,,weak
2500,54,54,100.0,36,0,0.0,4.285714285714286,770.0,225.0,811.0,411.0,1111.0,robust
3000,54,0,0.0,36,0,0.0,14.285714285714285,,,,,,weak
3100,54,0,0.0,36,0,0.0,8.571428571428571,,,,,,weak
