operation_code,healthy_training_cycles,anomaly_threshold,known_healthy_anomaly_rate,intermediate_anomaly_rate,faulty_anomaly_rate,known_healthy_anomaly_rate_pct,intermediate_anomaly_rate_pct,faulty_anomaly_rate_pct,fault_minus_healthy_pct_points
1050,70,0.5468197386918171,0.05714285714285714,0.8788659793814433,1.0,5.714285714285714,87.88659793814433,100.0,94.28571428571429
1051,70,0.5372171101318405,0.05714285714285714,0.9525773195876288,1.0,5.714285714285714,95.25773195876288,100.0,94.28571428571429
1052,70,0.5439371272333109,0.05714285714285714,0.8282462493533368,1.0,5.714285714285714,82.82462493533367,100.0,94.28571428571429
1053,70,0.5412122847169406,0.05714285714285714,0.860320744956027,1.0,5.714285714285714,86.0320744956027,100.0,94.28571428571429
1100,70,0.55601299346632,0.05714285714285714,0.469060773480663,1.0,5.714285714285714,46.9060773480663,100.0,94.28571428571429
1101,70,0.5661062574600704,0.05714285714285714,0.4961283185840708,1.0,5.714285714285714,49.61283185840708,100.0,94.28571428571429
1102,70,0.5643333735415192,0.05714285714285714,0.4811946902654867,1.0,5.714285714285714,48.11946902654867,100.0,94.28571428571429
1103,70,0.5656430527337266,0.05714285714285714,0.4231194690265487,1.0,5.714285714285714,42.31194690265487,100.0,94.28571428571429
2000,70,0.601845254720432,0.05714285714285714,0.16576819407008087,0.34,5.714285714285714,16.576819407008088,34.0,28.285714285714285
2100,70,0.5736467420238889,0.05714285714285714,0.07713125845737483,0.02,5.714285714285714,7.7131258457374825,2.0,-3.7142857142857144
2200,70,0.535053608249289,0.05714285714285714,0.2104909213180901,0.68,5.714285714285714,21.04909213180901,68.0,62.285714285714285
2300,70,0.5505706438720614,0.05714285714285714,0.2333108563722185,0.66,5.714285714285714,23.33108563722185,66.0,60.285714285714285
2400,70,0.5932500550415636,0.05714285714285714,0.06689189189189189,0.02,5.714285714285714,6.689189189189189,2.0,-3.7142857142857144
2500,70,0.5796576936165481,0.05714285714285714,0.17802779616148245,0.86,5.714285714285714,17.802779616148246,86.0,80.28571428571429
3000,70,0.5719845149501549,0.05714285714285714,0.10930074677528853,0.34,5.714285714285714,10.930074677528854,34.0,28.285714285714285
3100,70,0.6209364480199844,0.05714285714285714,0.05894039735099338,0.02,5.714285714285714,5.894039735099338,2.0,-3.7142857142857144
