operation_code,joint,cycles,median_duration,median_q_range,median_dq_rms,median_ddq_rms,median_tau_abs,median_tau_rms,median_tau_peak,median_tau_std,tau_rms_iqr,dq_rms_iqr
1050,1,20,4.703265,1.7458210850748865,1.064351730403838,6.040692702955917,43.55410297901575,64.55224189673086,248.04589065428254,64.51093004131468,1.2322277786379345,1.764587080765878e-05
1050,2,20,4.703265,1.0870634301874535,0.9649709173409243,6.616450713683086,105.57205071550578,119.55055180695851,323.90373224011273,58.82114495758517,0.26494152737264187,3.7556313291498e-06
1050,3,20,4.703265,0.9729371249777444,0.7124882640291791,7.092231203550869,158.42133269917633,170.90544020743994,378.8598719463635,77.35402860261291,1.221749967191414,1.0926048369941377e-05
1050,4,20,4.703265,1.6894476870517061,1.2025228588114212,5.391609633209459,13.088678694499588,16.809935594014092,40.575635850514686,15.42149819943344,0.35191842270724294,9.1891354614404e-06
1050,5,20,4.703265,3.213535892063595,2.462078209039252,11.97298291575261,7.050152367926676,9.291178956166133,27.424739320792924,7.69152408914427,0.07705353193092535,4.556603343530696e-06
1050,6,20,4.703265,2.3286606051233116,1.573939307981607,5.778041159559873,2.952453989966205,3.144702982317839,5.06938024197528,3.006088567583971,0.053479923311999134,4.514642163111482e-05
1051,1,20,4.81347,0.5405075994597325,0.6782862864856358,5.603025271982096,26.484819128584213,41.32094613902052,167.2079817398105,41.166214318325444,1.553825760823898,2.944376928204484e-05
1051,2,20,4.81347,0.638753951712904,0.7426554531983577,5.960081437794676,90.96761111218812,102.55552554818834,323.8142594000062,49.86066688462594,0.16082720044408916,4.936737300731409e-06
1051,3,20,4.81347,0.5492696893562407,0.6782300903177703,6.4387933838819515,145.74909962671904,161.7543176147945,377.51390018704274,82.03836817774891,0.4492558045794226,1.3225326574106688e-05
1051,4,20,4.81347,1.8399385145402092,1.406747416537561,7.117290087848218,12.247723231200396,15.640524012822214,36.573984456407636,15.31499281901692,0.38582366517955435,5.127239260271921e-06
1051,5,20,4.81347,3.160590499968093,2.4062070712255177,11.441431039434084,8.489343308634279,10.545450594806391,24.21884528429425,8.202746895681877,0.0529400092291592,6.839579930861817e-06
1051,6,20,4.81347,2.773905627052405,1.8760387915670071,7.0562243436064875,3.1829543817499575,3.386327564905569,5.379381362310082,3.3859966567703115,0.07861911825526313,4.981345971377671e-05
1052,1,20,6.523425,3.3166204482981403,1.8701039156604127,8.2330067006512,46.33553073119292,71.78341373832859,238.58541350409223,71.44574586461519,1.3312631624106928,1.8628478783755398e-05
1052,2,20,6.523425,0.6736836764393916,0.8151945464555869,7.089859302400724,106.38818657705745,120.29383101340892,346.2656959844696,62.51611379998323,0.1593339336786812,8.396424065137964e-06
1052,3,20,6.523425,0.8920350556069634,0.7440832869197039,7.419962452619204,178.5826583869753,192.75834830951976,632.0345284150601,92.96801962257388,0.7611562372829042,1.9964044590592422e-05
1052,4,20,6.523425,1.6313493734217368,0.912564762403264,3.5433365866274347,10.690884989628998,14.960255927996831,41.55841435490762,14.003130941033618,0.2914547849896234,4.183899958376536e-06
1052,5,20,6.523425,3.245404128641095,2.2250837638448635,12.80705520055243,6.955277288120051,8.952693783915874,25.347494484671266,8.622614487770932,0.0630453848879231,1.1047828397003912e-05
1052,6,20,6.523425,1.9848068369818752,0.8537330729628123,4.5558715367768965,2.5900695254849495,2.72137421225016,5.146024343180628,2.7128965499852518,0.06501594816702827,1.5047339659957082e-05
1053,1,20,5.45337,1.8210032568306276,1.104053236074671,7.103411963525618,32.84587061543918,49.77219738150809,197.39202081639343,49.08224517669322,1.576372787807479,4.437778479493559e-05
1053,2,20,5.45337,0.6387517136363323,0.6977279178502278,5.599747373057845,92.14183999493144,102.40489408609562,324.13133355795594,47.11984410581172,0.23337515818350596,4.236217285624733e-06
1053,3,20,5.45337,0.5493029258988296,0.6372293568571672,6.0501061263907046,150.9100640476693,165.0731070961854,377.2977395142242,78.66069682736516,0.8349020087402437,1.0855194641612442e-05
1053,4,20,5.45337,1.8400103705913877,1.3216409681136772,6.686699166410742,12.106309853580676,15.859229082509199,38.10562241475587,15.632052492508041,0.41122584956332275,3.309139439799935e-06
1053,5,20,5.45337,3.1605729721299793,2.260635165895355,10.748974518691703,8.315897005235861,10.234085082188802,24.787112844359207,8.922243671003514,0.05678794655064934,9.287894020992837e-06
1053,6,20,5.45337,2.877692145357085,2.0528396721583775,8.430353706616557,3.2450473676434077,3.4731201203466746,5.558465272604989,3.243080222159447,0.09416701078193057,4.796320079059058e-05
1100,1,20,3.97449,1.7458196441282374,1.3762806025636285,8.594262204342733,69.67151741043682,101.62674986965709,332.01166622298854,101.61835449092489,0.9826474611756595,3.362795832506649e-05
1100,2,20,3.97449,1.087024478345865,1.277085771387604,11.651649233060086,119.80795387134685,139.49976971653643,441.68399652040284,91.95279798870212,0.3984501713904933,1.4885699500144511e-05
1100,3,20,3.97449,0.9710448242485887,0.9304769819150929,12.1957162261878,167.3551725234982,194.5888400711591,543.8787790074288,134.18155084859978,0.9013593927971613,3.4609432648435856e-05
1100,4,20,3.97449,1.6893432356536717,1.5892978147703603,8.183747624402791,15.00450030931625,20.330927842789272,49.43290947465941,18.51591311295811,0.9221374470763486,1.1741020748967657e-05
1100,5,20,3.97449,3.2134352953438676,3.2900735031851163,21.415410420983335,8.464498122491253,11.833535017948416,35.99263402673963,10.763609600323004,0.251384549933519,4.7329816069918706e-05
1100,6,20,3.97449,2.3266938050319395,2.0975790505880982,9.495814201044567,3.093971238869538,3.542341901546346,7.272944461327768,3.5090731713670396,0.18597571652185252,0.00010830989047150297
1101,1,20,4.06692,0.5405523103362408,0.8066858568615032,7.854098310879337,35.574829301459445,57.10371323172294,206.78668436462402,56.973761175080924,1.3908802626976282,4.037769417397641e-05
1101,2,20,4.06692,0.6386320831148489,0.9818052247695805,10.80345287119577,103.58193200913684,122.45038454104368,441.80845031061824,83.92173327320384,0.3292126661640822,1.9692643836943802e-05
1101,3,20,4.06692,0.5475221297725434,0.8933183076070208,11.679025808130824,158.87952897954239,186.45515369896003,544.9818968640604,132.95969650447182,0.9174805512750766,0.0004121050282182015
1101,4,20,4.06692,1.840004928763412,1.8423766581739547,10.618389083899423,14.1329805124121,19.09909073955661,41.67315055329465,18.580515521894178,0.6526649296187941,8.116686613268698e-06
1101,5,20,4.06692,3.1607167101188054,3.234306360395779,20.703602844961644,9.38734914205104,11.8548223646192,26.645067236674656,9.611935895926567,0.17545252734447025,4.7163999655097655e-05
1101,6,20,4.06692,2.7732127029065037,2.5119001531189817,11.343995808762788,3.3147880169227006,3.782167516481686,8.15803380435569,3.7775696616079455,0.19490856362438524,0.0001729236412333357
1102,1,20,5.56002,3.3166211746681142,2.3119005101172494,11.494708945154335,69.65408261020139,102.72086203401264,322.6584920102905,102.53052698004804,1.3007007409092495,2.014530196259301e-05
1102,2,20,5.56002,0.6735230852252921,1.0394308983613225,12.260225399952422,128.10340300847147,146.308684678232,443.35034340317634,99.69669675818784,0.17096630833756876,1.751180123443774e-05
1102,3,20,5.56002,0.8902046284098077,0.9485660788586165,12.744613531010913,195.29644115443844,220.85524136555762,750.3654264094486,152.90947433906217,1.0337396501497267,5.5452795641675046e-05
1102,4,20,5.56002,1.6310862274684022,1.1168783255576913,4.610833397853293,12.988755102098688,18.13393158997487,43.77213190034196,16.93419794582119,0.6303330998111996,6.7039180291494915e-06
1102,5,20,5.56002,3.244979722558896,2.7963339303055426,21.36761850811737,8.468306841528968,12.046941773642736,41.499711132998925,11.841665393099012,0.17146415034107143,3.494940554560344e-05
1102,6,20,5.56002,1.9815756399941393,1.1032066659273245,6.969382854320521,2.545028176025565,2.7886419431992984,6.705997706028278,2.779139814092088,0.07012496668783053,6.759005187806366e-05
1103,1,20,4.57173,1.821001200991145,1.4036818672871378,10.532299595649171,46.39122428086754,70.96923931891409,238.89074390786033,70.42221672819744,1.5311818850558012,3.777665030257893e-05
1103,2,20,4.57173,0.6386347811505518,0.9260178923670443,10.189205324303593,104.05062826333963,121.06313582628962,442.8913482758678,79.64177766867283,0.22085328729764342,1.1659280354292534e-05
1103,3,20,4.57173,0.5476582239608927,0.8429904342839507,11.035561465539528,160.9856456241472,185.68594030757527,545.0866539824804,126.56402692388824,1.2796607535948397,3.053370830330415e-05
1103,4,20,4.57173,1.8400828078511844,1.7376956453367314,10.015077650854465,14.622284154880106,19.643774746290084,42.08865443014947,19.326303288145304,0.911674054653755,1.4015803188938136e-05
1103,5,20,4.57173,3.1608100871328793,3.0504892542714233,19.526788725969688,9.536022579276715,11.926356069585747,25.85246134044204,10.864082380479283,0.13924244233983352,3.731339907986353e-05
1103,6,20,4.57173,2.8770432582512537,2.7453993683599935,13.478672058966161,3.4899114893833616,3.943195965849982,7.979907700628207,3.688249439294613,0.18973129023116186,0.00013476072074158907
2000,1,20,0.86742,1.646396707000175e-05,9.470452825439049e-05,0.007618249794885908,5.8901720466730225,6.51068965515919,10.66769332800608,2.5791959309280057,4.479393534918696,5.948420840354655e-05
2000,2,20,0.86742,0.20803200254454868,0.5203750124370615,7.18643921709535,139.14720419059148,158.16685993674395,390.437166598216,86.6008359604575,0.5654329055660412,1.7555300691696196e-05
2000,3,20,0.86742,0.18343866388891783,0.4829694765595903,7.561354905401673,222.15072699601436,250.437808112686,648.1147757594654,137.0186041526788,1.103912083037983,0.00011190325100790544
2000,4,20,0.86742,0.0,0.0,0.0,2.1599570160385153,2.2504303419717835,3.1111506438213636,0.6323665282984013,0.15773532434903093,0.0
2000,5,20,0.86742,0.3911779427640216,0.9648944179990052,12.881521885189224,3.5734694336068946,4.158581239703249,11.453546324973368,2.6890974780646797,0.06740670739799892,4.6448047966496375e-05
2000,6,20,0.86742,0.007821070867698898,0.019308227276191612,0.25713479943546114,1.8668086223103952,1.877015009989846,2.190263953861458,0.1962602519344937,0.16868704719441663,4.156600372298702e-06
2100,1,20,1.21581,1.7935036258700947,2.417244760985709,14.435193311634034,65.977272307677,112.57134100398693,328.50112853929056,109.43727209461989,6.867984800905063,0.10688420098745333
2100,2,20,1.21581,0.42096624613579037,0.5795295012595925,3.4567762350351834,118.89950075984947,122.79059740925408,176.53347330555837,30.65737780496051,10.68114499040108,0.5079252832781158
2100,3,20,1.21581,0.670195870910526,0.9224929736286955,5.477802130037715,94.79306291143152,107.1942838564723,206.97622483552271,70.92509716767628,11.211056436998007,0.7036641626437894
2100,4,20,1.21581,0.00010676780997287416,0.000740064072480097,0.04827466333078917,8.004669402937292,12.050247157832558,31.456509391128066,12.049161754516753,0.6712085870619493,0.0007809635795510218
2100,5,20,1.21581,0.24915951822368088,0.3426751704647162,2.006255774059308,6.153745710025769,8.245718824422191,17.147089406068037,7.793149599204501,0.3661405041259229,0.19617431775710686
2100,6,20,1.21581,2.2293608288776374,2.9074370302135115,16.816884118039628,3.637278946186165,4.055518493799335,6.587420407157429,1.8215484953107155,1.117547156637975,2.483211331869945
2200,1,20,0.863865,1.297682140827261e-05,0.00014970756605962144,0.01199101608141001,10.922918881044694,11.378891177325798,16.770685949915254,3.4434770933236525,4.984395170537017,4.2063552779413504e-05
2200,2,20,0.863865,0.3017512745519942,0.7969655176308936,12.101919389942132,99.30456857757297,115.89589226927578,278.46466087184774,94.84994526957988,5.380837543289161,0.24352644069160434
2200,3,20,0.863865,0.1373142877303304,0.3864580841910664,6.697254211583049,123.72486824038985,151.49801381358728,385.08790752102414,125.72882992565432,17.010199746165597,0.01384864246111328
2200,4,20,0.863865,0.0,0.0,0.0,0.2925328068742648,0.33255982276070617,0.5713052673717824,0.2793014077367528,0.22498519441780074,0.0
2200,5,20,0.863865,0.4365409280477743,1.1442596695240772,17.02062557125121,3.414168762022613,4.411917754046501,13.975272976001452,2.9857623694386293,0.49768887856173905,0.2492038987037295
2200,6,20,0.863865,0.008726076642450536,0.022883132616870278,0.3432592651373986,2.2090682237299015,2.2100303204461986,2.4129389179273613,0.1101546457959107,0.3753196888432553,0.004965310551320927
2300,1,20,0.86742,7.942835134666648e-06,9.184135053868212e-05,0.007118158273606158,8.298735123263542,8.330240406160215,9.217955416833025,0.7386793988064628,7.996924624336614,0.0001201220821135884
2300,2,20,0.86742,0.3050908153909163,0.8038590210957686,12.165654243444596,120.19714167100426,144.40152969089257,403.549548378667,99.56178928744727,16.262914163492724,0.22959344988319652
2300,3,20,0.86742,0.13766659150421412,0.3936291923991031,7.133979256025085,204.04081878646682,231.0636194008207,621.2039181432831,142.91571500817335,18.403483554945268,0.014156138393542406
2300,4,20,0.86742,0.0,0.0,0.0,0.31226764956131847,0.34186132594693985,0.48446166151446063,0.15853600320738973,0.12475511269490613,0.0
2300,5,20,0.86742,0.4396414920251353,1.1533505264889576,17.246319772280728,3.7547042352815483,4.663957826105801,12.337021802786555,3.7160940315670192,0.41631527755698805,0.23400388149954643
2300,6,20,0.86742,0.008774916532655413,0.02306203137967621,0.34478687629207383,1.6243773443519587,1.6352610784473982,2.142688809901318,0.22396961942367236,0.24978438700771877,0.00466415781031386
2400,1,20,1.183815,1.7935028662090402,2.453731399481929,14.615337720505885,71.13099254244696,112.53351578561822,325.63813496747065,110.08113067308074,7.909136718363769,0.11415898949284697
2400,2,20,1.183815,0.4346222203003479,0.615139103288753,3.751945835196937,83.1053741693619,85.99731457501885,122.94085237609539,22.464300009936203,4.243090299000542,0.493407876226035
2400,3,20,1.183815,0.6898424088269721,0.975177694064542,5.945660540029133,192.7365665674319,198.23219255245817,309.63696135854286,45.77883846968402,13.79199684401246,0.6781462422064648
2400,4,20,1.183815,0.00014818481828338115,0.0008544211989055713,0.06744060196484561,8.332970998900262,12.677739585444879,30.478888651768557,12.624321507575296,0.7329431203502335,0.0002767826050164955
2400,5,20,1.183815,0.25516609134317425,0.3605196636723974,2.2330893989788962,9.195711058874831,13.28854330487913,27.892868155347664,9.854468630201637,0.7919455505111461,0.1826673666981828
2400,6,20,1.183815,2.0495653882566884,2.75093865714186,15.971929072442379,3.4620231774745895,3.8093327170725706,6.852918904907797,1.8642587295598005,1.0104206830124456,2.3278368966763656
2500,1,20,0.885195,1.9357717553292186e-05,0.0001327884637317567,0.011531311200294454,6.046203116254296,6.955417266076102,11.85385059417953,3.2003472513555082,4.209887391281158,3.119762330117111e-05
2500,2,20,0.885195,0.20803570611548083,0.5105803186334535,6.900555252162713,106.11153218785256,115.58089414176621,249.05816342427744,73.54974957179496,0.665825088185855,2.8071515446037587e-05
2500,3,20,0.885195,0.18319648441748432,0.4737767089334072,7.099025122033343,144.75686564929583,162.26291863358938,374.25719341292375,121.84327057597133,0.6268565149079564,5.35797717393649e-05
2500,4,20,0.885195,8.43769498715119e-15,3.1971125334800956e-13,3.8714574660051476e-11,0.2990221796052678,0.35430190352750013,0.8266102261906623,0.2956266147916111,0.27835212562213796,0.0
2500,5,20,0.885195,0.3911869201931226,0.9452742998550017,12.29589209771085,3.255076914921624,3.9659163458390543,11.620711782594151,2.67927486575208,0.06473005826976674,1.5873543578903693e-05
2500,6,20,0.885195,0.007821470392186392,0.01892171480149714,0.2469317065421826,1.7983088207256692,1.8027377182494702,2.1868184417647214,0.15124420160458246,0.21234298255982176,7.346555910902469e-06
3000,1,20,1.3526775,1.7976146969719102,2.302290872733641,13.679866329347629,59.979708793504265,107.39083712901731,323.81956675887955,104.73171827188224,8.413964848793398,0.11012038429456972
3000,2,20,1.3526775,0.6053294733831746,0.9340513567651381,11.467716500587898,125.30110839249087,146.6434400757186,386.57821169119853,104.03274629238237,1.1340609794244472,0.3750401808170811
3000,3,20,1.3526775,0.7449311496047724,0.9766103827090523,9.029640869636872,121.76238783191684,175.06199322364506,628.2664867506583,159.11182785816587,3.3625141759094674,0.5146047150526053
3000,4,20,1.3526775,8.43769498715119e-15,3.1979457496132083e-13,3.919358424704523e-11,7.1820044569272685,11.425978089838335,30.68195677336046,11.42347562671631,0.4849636821678409,0.0006948964893609059
3000,5,20,1.3526775,0.647168489958762,1.2120822665662176,15.832210749406126,7.004851396648164,9.001231711264282,18.149922914239745,8.417907941907401,0.34538901384195775,0.19235138204941826
3000,6,20,1.3526775,2.0512831471495643,2.597077081367382,15.05965689699933,3.154627095122079,3.5919160807247046,6.339366788457697,2.266104771571741,0.9696531579289047,2.4320888745514893
3100,1,20,1.3100175,1.7976131063126324,2.3351579738383585,13.736418081672056,66.2599523736833,107.34398565693802,319.5197036106795,105.6159362535438,8.071963248796422,0.12114852953720767
3100,2,20,1.3100175,0.5973585206053635,0.9424355728283016,12.366402193434752,114.91956771160415,136.94095251659064,401.20652219392235,100.36335931148864,2.9262306523709753,0.37680355602776994
3100,3,20,1.3100175,0.752705389294207,1.008196599946979,8.384897829678039,150.6670338449378,186.0064225710494,611.6533055189814,140.5020641897842,8.02742287890004,0.5004239518038509
3100,4,20,1.3100175,0.00011258759113075278,0.0007500117778317213,0.057421069386571086,7.31763515976839,11.908046887539973,30.457832518296705,11.874036182999632,0.9606040437682797,0.0005583749896337847
3100,5,20,1.3100175,0.6565466509510743,1.2510612578287814,16.316386055804585,9.007346638794091,12.809745070309464,27.735744024597338,11.658280559374525,0.703476054392663,0.15617628940599548
3100,6,20,1.3100175,2.0511172597478575,2.6243392106907057,15.179203668950361,3.275024988446808,3.6454457175932107,6.78633955815592,2.3528410024893534,1.0777337430972156,2.441667451628541
