operation_code,benchmark_health_region,joint,cycles,median_tau_abs_mean,tau_abs_mean_pct_change_from_healthy,tau_abs_mean_outside_pct,median_tau_rms,tau_rms_pct_change_from_healthy,tau_rms_outside_pct,median_tau_peak,tau_peak_pct_change_from_healthy,tau_peak_outside_pct,median_tau_std,tau_std_pct_change_from_healthy,tau_std_outside_pct
1050,training_healthy,1,20,43.55410297901575,2.2214255097271827,55.00000000000001,64.55224189673086,0.46245697244352413,55.00000000000001,248.04589065428254,0.4735821265287283,55.00000000000001,64.51093004131468,0.44234562011316986,55.00000000000001
1050,training_healthy,2,20,105.57205071550578,-0.09581162123218412,10.0,119.55055180695851,-0.12852059947754052,10.0,323.90373224011273,-0.5965137880547589,20.0,58.82114495758517,-0.9483497518125508,15.0
1050,training_healthy,3,20,158.42133269917633,-0.6907982623433879,60.0,170.90544020743994,0.10858981922357062,15.0,378.8598719463635,1.2564677270379991,45.0,77.35402860261291,3.5964883622857533,100.0
1050,training_healthy,4,20,13.088678694499588,-0.7635084777551867,15.0,16.809935594014092,-0.48563183420991646,15.0,40.575635850514686,-0.7076982262766798,15.0,15.42149819943344,-0.5030293860290305,10.0
1050,training_healthy,5,20,7.050152367926676,0.8493975957554981,40.0,9.291178956166133,1.010704573976938,25.0,27.424739320792924,1.4337413624769493,5.0,7.69152408914427,1.813614183477915,5.0
1050,training_healthy,6,20,2.952453989966205,3.8473457242287292,10.0,3.144702982317839,3.2653624400762236,0.0,5.06938024197528,2.8242272058323565,0.0,3.006088567583971,3.065672411436651,0.0
1050,test_healthy,1,50,42.60760673394369,0.0,0.0,64.25508975401358,0.0,0.0,246.87672660253375,0.0,0.0,64.22682549181391,0.0,0.0
1050,test_healthy,2,50,105.67329801554399,0.0,0.0,119.7043966150892,0.0,0.0,325.8474572506386,0.0,0.0,59.38431597070897,0.0,0.0
1050,test_healthy,3,50,159.52331700105213,0.0,0.0,170.72005560767718,0.0,0.0,374.15868877400953,0.0,0.0,74.66858174970109,0.0,0.0
1050,test_healthy,4,50,13.18938073457145,0.0,0.0,16.89196836984272,0.0,0.0,40.86483556699318,0.0,0.0,15.499465063379542,0.0,0.0
1050,test_healthy,5,50,6.990772910896792,0.0,0.0,9.198212204689234,0.0,0.0,27.03709727396299,0.0,0.0,7.554514345481739,0.0,0.0
1050,test_healthy,6,50,2.8430712112821626,0.0,0.0,3.045264073074528,0.0,0.0,4.930141834985497,0.0,0.0,2.916672930230067,0.0,0.0
1050,intermediate_unlabelled,1,1940,43.168541378561855,1.3165129131068787,36.1340206185567,64.64915240659869,0.613278503062851,76.49484536082474,247.29857662202778,0.17087476219384581,31.1340206185567,64.61575430327323,0.6055550908535781,79.3298969072165
1050,intermediate_unlabelled,2,1940,105.33736204973567,-0.31790052181290246,46.649484536082475,119.26592945168994,-0.36629161150124545,45.05154639175258,325.756892295251,-0.027793666444953825,35.618556701030926,59.01198230073995,-0.6269899111958591,32.83505154639175
1050,intermediate_unlabelled,3,1940,158.6272969104296,-0.5616859700933993,47.2680412371134,168.70113976460377,-1.182588557558217,92.06185567010309,366.89561333046976,-1.9411751381047433,66.59793814432989,71.63253357578488,-4.066031659866591,94.22680412371133
1050,intermediate_unlabelled,4,1940,12.684885997107525,-3.8250070084152266,60.051546391752574,16.224476649241605,-3.951533095413487,65.4639175257732,39.53734428055313,-3.248492910888585,56.08247422680412,14.706149603464223,-5.118340901904284,66.8041237113402
1050,intermediate_unlabelled,5,1940,6.847382534501518,-2.0511376670777843,76.18556701030927,8.95639105383736,-2.6290016523927853,76.70103092783506,26.66127941968996,-1.3900081449754729,61.49484536082475,7.276346569876507,-3.6821397496134347,63.91752577319587
1050,intermediate_unlabelled,6,1940,2.8404185445009356,-0.09330286102931286,25.72164948453608,3.030481935813638,-0.48541397087990046,29.226804123711343,4.90531470928766,-0.5035783255089522,32.93814432989691,2.8961759466672494,-0.7027522129881283,31.907216494845358
1050,faulty_evident,1,50,42.53594182742289,-0.16819744645199536,14.000000000000002,64.4425644544111,0.2917663038293486,26.0,245.73915331201545,-0.46078595830937635,68.0,64.42468657045643,0.30806610341925816,34.0
1050,faulty_evident,2,50,106.37668315800893,0.6656224000517843,42.0,119.3686049900073,-0.2805173699355736,28.000000000000004,318.35914656056946,-2.298103153313618,100.0,57.44067737698499,-3.2729830460330054,100.0
1050,faulty_evident,3,50,159.02274776230274,-0.31379064086668335,74.0,175.5643461325627,2.837563816179816,100.0,421.8783341517181,12.75385199100135,100.0,90.90543136156344,21.745222999266826,100.0
1050,faulty_evident,4,50,11.516755348651632,-12.6816066620596,100.0,14.84898266048795,-12.094420641955008,100.0,36.80194235481777,-9.94227226367953,100.0,13.12040901052396,-15.349278463013265,100.0
1050,faulty_evident,5,50,6.79311285317595,-2.8274421189213825,98.0,8.8299752006855,-4.003354084568827,100.0,26.57954212152207,-1.6923235057542523,68.0,7.171503807669861,-5.069955794589919,94.0
1050,faulty_evident,6,50,2.6721896072950373,-6.010458102808526,22.0,2.7907933928360595,-8.356276307478076,82.0,4.484010098275994,-9.049064948672314,100.0,2.626495045431899,-9.948934684811531,100.0
1051,training_healthy,1,20,26.484819128584213,2.6557239915630246,50.0,41.32094613902052,0.7717521242973427,50.0,167.2079817398105,0.4877486854753967,45.0,41.166214318325444,0.6932639836148585,50.0
1051,training_healthy,2,20,90.96761111218812,-0.09463745322680765,10.0,102.55552554818834,-0.1573624842121174,10.0,323.8142594000062,-0.55939380859932,20.0,49.86066688462594,-1.1751464023791318,15.0
1051,training_healthy,3,20,145.74909962671904,0.16711426619425834,25.0,161.7543176147945,0.4863381719885762,50.0,377.51390018704274,1.0654814212895811,70.0,82.03836817774891,2.3599589749754784,95.0
1051,training_healthy,4,20,12.247723231200396,-0.5323831227965127,0.0,15.640524012822214,-0.30440446456389747,5.0,36.573984456407636,-0.13199189147591872,0.0,15.31499281901692,-0.28641602448309034,5.0
1051,training_healthy,5,20,8.489343308634279,0.889693370601345,35.0,10.545450594806391,0.9798806458454653,40.0,24.21884528429425,0.7099853717950351,10.0,8.202746895681877,1.6623650755953376,35.0
1051,training_healthy,6,20,3.1829543817499575,4.041015840442278,20.0,3.386327564905569,2.8853278320826736,5.0,5.379381362310082,1.9252244404276337,0.0,3.3859966567703115,2.889476285816861,5.0
1051,test_healthy,1,50,25.799651591528324,0.0,0.0,41.00449309252163,0.0,0.0,166.3963855565797,0.0,0.0,40.88278866898599,0.0,0.0
1051,test_healthy,2,50,91.05378209262727,0.0,0.0,102.71716382890173,0.0,0.0,325.63584616201655,0.0,0.0,50.45357019969954,0.0,0.0
1051,test_healthy,3,50,145.50593844541692,0.0,0.0,160.9714519977253,0.0,0.0,373.53396518578194,0.0,0.0,80.14693342912075,0.0,0.0
1051,test_healthy,4,50,12.313277040024666,0.0,0.0,15.6882798370595,0.0,0.0,36.62232295317595,0.0,0.0,15.358983408697128,0.0,0.0
1051,test_healthy,5,50,8.414480235805755,0.0,0.0,10.443120478416068,0.0,0.0,24.048107240691756,0.0,0.0,8.068617024188232,0.0,0.0
1051,test_healthy,6,50,3.0593265127585347,0.0,0.0,3.291361009640106,0.0,0.0,5.277772398189985,0.0,0.0,3.290906688420053,0.0,0.0
1051,intermediate_unlabelled,1,1940,26.514954989784687,2.7725312325196025,53.91752577319588,41.402930059305675,0.9716909946552016,60.25773195876288,167.60407936169162,0.7257932923676783,61.08247422680413,41.27013263653265,0.9474499664953262,61.75257731958763
1051,intermediate_unlabelled,2,1940,90.80926503696745,-0.2685413500024464,49.381443298969074,102.43203071752373,-0.27759052211853763,43.29896907216495,325.59362567599277,-0.012965552325210988,35.670103092783506,50.30467347266965,-0.2951163345637324,29.329896907216497
1051,intermediate_unlabelled,3,1940,144.34537675039422,-0.7976043503255712,65.77319587628865,158.82862778797326,-1.3311827551771824,85.10309278350515,366.4687801555167,-1.8914438013023205,83.40206185567011,77.32509794551538,-3.520827763299148,95.97938144329898
1051,intermediate_unlabelled,4,1940,11.692019707558531,-5.045426416109371,66.64948453608247,14.837884904638315,-5.42057473001181,67.93814432989691,35.72547831391261,-2.448901563153209,53.865979381443296,14.524526809807012,-5.433019729792786,66.75257731958763
1051,intermediate_unlabelled,5,1940,8.277912675269697,-1.623006492485753,69.5360824742268,10.232680659781412,-2.0151047674839617,75.77319587628865,23.315123892742655,-3.0479876882319528,72.73195876288659,7.818191889834093,-3.103693403756924,69.94845360824742
1051,intermediate_unlabelled,6,1940,3.0527952657506088,-0.21348643175836954,31.49484536082474,3.263261718109882,-0.8537286383329956,31.85567010309278,5.2114819724057595,-1.2560304003817881,28.711340206185564,3.262437087186099,-0.8650990115925207,31.804123711340203
1051,faulty_evident,1,50,25.159916866354806,-2.479625443405539,86.0,40.90652556169567,-0.2389190145697026,20.0,165.85628440481258,-0.32458706958118844,46.0,40.81561462001797,-0.16430887215621656,18.0
1051,faulty_evident,2,50,91.88948276682888,0.9178099525305403,100.0,102.66543136895879,-0.05036398788143331,4.0,318.5617153080025,-2.172405445343513,100.0,49.00783938591562,-2.865467811418694,100.0
1051,faulty_evident,3,50,149.79780422720893,2.949615546723547,94.0,171.0061248158375,6.233821397258689,100.0,414.1065312169187,10.861814403131316,100.0,93.93973895016344,17.209398951290616,100.0
1051,faulty_evident,4,50,10.641000921593786,-13.581080917736985,100.0,13.487684656778484,-14.027001067909817,100.0,33.12528731762589,-9.548918128490245,100.0,13.20731284303096,-14.009199101340062,100.0
1051,faulty_evident,5,50,8.29320653968226,-1.4412499967311685,62.0,10.183344731145516,-2.4875299275485636,96.0,22.846546859870585,-4.996486288068496,100.0,7.78487517933995,-3.516610640927376,76.0
1051,faulty_evident,6,50,2.831093039576083,-7.4602521904946375,72.0,2.950309696296438,-10.36201475148908,100.0,4.617631293529135,-12.507949469121593,100.0,2.9500477282536544,-10.357600273681516,100.0
1052,training_healthy,1,20,46.33553073119292,1.4652982830801773,65.0,71.78341373832859,0.40724457767789135,75.0,238.58541350409223,0.444522079955212,55.00000000000001,71.44574586461519,0.3657722519379741,70.0
1052,training_healthy,2,20,106.38818657705745,-0.057398525119849414,10.0,120.29383101340892,-0.08779689553942034,10.0,346.2656959844696,-0.5001416618832176,25.0,62.51611379998323,-0.6876138317897778,30.0
1052,training_healthy,3,20,178.5826583869753,0.11759743121061236,20.0,192.75834830951976,0.4812589328612551,55.00000000000001,632.0345284150601,0.7538046548421917,55.00000000000001,92.96801962257388,2.026714263231537,95.0
1052,training_healthy,4,20,10.690884989628998,-1.0442213995287182,10.0,14.960255927996831,-0.5088513715014221,5.0,41.55841435490762,0.030057450389091883,10.0,14.003130941033618,-0.6613374168020814,5.0
1052,training_healthy,5,20,6.955277288120051,1.2227543629832098,25.0,8.952693783915874,1.2431927610049005,25.0,25.347494484671266,0.998224756727044,20.0,8.622614487770932,1.396247960178193,25.0
1052,training_healthy,6,20,2.5900695254849495,3.87048997331651,60.0,2.72137421225016,3.2078972870906384,45.0,5.146024343180628,1.1474177910735062,0.0,2.7128965499852518,3.428357946049793,45.0
1052,test_healthy,1,50,45.666382019516114,0.0,0.0,71.4922653641739,0.0,0.0,237.52954224240818,0.0,0.0,71.18536953541513,0.0,0.0
1052,test_healthy,2,50,106.44928689773735,0.0,0.0,120.39953807007825,0.0,0.0,348.00622007701975,0.0,0.0,62.948959552836286,0.0,0.0
1052,test_healthy,3,50,178.37289644278263,0.0,0.0,191.83512463584424,0.0,0.0,627.3058675851054,0.0,0.0,91.12125220725427,0.0,0.0
1052,test_healthy,4,50,10.803699532083801,0.0,0.0,15.036770742147775,0.0,0.0,41.54592670859849,0.0,0.0,14.09635541379042,0.0,0.0
1052,test_healthy,5,50,6.87125867290524,0.0,0.0,8.842761216598177,0.0,0.0,25.096970313810374,0.0,0.0,8.503879247245253,0.0,0.0
1052,test_healthy,6,50,2.49355666479509,0.0,0.0,2.6367887378619743,0.0,0.0,5.087647767548621,0.0,0.0,2.62297169157452,0.0,0.0
1052,intermediate_unlabelled,1,1933,45.94212723047487,0.6038253935705045,31.401965856182102,71.82235590046074,0.46171503253587837,90.01551991722711,237.82291523501547,0.1235101073482009,36.05794102431454,71.51326150122024,0.4606170733467639,89.86032074495603
1052,intermediate_unlabelled,2,1933,106.2190573193598,-0.21628099641355136,34.50594930160372,120.12964336569138,-0.2241658969071624,37.196068287635796,347.4032390224313,-0.1732673210424199,35.74754267977237,62.751957578420765,-0.31295509221271095,30.522503879979308
1052,intermediate_unlabelled,3,1933,177.22169139170933,-0.6453923628708812,58.923952405587166,189.58052062882206,-1.1752821655064674,81.63476461458872,614.9367550073968,-1.9717833383776737,97.82721158820486,88.26420451902474,-3.1354350593549847,97.72374547335747
1052,intermediate_unlabelled,4,1933,10.438805828782733,-3.3774884447446993,54.16451112260735,14.500045835933749,-3.5694160363142107,64.40765649249872,39.96583250772305,-3.803246975228552,72.32281427832385,13.416317971719629,-4.824207549460001,67.45990688049663
1052,intermediate_unlabelled,5,1933,6.693262344002659,-2.590447214634146,80.60010346611485,8.59407813547898,-2.812278597463533,73.40920848422142,24.860880368968132,-0.9407109379745564,25.86652871184687,8.251732849690251,-2.9650749995854224,71.23642007242627
1052,intermediate_unlabelled,6,1933,2.5072321390534014,0.5484324640136136,27.884117951370925,2.6167826017847027,-0.7587310955178573,22.86601138127263,5.034558466873421,-1.04349402908408,30.72943610967408,2.606680294969147,-0.621104553194526,21.83135023279876
1052,faulty_evident,1,50,45.49441436237788,-0.3765738592226108,28.000000000000004,71.89242248984262,0.559720864390512,100.0,236.8212587771162,-0.29818752589904757,50.0,71.63057159660636,0.6254123060634447,100.0
1052,faulty_evident,2,50,107.40677413379632,0.8994773605001186,100.0,120.75421186135151,0.29458069105449536,34.0,338.0526930388333,-2.8601577971748795,100.0,62.174726169393125,-1.2299383324887312,66.0
1052,faulty_evident,3,50,186.63143076911174,4.629926682262647,100.0,208.79625350201883,8.841513720895207,100.0,788.1895417975504,25.6467669961047,100.0,112.1419625962252,23.068943720351378,100.0
1052,faulty_evident,4,50,9.5458152017492,-11.643088801193107,100.0,13.394278646092712,-10.923170434800806,100.0,37.900596313902895,-8.774218517891788,100.0,12.195967943384636,-13.481410014298028,100.0
1052,faulty_evident,5,50,6.620099240491697,-3.6552172515919827,100.0,8.514292162855325,-3.714553019098876,78.0,23.768715861915613,-5.292489233905052,86.0,8.182127227941162,-3.7835911111781035,72.0
1052,faulty_evident,6,50,2.515506548338812,0.8802640763539941,0.0,2.5966247810902257,-1.5232148178968403,0.0,4.595662335455344,-9.67019445079095,100.0,2.590900052709436,-1.2227215020316187,0.0
1053,training_healthy,1,20,32.84587061543918,2.0151438278576346,55.00000000000001,49.77219738150809,0.6852133174347681,60.0,197.39202081639343,0.7558735799099988,60.0,49.08224517669322,0.5727228227958933,60.0
1053,training_healthy,2,20,92.14183999493144,-0.09162820761819615,10.0,102.40489408609562,-0.15532941127192584,10.0,324.13133355795594,-0.5575595257300225,20.0,47.11984410581172,-1.1457076149725491,25.0
1053,training_healthy,3,20,150.9100640476693,-0.2062433313069785,30.0,165.0731070961854,0.08227581943427205,25.0,377.2977395142242,1.023627149159914,60.0,78.66069682736516,2.4001402580856643,95.0
1053,training_healthy,4,20,12.106309853580676,-0.9864172549181924,10.0,15.859229082509199,-0.735471012428552,5.0,38.10562241475587,-0.7271745829846409,5.0,15.632052492508041,-0.7383618278774446,5.0
1053,training_healthy,5,20,8.315897005235861,0.6511805729589518,45.0,10.234085082188802,0.832605364173855,40.0,24.787112844359207,0.7444615294895124,10.0,8.922243671003514,1.3658313544329344,40.0
1053,training_healthy,6,20,3.2450473676434077,4.104262694121736,10.0,3.4731201203466746,3.098120496064297,0.0,5.558465272604989,2.8872114321138374,0.0,3.243080222159447,2.483050883510668,0.0
1053,test_healthy,1,50,32.19705367554444,0.0,0.0,49.4334726436831,0.0,0.0,195.91117996693345,0.0,0.0,48.80274074231209,0.0,0.0
1053,test_healthy,2,50,92.2263453421202,0.0,0.0,102.56420646417214,0.0,0.0,325.9486915366107,0.0,0.0,47.66595660033123,0.0,0.0
1053,test_healthy,3,50,151.22194923343568,0.0,0.0,164.93740349590553,0.0,0.0,373.4747505721108,0.0,0.0,76.8169815286498,0.0,0.0
1053,test_healthy,4,50,12.22691828529154,0.0,0.0,15.976733324846457,0.0,0.0,38.38474653530368,0.0,0.0,15.748332165747264,0.0,0.0
1053,test_healthy,5,50,8.262095842192256,0.0,0.0,10.149579141812996,0.0,0.0,24.60394593215789,0.0,0.0,8.802022882647947,0.0,0.0
1053,test_healthy,6,50,3.117112867105143,0.0,0.0,3.3687521204416706,0.0,0.0,5.402484133096102,0.0,0.0,3.164503978170748,0.0,0.0
1053,intermediate_unlabelled,1,1933,32.94751532180955,2.3308395042218675,65.2353854112778,49.84306176972194,0.8285663622929355,70.20175892395241,196.85387729250587,0.48118607918728096,58.09622348680807,49.160016561197025,0.7320814639723243,70.92602172788412
1053,intermediate_unlabelled,2,1933,92.08197908906071,-0.15653472174783778,27.93585100879462,102.34219461629627,-0.21646133239809134,32.54009311950336,325.6009367821759,-0.10669002927895742,37.24780134505949,47.49491345102215,-0.35883712718332283,33.16088980858769
1053,intermediate_unlabelled,3,1933,150.30538499339642,-0.6061052940300341,43.869632695292296,163.1903686062844,-1.0592108597517047,73.66787377133988,365.9854321033445,-2.005307844049347,91.87790998448008,74.44107985514569,-3.09293807986714,95.03362648732539
1053,intermediate_unlabelled,4,1933,11.856996423657627,-3.02547095680612,48.680807035695814,15.3044938608302,-4.207615226141458,60.42421107087429,37.130885926515106,-3.266559563276927,59.02741852043456,15.027579637257574,-4.576691175319074,62.64873254009312
1053,intermediate_unlabelled,5,1933,8.143338152976487,-1.4373797095079244,61.76927056389032,9.950116259179529,-1.96523303918824,77.03052250387998,23.887171096511576,-2.9132515476286893,71.02948784273151,8.593203868617088,-2.372397990949536,73.09881013967926
1053,intermediate_unlabelled,6,1933,3.105827216558153,-0.36205460078418683,25.86652871184687,3.3339939330943533,-1.031782277372198,26.745990688049666,5.296780700208802,-1.9565709085520793,30.781169167097776,3.1159629134813756,-1.5339233265060257,28.349715468184172
1053,faulty_evident,1,50,31.76107420186122,-1.3540974216978452,44.0,49.41072604927923,-0.046014558936264674,12.0,194.27278522197793,-0.8362946643637454,82.0,48.846580296848146,0.0898301076317367,10.0
1053,faulty_evident,2,50,92.93452125563302,0.7678672627499106,98.0,102.54644163826924,-0.017320687709027345,2.0,318.27086788393734,-2.355531361846551,100.0,46.16408138123937,-3.1508341093094128,100.0
1053,faulty_evident,3,50,158.77540947176232,4.994949659501241,100.0,177.40985456181232,7.561930042275958,100.0,418.86025276730777,12.152227727757438,100.0,90.65965029509292,18.020323750003538,100.0
1053,faulty_evident,4,50,10.75999678525169,-11.997475290274023,100.0,13.802409380575696,-13.609314870952549,100.0,34.373339600889324,-10.450523440932283,100.0,13.456921751416715,-14.550178331356152,100.0
1053,faulty_evident,5,50,8.161501782775822,-1.2175368252535557,46.0,9.92015812955168,-2.2603992644007787,96.0,23.364961613724404,-5.035713872278139,100.0,8.593518788387215,-2.368820179640422,68.0
1053,faulty_evident,6,50,2.8901316716169227,-7.281776604355593,62.0,3.0187623163899593,-10.3893011874624,100.0,4.664324937418354,-13.663329266544604,100.0,2.771294123125311,-12.425639460650421,100.0
1100,training_healthy,1,20,69.67151741043682,0.9411397049232748,50.0,101.62674986965709,0.010063905781193623,40.0,332.01166622298854,0.5391384721058003,50.0,101.61835449092489,0.009596477049106744,40.0
1100,training_healthy,2,20,119.80795387134685,-0.1632563362726099,20.0,139.49976971653643,-0.19265923462197476,35.0,441.68399652040284,-0.17881792801770907,15.0,91.95279798870212,-0.3287744281974265,15.0
1100,training_healthy,3,20,167.3551725234982,-0.045648204246184515,10.0,194.5888400711591,0.4742712315144029,45.0,543.8787790074288,0.8436066871152685,75.0,134.18155084859978,0.9917762838095331,80.0
1100,training_healthy,4,20,15.00450030931625,0.448730520850839,0.0,20.330927842789272,0.5610012055343276,0.0,49.43290947465941,0.4408052878896671,0.0,18.51591311295811,0.21187759873613657,0.0
1100,training_healthy,5,20,8.464498122491253,3.4439972309085203,15.0,11.833535017948416,3.028387845427709,25.0,35.99263402673963,2.3864647127369105,15.0,10.763609600323004,3.7500658209255837,25.0
1100,training_healthy,6,20,3.093971238869538,3.1708670071382166,5.0,3.542341901546346,3.056089915141433,5.0,7.272944461327768,3.3355644758021925,5.0,3.5090731713670396,2.8692206381489087,5.0
1100,test_healthy,1,50,69.0219246722441,0.0,0.0,101.61652327849622,0.0,0.0,330.23126244025246,0.0,0.0,101.60860364459622,0.0,0.0
1100,test_healthy,2,50,120.00386778928507,0.0,0.0,139.76904769406224,0.0,0.0,442.4752215435588,0.0,0.0,92.25611249503484,0.0,0.0
1100,test_healthy,3,50,167.43160204317152,0.0,0.0,193.6703174714096,0.0,0.0,539.3289638032352,0.0,0.0,132.86383880556724,0.0,0.0
1100,test_healthy,4,50,14.937471316475882,0.0,0.0,20.21750738264365,0.0,0.0,49.215962907676555,0.0,0.0,18.47676498697958,0.0,0.0
1100,test_healthy,5,50,8.182686621821789,0.0,0.0,11.485703373037468,0.0,0.0,35.15370330221211,0.0,0.0,10.374556888379407,0.0,0.0
1100,test_healthy,6,50,2.998880719549901,0.0,0.0,3.4372950734528986,0.0,0.0,7.038181383361827,0.0,0.0,3.411198363901772,0.0,0.0
1100,intermediate_unlabelled,1,1810,69.43184335727221,0.593896340872335,22.983425414364643,101.901588185736,0.28053007330168156,67.84530386740332,330.2733774007929,0.01275317189210064,37.95580110497237,101.89425119487652,0.28112535753313994,67.73480662983425
1100,intermediate_unlabelled,2,1810,119.67588943006746,-0.27330649024872083,39.005524861878456,139.48266759374923,-0.2048952218232627,42.76243093922652,441.7328173079127,-0.16778436384669626,32.98342541436464,92.1339209217052,-0.1324482140261659,40.27624309392265
1100,intermediate_unlabelled,3,1810,166.64863297630689,-0.4676351759823409,23.92265193370166,191.91925812144035,-0.9041444103729203,65.8011049723757,527.389310016221,-2.2137979949784756,97.62430939226519,131.34776274824276,-1.1410750065283801,94.03314917127071
1100,intermediate_unlabelled,4,1810,14.467469743529065,-3.14646008677794,36.187845303867405,19.471489302919235,-3.6899607137765034,29.613259668508285,47.71575926943525,-3.048205398430405,31.104972375690608,17.56270185044376,-4.947095106637727,24.41988950276243
1100,intermediate_unlabelled,5,1810,7.9921574531028945,-2.3284426927799817,23.591160220994475,11.256473554930707,-1.995783894653548,23.977900552486187,34.06094040215211,-3.1085285401246217,22.983425414364643,10.12325215712329,-2.422317733276934,23.591160220994475
1100,intermediate_unlabelled,6,1810,2.970302444793231,-0.9529647034764217,22.209944751381215,3.3762036185226085,-1.7773119160503532,18.011049723756905,6.820321909170364,-3.095394425419054,10.220994475138122,3.3240269827765543,-2.555447435941837,12.541436464088399
1100,faulty_evident,1,50,68.82935262114918,-0.2790012767817712,4.0,101.68414797563771,0.06654891838422838,36.0,328.3742611009618,-0.5623335978454318,2.0,101.6799359674954,0.07020303433032636,36.0
1100,faulty_evident,2,50,120.57434620446166,0.47538335695837625,28.000000000000004,139.44687874001147,-0.23050092947328096,42.0,431.8469301934946,-2.4020082555104003,100.0,91.2414636329492,-1.099817491377868,96.0
1100,faulty_evident,3,50,168.35952042188998,0.5542074300162281,70.0,200.09099715429284,3.315262641540872,100.0,631.8268153956465,17.150544065005477,100.0,146.1113314227644,9.97072848134663,100.0
1100,faulty_evident,4,50,13.191545547467044,-11.688228429152527,100.0,17.719329884841734,-12.356505925881615,100.0,43.583861208510164,-11.443648292997052,100.0,15.608225976768207,-15.525114987568479,100.0
1100,faulty_evident,5,50,7.94767114101836,-2.872106578989397,24.0,11.068619644172703,-3.6313294477364275,26.0,33.59107890967228,-4.445120273975517,24.0,9.934007406576,-4.24644142919365,26.0
1100,faulty_evident,6,50,2.7268215880846136,-9.07202242795841,74.0,3.003851095889599,-12.610031094243187,68.0,5.750789584866178,-18.29154050418518,80.0,2.943533671278594,-13.709689168830897,30.0
1101,training_healthy,1,20,35.574829301459445,3.5947032791396247,50.0,57.10371323172294,0.52321346392204,50.0,206.78668436462402,-0.016454080136391006,30.0,56.973761175080924,0.36482585409128265,50.0
1101,training_healthy,2,20,103.58193200913684,-0.07289686402568271,20.0,122.45038454104368,-0.13699342122868988,30.0,441.80845031061824,-0.2739641621632626,15.0,83.92173327320384,-0.38618507472078645,15.0
1101,training_healthy,3,20,158.87952897954239,0.43583495676836365,35.0,186.45515369896003,0.5290734091892566,40.0,544.9818968640604,0.8927029244607754,80.0,132.95969650447182,1.1088803091314736,80.0
1101,training_healthy,4,20,14.1329805124121,1.4830108015218417,5.0,19.09909073955661,1.6046982370013834,5.0,41.67315055329465,0.03074973012286198,0.0,18.580515521894178,1.5717259863850352,5.0
1101,training_healthy,5,20,9.38734914205104,1.4458568874376203,10.0,11.8548223646192,2.1175934838659862,25.0,26.645067236674656,2.7216376737568284,10.0,9.611935895926567,3.4071845559625324,25.0
1101,training_healthy,6,20,3.3147880169227006,4.067053539094629,0.0,3.782167516481686,3.6723553245128597,0.0,8.15803380435569,2.77229527486401,5.0,3.7775696616079455,3.7008773183333092,0.0
1101,test_healthy,1,50,34.34039403115215,0.0,0.0,56.80649400669783,0.0,0.0,206.82071481077764,0.0,0.0,56.766661716634104,0.0,0.0
1101,test_healthy,2,50,103.65749507237217,0.0,0.0,122.61836363243839,0.0,0.0,443.0221722931386,0.0,0.0,84.2470829333802,0.0,0.0
1101,test_healthy,3,50,158.1900813070659,0.0,0.0,185.4738608203628,0.0,0.0,540.1598738732305,0.0,0.0,131.50150223992125,0.0,0.0
1101,test_healthy,4,50,13.926449758229051,0.0,0.0,18.797448416220277,0.0,0.0,41.660340111142204,0.0,0.0,18.292999692044972,0.0,0.0
1101,test_healthy,5,50,9.253555965786816,0.0,0.0,11.608991125013336,0.0,0.0,25.939098947486794,0.0,0.0,9.295230246525783,0.0,0.0
1101,test_healthy,6,50,3.185242499132967,0.0,0.0,3.6481929099062436,0.0,0.0,7.937969841519124,0.0,0.0,3.642755740640304,0.0,0.0
1101,intermediate_unlabelled,1,1808,35.28120543837726,2.7396639839707375,55.309734513274336,57.09138511938062,0.5015115219911219,49.557522123893804,208.13631334199061,0.6361057848661941,58.35176991150443,57.02128490479521,0.4485435297078492,48.34070796460177
1101,intermediate_unlabelled,2,1808,103.38337750724327,-0.2644454845619404,43.5287610619469,122.30565221995454,-0.2550282055803939,54.14823008849557,441.398398640853,-0.3665219832860266,38.993362831858406,84.15066329169994,-0.11444864121467799,43.584070796460175
1101,intermediate_unlabelled,3,1808,156.85026704722262,-0.8469647709722963,41.758849557522126,183.944047459702,-0.824813455596564,50.82964601769911,527.7286159762111,-2.301403435964373,95.02212389380531,129.9321749417694,-1.193391156314434,92.69911504424779
1101,intermediate_unlabelled,4,1808,13.223142254146481,-5.05015647413649,46.40486725663717,17.701573318923018,-5.829914108723561,45.07743362831859,40.211247751791774,-3.4783498057973503,18.47345132743363,17.205905140736494,-5.942680640732861,44.24778761061947
1101,intermediate_unlabelled,5,1808,9.12495333026579,-1.3897644969837486,20.741150442477878,11.375266614162921,-2.0133059654668863,23.11946902654867,24.88728786544995,-4.054925285439625,21.128318584070797,9.016289324591819,-3.0009038456924952,22.676991150442475
1101,intermediate_unlabelled,6,1808,3.1922910357000145,0.22128728248998425,19.02654867256637,3.6099656579175115,-1.0478407510998242,17.809734513274336,7.666557502365314,-3.419165662915509,14.54646017699115,3.6059588270136924,-1.0101394726000368,17.588495575221238
1101,faulty_evident,1,50,33.76784174814544,-1.667285129248408,16.0,56.66559222128751,-0.24803816513250754,4.0,206.84476450382476,0.011628280595162546,14.000000000000002,56.62039396067064,-0.25766488910973595,2.0
1101,faulty_evident,2,50,104.56394776313965,0.8744690291180663,96.0,122.70338183517418,0.06933562006311476,28.000000000000004,431.61161187803486,-2.575618361501245,100.0,83.80021092839473,-0.530430240936457,50.0
1101,faulty_evident,3,50,163.84059432208537,3.571976806846156,100.0,197.2236134999193,6.334991155943268,100.0,633.3438508053028,17.251184591682872,100.0,143.67647068876624,9.258425372686666,100.0
1101,faulty_evident,4,50,12.15689174861767,-12.706454554691941,100.0,16.140386067187436,-14.135228836377964,100.0,36.7057125912416,-11.892911835771288,100.0,15.69235649613834,-14.216603289167317,100.0
1101,faulty_evident,5,50,9.151383595810632,-1.1041416981098544,10.0,11.293952625664833,-2.7137457161949676,22.0,26.237885558073426,1.1518773693393107,36.0,8.980156516942074,-3.3896280267126464,20.0
1101,faulty_evident,6,50,2.9732138869412816,-6.65659246507606,12.0,3.213610797122434,-11.912256931472907,60.0,6.486261884483611,-18.28815158055191,98.0,3.210609480275923,-11.863168741816894,60.0
1102,training_healthy,1,20,69.65408261020139,1.3268800772286946,50.0,102.72086203401264,0.22153693123036483,50.0,322.6584920102905,0.5535417972400918,50.0,102.53052698004804,0.2040600896022283,50.0
1102,training_healthy,2,20,128.10340300847147,-0.07460946908459097,20.0,146.308684678232,-0.14218118186085688,20.0,443.35034340317634,-0.20527754393683548,10.0,99.69669675818784,-0.2450139544355058,30.0
1102,training_healthy,3,20,195.29644115443844,0.0639661842219769,10.0,220.85524136555762,0.40354620317681644,45.0,750.3654264094486,1.4146245808288056,50.0,152.90947433906217,1.090297660181508,80.0
1102,training_healthy,4,20,12.988755102098688,0.6200929740849399,5.0,18.13393158997487,0.41200686632150857,5.0,43.77213190034196,0.35219799295914617,0.0,16.93419794582119,0.40959505154043535,0.0
1102,training_healthy,5,20,8.468306841528968,1.8307894245111975,45.0,12.046941773642736,1.8712722785363103,45.0,41.499711132998925,1.421776924561154,20.0,11.841665393099012,1.9189323911708145,45.0
1102,training_healthy,6,20,2.545028176025565,2.327699668072014,0.0,2.7886419431992984,2.5679976017626274,0.0,6.705997706028278,1.2009391952893793,0.0,2.779139814092088,2.5906636465551482,0.0
1102,test_healthy,1,50,68.74195924823982,0.0,0.0,102.49380041387437,0.0,0.0,320.8822745009928,0.0,0.0,102.32172916782562,0.0,0.0
1102,test_healthy,2,50,128.19905164027176,0.0,0.0,146.51700428655374,0.0,0.0,444.26231417034217,0.0,0.0,99.94156754495457,0.0,0.0
1102,test_healthy,3,50,195.17159733094076,0.0,0.0,219.96757058623658,0.0,0.0,739.8986383974604,0.0,0.0,151.26028696945042,0.0,0.0
1102,test_healthy,4,50,12.908709103900339,0.0,0.0,18.05952510651099,0.0,0.0,43.618508389236354,0.0,0.0,16.865119251928895,0.0,0.0
1102,test_healthy,5,50,8.316057343154213,0.0,0.0,11.82565163288037,0.0,0.0,40.91794917364439,0.0,0.0,11.618710199641818,0.0,0.0
1102,test_healthy,6,50,2.487135139635761,0.0,0.0,2.7188226429326097,0.0,0.0,6.62641844962287,0.0,0.0,2.7089597779255694,0.0,0.0
1102,intermediate_unlabelled,1,1808,69.18107595126952,0.6387899149687689,4.756637168141593,102.7194531242826,0.22016230200951795,56.692477876106196,320.7036098099546,-0.05567920238537217,20.077433628318584,102.51163246550614,0.18559430066808308,51.43805309734514
1102,intermediate_unlabelled,2,1808,127.96224248605682,-0.18471989549456908,32.9646017699115,146.1413807441593,-0.25636856569890165,50.22123893805309,442.2917915461843,-0.44354935390768124,48.34070796460177,99.70931849974468,-0.2323848333731765,44.80088495575221
1102,intermediate_unlabelled,3,1808,193.95413728271603,-0.6237895599944028,16.648230088495573,218.0147505107158,-0.8877763528125108,35.61946902654867,728.2648953503132,-1.5723428106780535,87.16814159292035,149.45326875698152,-1.1946415339234826,94.85619469026548
1102,intermediate_unlabelled,4,1808,12.701541393303017,-1.6048677596641034,33.07522123893805,17.51219088967452,-3.0307231979158633,32.57743362831859,42.703952468071904,-2.096715259043871,34.126106194690266,16.32253299229358,-3.21720974236964,32.190265486725664
1102,intermediate_unlabelled,5,1808,8.129793421547173,-2.2398104524901155,21.01769911504425,11.510971399557182,-2.6609969842866152,22.621681415929203,39.75852461221348,-2.83353536735342,23.285398230088493,11.299530054643373,-2.747122008502151,22.400442477876105
1102,intermediate_unlabelled,6,1808,2.4701180004276466,-0.6842064565340256,14.491150442477876,2.6831681294265883,-1.3113953423443327,15.04424778761062,6.408893424498569,-3.2826937625208545,15.04424778761062,2.6697657753439916,-1.446828517018117,15.929203539823009
1102,faulty_evident,1,50,68.94247509793507,0.29169353316094887,2.0,103.14838749844714,0.6386601744978886,96.0,320.2537755050754,-0.19586591278524512,2.0,103.00034639672495,0.6632190781161209,98.0
1102,faulty_evident,2,50,129.35391928403897,0.9008394594117421,98.0,146.92713625637157,0.2799210725164033,46.0,432.2162596047183,-2.7114734204092525,100.0,99.64494958983173,-0.2967913776111421,50.0
1102,faulty_evident,3,50,204.89811356484483,4.983571568260216,100.0,240.9251615017797,9.527582115713223,100.0,977.443174242655,32.10501054032077,100.0,172.32191150077603,13.924093992747322,100.0
1102,faulty_evident,4,50,11.46387801228791,-11.19268456654489,100.0,15.9905653509505,-11.456335331954921,100.0,39.92511029693782,-8.467502050597284,100.0,14.570403692369641,-13.606281255893302,100.0
1102,faulty_evident,5,50,8.089722686505066,-2.7216582006311683,18.0,11.390921832521657,-3.676159368249754,20.0,39.25295826513218,-4.069096673067487,30.0,11.206512535656419,-3.5477058718454506,20.0
1102,faulty_evident,6,50,2.489184747887178,0.08240839907544872,0.0,2.6212159827034824,-3.5900341084347285,0.0,5.319870058907887,-19.717263566253383,100.0,2.6161885780584986,-3.4246060285956665,0.0
1103,training_healthy,1,20,46.39122428086754,1.7059825764467806,50.0,70.96923931891409,0.4151439892911828,50.0,238.89074390786033,0.1534952428867325,25.0,70.42221672819744,0.3071988034834105,50.0
1103,training_healthy,2,20,104.05062826333963,-0.07030736355327807,20.0,121.06313582628962,-0.15787608418615157,20.0,442.8913482758678,-0.20930357391563528,10.0,79.64177766867283,-0.38795272162383154,10.0
1103,training_healthy,3,20,160.9856456241472,0.0400367027962433,15.0,185.68594030757527,0.26289987536476656,30.0,545.0866539824804,0.8467552819246194,80.0,126.56402692388824,1.020687152843378,70.0
1103,training_healthy,4,20,14.622284154880106,0.6376732247302569,5.0,19.643774746290084,0.6198453793412183,5.0,42.08865443014947,0.5409575663632389,5.0,19.326303288145304,0.6124317897815773,5.0
1103,training_healthy,5,20,9.536022579276715,0.9247341876797954,20.0,11.926356069585747,1.6029395220402904,30.0,25.85246134044204,3.132872389987637,20.0,10.864082380479283,1.9674308848868276,30.0
1103,training_healthy,6,20,3.4899114893833616,3.5316963925442355,5.0,3.943195965849982,3.340360272337821,0.0,7.979907700628207,1.001821635272473,5.0,3.688249439294613,2.727982584798888,0.0
1103,test_healthy,1,50,45.61307319950212,0.0,0.0,70.67583284696842,0.0,0.0,238.5246199631033,0.0,0.0,70.20654306792571,0.0,0.0
1103,test_healthy,2,50,104.12383498654924,0.0,0.0,121.25456778981302,0.0,0.0,443.82027998363594,0.0,0.0,79.95195344806602,0.0,0.0
1103,test_healthy,3,50,160.92121807433068,0.0,0.0,185.19905223008564,0.0,0.0,540.5098582087743,0.0,0.0,125.28525640733172,0.0,0.0
1103,test_healthy,4,50,14.52963257827675,0.0,0.0,19.522763796974836,0.0,0.0,41.86219770422254,0.0,0.0,19.208663327535362,0.0,0.0
1103,test_healthy,5,50,9.448647703687296,0.0,0.0,11.738199825408214,0.0,0.0,25.067139837513004,0.0,0.0,10.654463181232813,0.0,0.0
1103,test_healthy,6,50,3.3708628477903364,0.0,0.0,3.8157366158374986,0.0,0.0,7.900756215511082,0.0,0.0,3.590306503147838,0.0,0.0
1103,intermediate_unlabelled,1,1808,46.20995588223599,1.3085780914678327,62.44469026548673,70.96329018441355,0.40672649456788573,70.96238938053098,239.65367882281947,0.47335107792680614,45.35398230088495,70.44994948732173,0.34670047656459196,69.35840707964603
1103,intermediate_unlabelled,2,1808,103.95023059201732,-0.16672877497678346,28.097345132743364,120.99245657317147,-0.2161660557777172,40.320796460176986,441.6448647039781,-0.49015679944549867,50.33185840707964,79.81745809400505,-0.168220222596984,49.66814159292036
1103,intermediate_unlabelled,3,1808,160.23195182199134,-0.42832527654678815,19.081858407079647,184.17015375190778,-0.5555635764807225,23.396017699115042,528.023818456566,-2.310048477855051,98.83849557522124,123.9515519364368,-1.064534254979476,84.0154867256637
1103,intermediate_unlabelled,4,1808,14.115549068204384,-2.8499241659521553,27.04646017699115,18.709225453701826,-4.167126907508208,30.199115044247787,40.22223677157746,-3.917522305523063,25.71902654867257,18.308357761609336,-4.6869766551400245,32.07964601769911
1103,intermediate_unlabelled,5,1808,9.316059765555227,-1.403247769311232,17.86504424778761,11.545131967367732,-1.6447825127544042,20.24336283185841,24.420561829638118,-2.5793848523048557,24.336283185840706,10.447251755720124,-1.944832151446911,19.690265486725664
1103,intermediate_unlabelled,6,1808,3.3214275303716327,-1.46654787367304,19.192477876106196,3.7402664645459303,-1.9778658458323313,16.98008849557522,7.629136856567606,-3.437890646596867,15.43141592920354,3.4933175626908124,-2.7014111572922705,16.316371681415927
1103,faulty_evident,1,50,45.19579702277876,-0.9148170632973487,24.0,70.73299222504474,0.08087542201318776,28.000000000000004,238.50753866628202,-0.007161230075088608,10.0,70.30793674249091,0.14442197284532599,44.0
1103,faulty_evident,2,50,105.03095466220933,0.8711931094136767,84.0,121.36467066967832,0.09080307807962419,30.0,431.53568348091477,-2.767921398989275,100.0,79.42543046139755,-0.658549246092503,56.00000000000001
1103,faulty_evident,3,50,169.4455775568877,5.297225303514399,100.0,199.35918424549465,7.645898747806165,100.0,640.2277295049744,18.448853389401755,100.0,138.1300964250886,10.252475339951651,100.0
1103,faulty_evident,4,50,13.082771787125711,-9.957999855510732,100.0,17.023944842723807,-12.799514352769226,100.0,36.915341397406166,-11.817000965330099,90.0,16.559530861460292,-13.791342067397132,100.0
1103,faulty_evident,5,50,9.421616386075584,-0.2860866280490404,0.0,11.553420182551491,-1.5741736007658842,16.0,25.22712911297074,0.6382430404697068,64.0,10.502358391801348,-1.427615702867028,10.0
1103,faulty_evident,6,50,3.0623072801903435,-9.153607890106144,22.0,3.311519184374488,-13.214157113733135,72.0,6.441876728767211,-18.46506140614414,100.0,3.0216216642848135,-15.839450987385737,98.0
2000,training_healthy,1,20,5.8901720466730225,19.20256759272896,45.0,6.51068965515919,13.294969591829322,40.0,10.66769332800608,10.808581692814224,45.0,2.5791959309280057,-5.950813207412625,0.0
2000,training_healthy,2,20,139.14720419059148,-0.4074516972889171,10.0,158.16685993674395,-0.3761866293115927,10.0,390.437166598216,-0.4975204787692769,30.0,86.6008359604575,-0.02154267723559799,0.0
2000,training_healthy,3,20,222.15072699601436,0.06649917144826191,0.0,250.437808112686,0.282353676729252,0.0,648.1147757594654,1.092343438565862,75.0,137.0186041526788,0.16399507097590743,5.0
2000,training_healthy,4,20,2.1599570160385153,-0.7126753438137788,15.0,2.2504303419717835,-1.0876451252515176,15.0,3.1111506438213636,-1.1860833456472677,15.0,0.6323665282984013,0.2570008985853373,15.0
2000,training_healthy,5,20,3.5734694336068946,-1.5544503615229897,5.0,4.158581239703249,-0.07074301598408153,15.0,11.453546324973368,3.975715078320902,20.0,2.6890974780646797,2.721557905702599,15.0
2000,training_healthy,6,20,1.8668086223103952,3.585331248233243,0.0,1.877015009989846,3.630389266358666,0.0,2.190263953861458,3.767732977320848,0.0,0.1962602519344937,3.453272719030174,5.0
2000,test_healthy,1,50,4.941313065333928,0.0,0.0,5.746671435294451,0.0,0.0,9.627136423042824,0.0,0.0,2.742390464912865,0.0,0.0
2000,test_healthy,2,50,139.71648136530678,0.0,0.0,158.76410928803116,0.0,0.0,392.3893841408333,0.0,0.0,86.6194961189295,0.0,0.0
2000,test_healthy,3,50,222.0030967760688,0.0,0.0,249.73267871234725,0.0,0.0,641.1116348819501,0.0,0.0,136.79426829529694,0.0,0.0
2000,test_healthy,4,50,2.175460990129455,0.0,0.0,2.275176184837047,0.0,0.0,3.1484944116768983,0.0,0.0,0.6307455066784511,0.0,0.0
2000,test_healthy,5,50,3.6298943392868415,0.0,0.0,4.161525228160588,0.0,0.0,11.015597552126334,0.0,0.0,2.617851143314284,0.0,0.0
2000,test_healthy,6,50,1.8021939977550978,0.0,0.0,1.8112592486412455,0.0,0.0,2.1107370191272805,0.0,0.0,0.18970908002835152,0.0,0.0
2000,intermediate_unlabelled,1,1484,6.830317105247028,38.228786861644515,28.975741239892184,7.108607585898497,23.699565321229507,26.010781671159027,10.361443346542924,7.6274698023652725,19.2722371967655,1.9680295912948145,-28.23671112941441,26.617250673854446
2000,intermediate_unlabelled,2,1484,139.96883139175975,0.18061578991040525,7.816711590296496,158.7186177328308,-0.028653551110739906,10.377358490566039,392.25908227612433,-0.033207285919379846,25.741239892183287,86.55996286230129,-0.06872962704201609,1.6846361185983827
2000,intermediate_unlabelled,3,1484,218.4824064796564,-1.5858744078528169,8.221024258760108,245.59530279012017,-1.6567218769925922,9.433962264150944,629.4814994549249,-1.814057770011715,38.881401617250674,136.08759445121171,-0.5165960919939555,16.846361185983827
2000,intermediate_unlabelled,4,1484,2.397178193030682,10.191734253438998,32.81671159029649,2.4625855290892744,8.237135457957951,30.05390835579515,3.252788399787224,3.312503516713515,21.024258760107816,0.5305106628253683,-15.891487579662094,2.8301886792452833
2000,intermediate_unlabelled,5,1484,3.434302723966898,-5.388355611430023,64.82479784366578,3.9622968254314594,-4.787389041425773,78.50404312668464,10.53472537873573,-4.36537528822284,53.63881401617251,2.5673600767496034,-1.9287218333108573,38.81401617250674
2000,intermediate_unlabelled,6,1484,1.9388234518374916,7.581284492822983,9.838274932614555,1.9481704543579808,7.558896155779028,9.838274932614555,2.246987974179517,6.455136467382925,7.142857142857142,0.18528739420273363,-2.3307718454789192,5.323450134770889
2000,faulty_evident,1,50,3.141244365303996,-36.428954737930276,72.0,4.332343648732247,-24.61125196536899,70.0,8.295319767942395,-13.833985482045188,62.0,3.0301822754565837,10.494195273278228,2.0
2000,faulty_evident,2,50,141.6292598275387,1.3690428241108654,60.0,158.77273669233432,0.005434102418893183,0.0,381.809931576144,-2.696161769986162,100.0,88.41816272699485,2.076514743973756,82.0
2000,faulty_evident,3,50,243.86388204227546,9.847063209328708,98.0,281.31483544637524,12.646385285606,98.0,796.5743842132765,24.24893589085344,100.0,167.6994659629264,22.592465351629063,100.0
2000,faulty_evident,4,50,2.0200321647922777,-7.144638586598066,2.0,2.1663199184770976,-4.784520297171888,2.0,3.23337825089717,2.696013653556467,6.0,0.7491775482100715,18.776517672760235,42.0
2000,faulty_evident,5,50,3.695606589880444,1.8103075310592405,30.0,4.217766801397093,1.3514653919655195,40.0,11.640502014697116,5.672905710413844,82.0,2.9913768010886272,14.268407076097072,52.0
2000,faulty_evident,6,50,1.9819661473893264,9.97518301904022,0.0,1.9916392156931697,9.958815513971288,0.0,2.3795380134777466,12.734935328968948,6.0,0.1977453541181339,4.236104085572175,38.0
2100,training_healthy,1,20,65.977272307677,0.5007354546614607,10.0,112.57134100398693,0.3324860655074399,0.0,328.50112853929056,0.4237661473198022,0.0,109.43727209461989,-0.0023643042659258384,5.0
2100,training_healthy,2,20,118.89950075984947,0.6177311031149911,5.0,122.79059740925408,0.22299703792235487,0.0,176.53347330555837,-0.3889923760678213,0.0,30.65737780496051,-0.5718754447862526,0.0
2100,training_healthy,3,20,94.79306291143152,-1.6726355599356069,0.0,107.1942838564723,-1.4289120900000127,0.0,206.97622483552271,-1.1055294125688255,15.0,70.92509716767628,1.0169944820942554,0.0
2100,training_healthy,4,20,8.004669402937292,-0.8844067885001698,5.0,12.050247157832558,-0.05373024370715031,5.0,31.456509391128066,1.1152749777816182,5.0,12.049161754516753,-0.044542123050086854,5.0
2100,training_healthy,5,20,6.153745710025769,0.22136753239056997,0.0,8.245718824422191,0.005055860092698812,5.0,17.147089406068037,-0.3978476234681212,0.0,7.793149599204501,-0.5572211052809131,5.0
2100,training_healthy,6,20,3.637278946186165,15.168086404249916,5.0,4.055518493799335,18.245529064570604,5.0,6.587420407157429,24.335750707528213,5.0,1.8215484953107155,21.221678157098875,0.0
2100,test_healthy,1,50,65.64854675858675,0.0,0.0,112.19829729972872,0.0,0.0,327.1149262191437,0.0,0.0,109.4398595858887,0.0,0.0
2100,test_healthy,2,50,118.16953081360876,0.0,0.0,122.5173872647139,0.0,0.0,177.22285670679742,0.0,0.0,30.833708210935896,0.0,0.0
2100,test_healthy,3,50,96.40557687195286,0.0,0.0,108.74820003442154,0.0,0.0,209.2899872015979,0.0,0.0,70.21105461640724,0.0,0.0
2100,test_healthy,4,50,8.07609493478626,0.0,0.0,12.056725265700921,0.0,0.0,31.109552338200242,0.0,0.0,12.054531098591799,0.0,0.0
2100,test_healthy,5,50,6.140153403950448,0.0,0.0,8.245301953491202,0.0,0.0,17.21558118668549,0.0,0.0,7.8368180031002295,0.0,0.0
2100,test_healthy,6,50,3.1582351150812755,0.0,0.0,3.4297436240356527,0.0,0.0,5.29809034784601,0.0,0.0,1.5026590317864228,0.0,0.0
2100,intermediate_unlabelled,1,1478,65.6087789653776,-0.06057680660531843,6.292286874154263,112.0884208025374,-0.09793062803599989,3.6535859269282813,327.514252639547,0.12207526725203803,3.1123139377537212,109.1966676569174,-0.22221513248602232,4.533152909336942
2100,intermediate_unlabelled,2,1478,117.62797098015012,-0.45829058449326365,3.3152909336941816,121.99662963573789,-0.42504793858430323,2.6387009472259813,176.27661284178717,-0.5339287959767732,1.2178619756427604,30.599038034400806,-0.7610832110419297,1.2178619756427604
2100,intermediate_unlabelled,3,1478,97.69385955268172,1.3363155146511587,0.9472259810554804,110.96771968713142,2.0409713926366995,0.6765899864682002,210.2932084630878,0.4793450823443113,6.7658998646820026,68.6412260881356,-2.2358708850739837,1.1502029769959403
2100,intermediate_unlabelled,4,1478,7.965444937538683,-1.3700928250728375,4.127198917456021,12.081703143521773,0.20716966896400588,8.322056833558863,32.19157018870773,3.478088783614057,6.359945872801083,12.057286340112888,0.022856480260868235,8.051420838971584
2100,intermediate_unlabelled,5,1478,6.197294103258876,0.9306070312781651,5.006765899864682,8.376526351525875,1.591505062820781,3.6535859269282813,17.32857236788356,0.6563309131001415,1.7591339648173208,7.9081058292143425,0.9096526943194505,3.247631935047361
2100,intermediate_unlabelled,6,1478,3.2722600955419603,3.610401895545715,2.503382949932341,3.4716802952294348,1.2227348685741342,2.2327469553450605,5.405323672878389,2.0239995544050218,3.1799729364005414,1.4271433198608947,-5.025472201484851,2.6387009472259813
2100,faulty_evident,1,50,64.83129262558535,-1.2448929540005433,4.0,112.78949786608675,0.5269247221984851,0.0,331.90871183436485,1.4654744345140867,2.0,110.17666187145568,0.6732485662490605,2.0
2100,faulty_evident,2,50,119.18621769157758,0.8603629640981347,6.0,122.2525077005639,-0.2161975292353422,4.0,170.46420607754615,-3.8136450087998353,0.0,27.264449544425183,-11.575833312338318,0.0
2100,faulty_evident,3,50,86.34513626181216,-10.435538001606597,50.0,101.09762299514777,-7.0351298107482885,52.0,227.52463239484968,8.712621868377918,0.0,63.97556920471967,-8.881059322858302,0.0
2100,faulty_evident,4,50,8.306297641852144,2.8504210131845844,4.0,12.30415548881751,2.0522174774976536,4.0,31.15796633891503,0.15562422817425264,0.0,12.280302627163982,1.8729183800318683,4.0
2100,faulty_evident,5,50,6.409137266808559,4.380735222104582,0.0,8.569510876835619,3.932044274098912,0.0,17.538923077152,1.8781932887434603,0.0,8.143514113725677,3.913528558454715,0.0
2100,faulty_evident,6,50,3.1067427061367128,-1.630417213040126,2.0,3.2640408767689957,-4.831345005073024,2.0,5.001093840348883,-5.605727497981869,2.0,1.2811672295865135,-14.739990744047285,2.0
2200,training_healthy,1,20,10.922918881044694,31.456541130853143,25.0,11.378891177325798,28.181945834960043,25.0,16.770685949915254,11.230804949939651,25.0,3.4434770933236525,-9.938713132624397,10.0
2200,training_healthy,2,20,99.30456857757297,2.4168126347058916,0.0,115.89589226927578,1.1726231150220479,0.0,278.46466087184774,0.728223616222315,0.0,94.84994526957988,-1.7267553301457819,0.0
2200,training_healthy,3,20,123.72486824038985,2.359760351273466,0.0,151.49801381358728,0.29862051666603046,0.0,385.08790752102414,0.3254004731452286,0.0,125.72882992565432,1.5331207015634112,5.0
2200,training_healthy,4,20,0.2925328068742648,5.706353874014458,0.0,0.33255982276070617,2.9703914992559217,0.0,0.5713052673717824,3.4154846529852896,0.0,0.2793014077367528,15.683369456108004,10.0
2200,training_healthy,5,20,3.414168762022613,0.45610188011200054,5.0,4.411917754046501,-0.2752050860241623,5.0,13.975272976001452,1.9765843484177166,10.0,2.9857623694386293,3.113199431679069,0.0
2200,training_healthy,6,20,2.2090682237299015,11.410953914618092,5.0,2.2100303204461986,11.219042616985899,5.0,2.4129389179273613,8.787515602051426,0.0,0.1101546457959107,-12.23381044712033,10.0
2200,test_healthy,1,50,8.309148245557376,0.0,0.0,8.87714030490427,0.0,0.0,15.077375334524497,0.0,0.0,3.823482001089461,0.0,0.0
2200,test_healthy,2,50,96.96119809133927,0.0,0.0,114.55262174779733,0.0,0.0,276.4514759366817,0.0,0.0,96.51654994014413,0.0,0.0
2200,test_healthy,3,50,120.87256536728555,0.0,0.0,151.04695661134616,0.0,0.0,383.8388939440149,0.0,0.0,123.83036102594485,0.0,0.0
2200,test_healthy,4,50,0.27674098685015514,0.0,0.0,0.3229664546464401,0.0,0.0,0.5524368708311136,0.0,0.0,0.24143609323440735,0.0,0.0
2200,test_healthy,5,50,3.3986673762209163,0.0,0.0,4.424093083221971,0.0,0.0,13.704394067811602,0.0,0.0,2.8956160665123587,0.0,0.0
2200,test_healthy,6,50,1.982810617906443,0.0,0.0,1.987097055004385,0.0,0.0,2.218029251402318,0.0,0.0,0.12550920389399137,0.0,0.0
2200,intermediate_unlabelled,1,1487,9.439685178078985,13.605930464967571,19.435104236718225,10.021740146652286,12.89379014450938,18.964357767316745,15.66482301091295,3.8962197554590516,22.999327505043713,3.511669768520196,-8.155190281539637,8.137188971082717
2200,intermediate_unlabelled,2,1487,97.53956699763742,0.5964952142539719,2.89172831203766,114.51422203236282,-0.033521463628349055,9.68392737054472,274.66813140553353,-0.6450841056665589,6.99394754539341,95.5756585325655,-0.9748498140082065,10.221923335574983
2200,intermediate_unlabelled,3,1487,123.6645083639703,2.3098235635200637,3.496973772696705,151.3078344635266,0.17271308077507214,2.89172831203766,392.9929614371016,2.3848723090635713,6.7921990585070615,124.12544831462583,0.23829962719655504,2.42098184263618
2200,intermediate_unlabelled,4,1487,0.49269242495612153,78.03377467281202,31.674512441156693,0.5625823906594691,74.19220558845437,19.704102219233356,0.9640995611665615,74.51759867441903,4.169468728984533,0.37446043835048815,55.097124598901246,13.920645595158037
2200,intermediate_unlabelled,5,1487,3.3248570136263984,-2.171744228662645,14.391392064559517,4.250047836710934,-3.9340322013361337,8.607935440484196,13.3230020254276,-2.7829909188017457,3.9004707464694013,2.8844263178093974,-0.38643758170740006,0.941492938802959
2200,intermediate_unlabelled,6,1487,2.0597644214712636,3.8810465744868985,1.546738399462004,2.0632333387441415,3.831533218169283,1.546738399462004,2.421408297306063,9.16935814868813,2.2864828513786146,0.16104113717541294,28.31022122603283,7.195696032279758
2200,faulty_evident,1,50,6.307796150233396,-24.086128158731984,8.0,7.121467830500739,-19.77745551045972,12.0,13.092486696186931,-13.164682806512916,12.0,4.177203738689922,9.251298619940464,6.0
2200,faulty_evident,2,50,100.8704586803679,4.031778346371129,16.0,118.85874273499523,3.7590767644571175,66.0,296.1626813000139,7.1300778180134845,57.99999999999999,98.17402301909941,1.7172941635223997,38.0
2200,faulty_evident,3,50,120.82156199198172,-0.04219598975900091,2.0,151.07695815224218,0.01986239350271679,26.0,441.687308186617,15.071014208122326,56.00000000000001,129.66979717774205,4.715674010329121,40.0
2200,faulty_evident,4,50,0.691849015985853,149.99875293516365,62.0,0.7116885138642404,120.35988680104397,38.0,0.9740876905264291,76.32561147864062,0.0,0.18891143818149747,-21.755096493345896,8.0
2200,faulty_evident,5,50,3.8185124721841786,12.353227000110293,40.0,4.824616778666438,9.053238435769401,28.000000000000004,16.086824316787798,17.384426025605638,38.0,3.4237609554991257,18.23946534537965,42.0
2200,faulty_evident,6,50,1.9912147142978895,0.42384765925451573,0.0,2.004383378268702,0.8699284828983282,0.0,2.5746187037999957,16.07685976964591,0.0,0.23853826118145122,90.05638931701567,16.0
2300,training_healthy,1,20,8.298735123263542,37.515304763345505,30.0,8.330240406160215,36.33144516256083,30.0,9.217955416833025,36.27400585340771,35.0,0.7386793988064628,-17.635361158103347,5.0
2300,training_healthy,2,20,120.19714167100426,-1.770081559609284,0.0,144.40152969089257,-1.2838569566286808,0.0,403.549548378667,-1.080949501865531,0.0,99.56178928744727,-0.2878939088580732,0.0
2300,training_healthy,3,20,204.04081878646682,-0.16308851860513546,0.0,231.0636194008207,0.16152375962712776,0.0,621.2039181432831,1.4648393048765342,0.0,142.91571500817335,-0.05621899811081692,5.0
2300,training_healthy,4,20,0.31226764956131847,12.218883054219939,0.0,0.34186132594693985,8.576336720502852,0.0,0.48446166151446063,7.888836216161033,0.0,0.15853600320738973,25.40184511554658,0.0
2300,training_healthy,5,20,3.7547042352815483,-1.9328166989440358,0.0,4.663957826105801,1.3821091476031824,5.0,12.337021802786555,4.210804680482654,15.0,3.7160940315670192,2.789220954600379,25.0
2300,training_healthy,6,20,1.6243773443519587,6.585782060159452,10.0,1.6352610784473982,4.457808536610649,10.0,2.142688809901318,5.675007787806895,5.0,0.22396961942367236,-0.60567054936377,10.0
2300,test_healthy,1,50,6.034772011410004,0.0,0.0,6.110285412310626,0.0,0.0,6.7642800687527584,0.0,0.0,0.8968404514277026,0.0,0.0
2300,test_healthy,2,50,122.36306776936195,0.0,0.0,146.27954986799799,0.0,0.0,407.9593833002649,0.0,0.0,99.84924919391707,0.0,0.0
2300,test_healthy,3,50,204.3741295267241,0.0,0.0,230.69099862671746,0.0,0.0,612.2356497078956,0.0,0.0,142.99610598629633,0.0,0.0
2300,test_healthy,4,50,0.2782665814009595,0.0,0.0,0.3148580402256148,0.0,0.0,0.44903780456377884,0.0,0.0,0.1264223848232161,0.0,0.0
2300,test_healthy,5,50,3.828706106256769,0.0,0.0,4.600375613921683,0.0,0.0,11.838524652614185,0.0,0.0,3.6152565386290183,0.0,0.0
2300,test_healthy,6,50,1.5240094062781497,0.0,0.0,1.5654751917127072,0.0,0.0,2.0276211516386073,0.0,0.0,0.22533440354351997,0.0,0.0
2300,intermediate_unlabelled,1,1483,6.928873932436699,14.815835947674701,20.364126770060686,6.982427743405259,14.273348497559448,20.83614295347269,7.956566363748503,17.626211257920104,22.65677680377613,0.7708798052787319,-14.044933627653709,6.001348617666891
2300,intermediate_unlabelled,2,1483,121.32131837531664,-0.8513593300953111,3.169251517194875,145.22193895687894,-0.7230066759662751,2.562373567093729,405.9203619598047,-0.4998098889073541,2.629804450438301,99.4615692014138,-0.3882653055811839,2.7646662171274445
2300,intermediate_unlabelled,3,1483,201.66745785243637,-1.3243709859734438,3.5738368172623063,227.5573565941082,-1.3583720436703406,3.5064059339177343,602.0517900622885,-1.663388868398288,2.2252191503708696,141.52604924477677,-1.0280397017667289,2.8995279838165877
2300,intermediate_unlabelled,4,1483,0.4710650534384041,69.28552867066624,28.99527983816588,0.5217396003600634,65.70629734791127,18.27376938637896,0.8000920918374371,78.17922760750459,14.025623735670937,0.20299863658844114,60.57175070087955,2.2252191503708696
2300,intermediate_unlabelled,5,1483,3.6725978053501653,-4.07731219305383,7.82198246797033,4.410997865353215,-4.116571438109792,5.799055967633175,10.966223773270947,-7.36832422062504,59.06945380984491,3.5254007200458073,-2.4854617541826296,6.473364801078894
2300,intermediate_unlabelled,6,1483,1.7282212519988365,13.39964470556658,11.867835468644639,1.7463765013542376,11.555680383769955,12.744436952124072,2.1837676928122347,7.700972198255018,1.8880647336480108,0.2337310696936736,3.7263134337726402,9.170600134861767
2300,faulty_evident,1,50,4.2908048114443424,-28.898642677276374,6.0,4.39974530623028,-27.994438731684376,8.0,5.617705754118554,-16.95042640133641,16.0,0.9481026372628099,5.715864594811895,8.0
2300,faulty_evident,2,50,123.2999272908861,0.7656391251075944,2.0,145.9053491212468,-0.2558120715362309,0.0,392.3311807377602,-3.8308231657959215,2.0,100.46005157275027,0.6117245585361997,14.000000000000002
2300,faulty_evident,3,50,213.10446154568248,4.27174028296806,50.0,249.51151752316176,8.15832390881358,64.0,742.4879351997947,21.274861330607568,78.0,166.16843596182804,16.204867828885057,90.0
2300,faulty_evident,4,50,0.6901107522771917,148.00346085496994,72.0,0.6975442396665994,121.5424574093032,44.0,0.9185960365329835,104.56986632236021,8.0,0.12342866638737604,-2.3680287632814063,0.0
2300,faulty_evident,5,50,3.7551256159000923,-1.9218108759101027,0.0,4.917294750562149,6.888983927342888,34.0,15.346179696127145,29.629156896154278,92.0,4.2093430836730255,16.43276317174707,60.0
2300,faulty_evident,6,50,1.7373505919672465,13.998679063937448,16.0,1.7717997566459451,13.17967643470023,16.0,2.2783996569418425,12.368114482361282,2.0,0.27546449034833,22.246974281993356,4.0
2400,training_healthy,1,20,71.13099254244696,0.6339026624984394,10.0,112.53351578561822,0.10699875304527626,5.0,325.63813496747065,0.31133658706434575,0.0,110.08113067308074,-0.17670651955911357,5.0
2400,training_healthy,2,20,83.1053741693619,0.41086292834484883,0.0,85.99731457501885,0.7974481615129012,0.0,122.94085237609539,-0.16238689193369624,0.0,22.464300009936203,6.2425334117877584,0.0
2400,training_healthy,3,20,192.7365665674319,2.012847591055616,5.0,198.23219255245817,1.1187435045602534,5.0,309.63696135854286,6.707825299866414,0.0,45.77883846968402,-5.969702742257569,15.0
2400,training_healthy,4,20,8.332970998900262,0.4982073189354664,5.0,12.677739585444879,0.9622488845049069,10.0,30.478888651768557,1.2605680365505252,5.0,12.624321507575296,0.8654482201127458,10.0
2400,training_healthy,5,20,9.195711058874831,-0.6870309988155292,0.0,13.28854330487913,-0.6172961074527142,0.0,27.892868155347664,-0.1801989016885217,0.0,9.854468630201637,1.6530353268825335,5.0
2400,training_healthy,6,20,3.4620231774745895,10.679055547515958,5.0,3.8093327170725706,13.547230564945613,10.0,6.852918904907797,19.563667292724173,10.0,1.8642587295598005,20.481836760963642,0.0
2400,test_healthy,1,50,70.68293155737283,0.0,0.0,112.41323502588267,0.0,0.0,324.62745094103684,0.0,0.0,110.27599554672051,0.0,0.0
2400,test_healthy,2,50,82.7653221431505,0.0,0.0,85.31695607732148,0.0,0.0,123.14081692139581,0.0,0.0,21.14435649126168,0.0,0.0
2400,test_healthy,3,50,188.9336207337975,0.0,0.0,196.03901876363634,0.0,0.0,290.17268460716207,0.0,0.0,48.68520020116665,0.0,0.0
2400,test_healthy,4,50,8.291661335266621,0.0,0.0,12.556910850854258,0.0,0.0,30.099464424065886,0.0,0.0,12.516001991113924,0.0,0.0
2400,test_healthy,5,50,9.259325495308833,0.0,0.0,13.371082476531049,0.0,0.0,27.943221533647687,0.0,0.0,9.694219753018615,0.0,0.0
2400,test_healthy,6,50,3.127984025837931,0.0,0.0,3.3548442336457924,0.0,0.0,5.731606482201654,0.0,0.0,1.547335913593761,0.0,0.0
2400,intermediate_unlabelled,1,1480,71.01977873569193,0.4765608484216414,2.1621621621621623,112.4736796287996,0.05377000573198865,3.1081081081081083,324.9253106200282,0.09175431040348445,3.2432432432432434,110.12450388710462,-0.13737500973337685,3.7162162162162162
2400,intermediate_unlabelled,2,1480,82.95537384814119,0.22962721592744034,4.121621621621622,86.04594312186674,0.8544456788690322,5.0675675675675675,124.89183544223874,1.4219643531849044,1.3513513513513513,21.836291923199617,3.27243551830908,2.5
2400,intermediate_unlabelled,3,1480,184.1968046331302,-2.5071324427436665,0.5405405405405406,190.94699596194602,-2.5974537282446595,1.1486486486486487,291.22106049066815,0.36129378784408384,1.5540540540540542,50.97955203594627,4.712626887225245,1.0810810810810811
2400,intermediate_unlabelled,4,1480,8.636289588656917,4.156323316347965,1.891891891891892,12.745613438188105,1.5027787453074812,2.9054054054054057,31.016709364002413,3.0473796045458807,2.22972972972973,12.685503559532421,1.3542788546920883,2.9054054054054057
2400,intermediate_unlabelled,5,1480,9.184782197909247,-0.8050618529109155,0.6081081081081081,13.18184339703152,-1.4152861582574348,0.20270270270270271,27.47463740357818,-1.6769152028704553,0.13513513513513514,9.60803978535722,-0.8889830213984902,1.9594594594594597
2400,intermediate_unlabelled,6,1480,3.2463668582751293,3.784636732775054,2.027027027027027,3.4817020735014506,3.7813332310155743,1.6216216216216217,6.094983542739099,6.339881526511619,1.2162162162162162,1.6330873907864478,5.541878556513625,0.7432432432432433
2400,faulty_evident,1,50,70.51768129090527,-0.23379090655488718,0.0,112.98185841624371,0.505833134532706,2.0,323.10104494484347,-0.4702023786862749,0.0,110.97100002171095,0.6302409436838763,2.0
2400,faulty_evident,2,50,87.66706069497573,5.922454507392854,0.0,89.78217466797142,5.233682489332108,0.0,127.12548347099994,3.2358617144367745,0.0,19.789113209182794,-6.409479913181399,0.0
2400,faulty_evident,3,50,203.0470586665649,7.4700510570603305,56.00000000000001,214.96645486326457,9.65493309393116,52.0,312.0580996150298,7.542203718277742,8.0,60.75711068726697,24.79585261274337,26.0
2400,faulty_evident,4,50,8.616314436772953,3.9154168070697324,0.0,12.994705573978802,3.4864842820378867,4.0,31.539189757432673,4.783225751404607,0.0,12.971710315281626,3.6410055262954137,4.0
2400,faulty_evident,5,50,9.35463142305861,1.0292966566308013,0.0,13.290766953870822,-0.6006658234379809,0.0,27.396877757206845,-1.9551925170222964,0.0,9.526822058526253,-1.7267784180386136,0.0
2400,faulty_evident,6,50,3.0508579741590935,-2.4656792055764023,2.0,3.2366192146169945,-3.524009187762492,2.0,5.712520182817754,-0.33300086883438795,0.0,1.4614139764478757,-5.552894907371954,0.0
2500,training_healthy,1,20,6.046203116254296,1.1642537652990999,30.0,6.955417266076102,3.0726196636818623,30.0,11.85385059417953,4.917605914175278,35.0,3.2003472513555082,-1.7624015067439132,5.0
2500,training_healthy,2,20,106.11153218785256,1.1365456699254028,0.0,115.58089414176621,1.0106828346576475,5.0,249.05816342427744,0.297892539331234,10.0,73.54974957179496,-0.054403103783882883,25.0
2500,training_healthy,3,20,144.75686564929583,0.2794147278599603,10.0,162.26291863358938,-0.31351821320373746,5.0,374.25719341292375,-2.0552096643486713,0.0,121.84327057597133,0.137193337204326,25.0
2500,training_healthy,4,20,0.2990221796052678,2.5939132397317235,0.0,0.35430190352750013,-1.9918836027264006,0.0,0.8266102261906623,-3.601911693726769,0.0,0.2956266147916111,-1.2906697109658007,0.0
2500,training_healthy,5,20,3.255076914921624,0.16344122069403666,0.0,3.9659163458390543,1.0025046624871752,10.0,11.620711782594151,2.4282120689757223,20.0,2.67927486575208,0.9993358143064865,35.0
2500,training_healthy,6,20,1.7983088207256692,1.3663937684084817,10.0,1.8027377182494702,1.3814477899331876,10.0,2.1868184417647214,1.7730989485374578,5.0,0.15124420160458246,8.009854819104612,5.0
2500,test_healthy,1,50,5.976620091797916,0.0,0.0,6.748074599026493,0.0,0.0,11.298247315971182,0.0,0.0,3.2577620996865155,0.0,0.0
2500,test_healthy,2,50,104.91907893924298,0.0,0.0,114.42442610843275,0.0,0.0,248.31844131381996,0.0,0.0,73.58978469873895,0.0,0.0
2500,test_healthy,3,50,144.35352065240863,0.0,0.0,162.7732423947191,0.0,0.0,382.11036251174284,0.0,0.0,121.6763387462573,0.0,0.0
2500,test_healthy,4,50,0.29146191051952675,0.0,0.0,0.36150261483584245,0.0,0.0,0.8574964926320738,0.0,0.0,0.29949206820264773,0.0,0.0
2500,test_healthy,5,50,3.2497654585864173,0.0,0.0,3.9265524742100926,0.0,0.0,11.345225644247993,0.0,0.0,2.652764836669909,0.0,0.0
2500,test_healthy,6,50,1.7740680652349736,0.0,0.0,1.7781731840965833,0.0,0.0,2.148719518573869,0.0,0.0,0.14002815007749703,0.0,0.0
2500,intermediate_unlabelled,1,1511,7.319716917070446,22.472514642778517,30.311052283256124,7.856021228391398,16.418707486202692,28.193249503639972,11.934808927544061,5.634162483529968,21.641297154202515,2.8443495602763487,-12.69007762874853,26.406353408338852
2500,intermediate_unlabelled,2,1511,104.22271412822467,-0.6637160924959769,27.663798808735933,113.83178934646828,-0.517928542112911,32.49503639973527,247.04784222520806,-0.5116813241454525,20.71475843812045,73.46168830443946,-0.17406817376065137,39.31171409662475
2500,intermediate_unlabelled,3,1511,146.05157375456702,1.1763156828347503,51.62144275314361,164.3485934588006,0.9678194283685363,62.475181998676376,387.88238454180237,1.5105641187320975,66.64460622104566,121.19237251488306,-0.39774884448446307,2.183984116479153
2500,intermediate_unlabelled,4,1511,0.43389921445472557,48.86995480174625,19.788219722038384,0.5662702414822839,56.6434704046127,19.72203838517538,1.1362529203856813,32.508171187729104,20.25148908007942,0.39503480090842996,31.901590342330664,22.70019854401059
2500,intermediate_unlabelled,5,1511,3.174455802126851,-2.3173874367021026,40.10589013898081,3.824809624535679,-2.591149624070194,47.12111184645929,11.183424499200317,-1.4261606610681083,43.87822634017207,2.6143548581664082,-1.4479224834613582,5.890138980807412
2500,intermediate_unlabelled,6,1511,1.9191826817065623,8.179766003079951,16.87624090006618,1.92565666929867,8.294101301331741,17.008603573792193,2.314660167629191,7.7227691944390555,24.42091330244871,0.15598564355705527,11.39591822838961,14.295168762409
2500,faulty_evident,1,50,3.669728537255259,-38.59859785480671,88.0,5.020771539269394,-25.5969763583569,90.0,9.958333600003783,-11.859482966648276,76.0,3.68004642383314,12.962405210228814,52.0
2500,faulty_evident,2,50,108.12673700891045,3.0572686131994917,6.0,118.73832910174681,3.7700892545670692,78.0,259.0874090819319,4.336757153892712,90.0,76.3420669312699,3.7400330002298654,96.0
2500,faulty_evident,3,50,137.3808240858013,-4.830292004721532,60.0,160.91744843552235,-1.1401099664135914,48.0,371.2873644139132,-2.8324272670037844,66.0,122.45086657238168,0.6365476099174688,54.0
2500,faulty_evident,4,50,0.3395431212907348,16.496567488185317,6.0,0.42459960883275827,17.45409062271044,2.0,0.7684272306275309,-10.38712843374391,10.0,0.28613678650592356,-4.459310651154702,20.0
2500,faulty_evident,5,50,3.5073509238435054,7.926278635786001,64.0,4.094401265847137,4.274711537397966,64.0,12.119386589880882,6.823671647512692,88.0,2.996642407063251,12.962987357183971,68.0
2500,faulty_evident,6,50,1.954993107085543,10.198314562784608,34.0,1.9692958643761918,10.748260180107824,34.0,2.432615305541254,13.212324108072043,50.0,0.20677196974568968,47.664572895702776,54.0
3000,training_healthy,1,20,59.979708793504265,0.29820873984488966,5.0,107.39083712901731,0.7068074395117762,0.0,323.81956675887955,-0.3796950883677395,5.0,104.73171827188224,0.4209650830389837,0.0
3000,training_healthy,2,20,125.30110839249087,0.5232106193529702,0.0,146.6434400757186,-0.2767836004382411,0.0,386.57821169119853,-0.39599950011070156,50.0,104.03274629238237,0.33916980028355065,0.0
3000,training_healthy,3,20,121.76238783191684,1.367111868881217,0.0,175.06199322364506,0.2422796172891679,0.0,628.2664867506583,1.2637699542248662,70.0,159.11182785816587,0.792146597949596,15.0
3000,training_healthy,4,20,7.1820044569272685,0.9441037044497655,10.0,11.425978089838335,0.3007241386235096,5.0,30.68195677336046,0.36588866718717716,5.0,11.42347562671631,0.2859747166354497,5.0
3000,training_healthy,5,20,7.004851396648164,-0.1253844515613498,0.0,9.001231711264282,-0.2752512298835875,0.0,18.149922914239745,-1.9144835612208033,10.0,8.417907941907401,-0.3955765524104497,5.0
3000,training_healthy,6,20,3.154627095122079,7.613790422835512,5.0,3.5919160807247046,11.878962564161004,5.0,6.339366788457697,21.081585050162992,5.0,2.266104771571741,14.263519898684654,5.0
3000,test_healthy,1,50,59.80137586412994,0.0,0.0,106.63711804539153,0.0,0.0,325.05377999607833,0.0,0.0,104.29268249441604,0.0,0.0
3000,test_healthy,2,50,124.64893194365163,0.0,0.0,147.05045161014584,0.0,0.0,388.1151457281359,0.0,0.0,103.68109134194609,0.0,0.0
3000,test_healthy,3,50,120.12021018159913,0.0,0.0,174.63887881641057,0.0,0.0,620.4257327518608,0.0,0.0,157.8613346661303,0.0,0.0
3000,test_healthy,4,50,7.114833054494371,0.0,0.0,11.391720436680728,0.0,0.0,30.570104226448578,0.0,0.0,11.390900531199986,0.0,0.0
3000,test_healthy,5,50,7.01364541748934,0.0,0.0,9.026076096730762,0.0,0.0,18.50418244529319,0.0,0.0,8.4513394591725,0.0,0.0
3000,test_healthy,6,50,2.9314338643095237,0.0,0.0,3.210537529488434,0.0,0.0,5.235615957481359,0.0,0.0,1.9832268195317755,0.0,0.0
3000,intermediate_unlabelled,1,1473,59.59825409829965,-0.33966068990082515,4.412763068567549,106.62801884206091,-0.008532866882943661,5.159538357094365,323.65912769458026,-0.42905278674651803,3.462321792260693,104.1548252043715,-0.1321830896927187,5.227427019687712
3000,intermediate_unlabelled,2,1473,123.91410817696305,-0.5895146915665189,3.2586558044806515,146.40119913398442,-0.44151681892327244,2.3761031907671417,387.9569905623769,-0.040749547524676896,43.10930074677529,103.79623311885842,0.1110537856248005,3.3944331296673456
3000,intermediate_unlabelled,3,1473,120.49589548893942,0.31275778386694914,5.295315682281059,173.72644694173763,-0.5224677808611727,5.431093007467753,609.1913438812425,-1.8107548216591318,61.642905634758996,154.9387580015395,-1.8513568701112988,3.5302104548540396
3000,intermediate_unlabelled,4,1473,7.096959923090643,-0.25120942778042304,11.608961303462321,11.34252401583355,-0.4318612023585828,9.23285811269518,31.797393597734963,4.014671857822983,7.942973523421588,11.331105328091356,-0.5249383307741916,8.893414799728445
3000,intermediate_unlabelled,5,1473,6.953056256942936,-0.8638754447910617,13.441955193482688,9.020190554156143,-0.06520599329703071,2.9192124915139175,18.698451870221714,1.0498676475054962,2.0366598778004072,8.437107002823858,-0.1684047412531194,7.875084860828243
3000,intermediate_unlabelled,6,1473,3.0025399640044323,2.42564229610062,2.308214528173795,3.2652109775672007,1.7029375167428233,2.3761031907671417,5.4523153627917305,4.138947681995691,1.4935505770536321,2.0441051063253077,3.0696583060481775,0.6788866259334692
3000,faulty_evident,1,50,58.84602183552899,-1.5975452316875391,0.0,107.05015304000628,0.3873276042952827,4.0,326.26469171352886,0.3725265762069089,2.0,104.96167371584107,0.6414555704431611,6.0
3000,faulty_evident,2,50,126.33838271341192,1.3553672249065174,30.0,147.43321565466624,0.2602943685852582,14.000000000000002,375.8486233784489,-3.1605368882664866,100.0,104.59524212686249,0.8816947941852585,2.0
3000,faulty_evident,3,50,124.84337713510843,3.93203354070789,0.0,189.95188988118184,8.768386036690664,54.0,790.3939699474975,27.39542030949504,100.0,175.8573210861391,11.399869675541215,68.0
3000,faulty_evident,4,50,7.780668822136496,9.35841730287014,60.0,12.123749012655411,6.4259703355920665,10.0,31.371665932995793,2.622044401974009,4.0,12.114851068952284,6.355516280467712,10.0
3000,faulty_evident,5,50,7.2827486933182595,3.836853159954149,2.0,9.381107690872673,3.9333990799224847,0.0,21.51967834807018,16.296293617360146,10.0,8.873240562353203,4.992121133210439,0.0
3000,faulty_evident,6,50,2.803084853441416,-4.378369658301652,0.0,2.9872018805576452,-6.956331981155036,0.0,4.972547523805503,-5.024593778692815,0.0,1.8603068792897899,-6.197976904679317,0.0
3100,training_healthy,1,20,66.2599523736833,0.5698076822686184,30.0,107.34398565693802,0.31389167454028716,5.0,319.5197036106795,0.08778632581277215,0.0,105.6159362535438,0.10275817347197795,5.0
3100,training_healthy,2,20,114.91956771160415,0.34854769514432254,0.0,136.94095251659064,-0.12126445283194345,0.0,401.20652219392235,-0.5467467688980072,0.0,100.36335931148864,-0.9449507819392164,0.0
3100,training_healthy,3,20,150.6670338449378,1.5545354204333326,5.0,186.0064225710494,0.8151701727502892,5.0,611.6533055189814,1.2098571464589802,0.0,140.5020641897842,0.23958597475548324,0.0
3100,training_healthy,4,20,7.31763515976839,0.4260223920720438,0.0,11.908046887539973,0.6131076722726415,5.0,30.457832518296705,2.0588270232450196,10.0,11.874036182999632,0.5641852962268581,5.0
3100,training_healthy,5,20,9.007346638794091,1.8649314733876532,5.0,12.809745070309464,-0.13759138405396884,5.0,27.735744024597338,-0.01288926988745474,0.0,11.658280559374525,0.8585860380883411,5.0
3100,training_healthy,6,20,3.275024988446808,10.570771359187617,5.0,3.6454457175932107,13.431098591431631,5.0,6.78633955815592,17.97599964822856,10.0,2.3528410024893534,10.49911008061441,5.0
3100,test_healthy,1,50,65.88453721918128,0.0,0.0,107.00809615203272,0.0,0.0,319.2394550225705,0.0,0.0,105.50751865449882,0.0,0.0
3100,test_healthy,2,50,114.52040946394771,0.0,0.0,137.1072148304479,0.0,0.0,403.41216517234363,0.0,0.0,101.32079091753084,0.0,0.0
3100,test_healthy,3,50,148.3607139958643,0.0,0.0,184.50241392473072,0.0,0.0,604.3416350582027,0.0,0.0,140.16624552416695,0.0,0.0
3100,test_healthy,4,50,7.286592643488056,0.0,0.0,11.835482635451523,0.0,0.0,29.843408362276787,0.0,0.0,11.807420452940459,0.0,0.0
3100,test_healthy,5,50,8.84244117039167,0.0,0.0,12.827394459884882,0.0,0.0,27.73931942034237,0.0,0.0,11.559036287671017,0.0,0.0
3100,test_healthy,6,50,2.961926509319479,0.0,0.0,3.2137974178701825,0.0,0.0,5.752305196303389,0.0,0.0,2.1292850239000503,0.0,0.0
3100,intermediate_unlabelled,1,1510,66.1375182458799,0.383976327946292,10.728476821192052,106.99656374182393,-0.010777138014306915,5.1655629139072845,319.2700081646951,0.009570603396272342,2.384105960264901,105.28977723438459,-0.2063752639537149,4.56953642384106
3100,intermediate_unlabelled,2,1510,113.86987643356426,-0.5680498641495443,2.5827814569536423,136.6508609617731,-0.3328445328272046,2.7152317880794703,401.66555863180395,-0.43295832186753996,4.503311258278146,100.86711961980983,-0.447757359188281,3.245033112582781
3100,intermediate_unlabelled,3,1510,147.36046189827792,-0.6742028065558285,3.443708609271523,183.21769599667385,-0.696314969939079,0.1986754966887417,594.0500376942869,-1.7029436277255066,2.847682119205298,139.29561014232445,-0.6211448259790854,1.5894039735099337
3100,intermediate_unlabelled,4,1510,7.493907818608436,2.845159394297348,8.67549668874172,11.896297018194716,0.5138310334808948,4.172185430463577,30.773604917362242,3.1169246615318227,5.231788079470199,11.876265126402515,0.5830627759589228,3.8410596026490067
3100,intermediate_unlabelled,5,1510,8.668534456417248,-1.9667274073220484,5.496688741721854,12.554158220838637,-2.1300992956966955,4.370860927152318,27.547712372718372,-0.6907417039348247,3.1788079470198674,11.333847685241519,-1.94816070150836,4.8344370860927155
3100,intermediate_unlabelled,6,1510,3.1209858970659763,5.370132825579189,1.6556291390728477,3.347078472569578,4.147151713990803,1.1920529801324504,6.001259152734278,4.3278989541597,1.456953642384106,2.1832688473017035,2.5353028268040467,1.6556291390728477
3100,faulty_evident,1,50,65.84929957864532,-0.05348393116694592,0.0,107.83630305330354,0.773966579214843,8.0,317.8819530214154,-0.4252300208503653,0.0,106.41179978635907,0.8570774323879772,8.0
3100,faulty_evident,2,50,118.50329124021896,3.47787944080404,0.0,140.1981121012406,2.2543651511082277,0.0,390.51596266385786,-3.196780767128409,2.0,102.55366757541975,1.2168052052538731,14.000000000000002
3100,faulty_evident,3,50,149.79636733065482,0.9676775583801355,12.0,197.9977498685407,7.314449527644398,66.0,735.5811869383392,21.71611953684065,76.0,158.59031132755575,13.144438402048936,76.0
3100,faulty_evident,4,50,7.657193279820657,5.086062230524194,2.0,12.328329815394646,4.164149406690594,18.0,31.690714083635243,6.189995790472516,6.0,12.312646125647438,4.278882713803593,16.0
3100,faulty_evident,5,50,9.110972196704424,3.0368426675193776,10.0,13.016719637167668,1.4759441434101268,14.000000000000002,30.242752630345343,9.024854474861792,60.0,11.743208703769476,1.5933198193598472,36.0
3100,faulty_evident,6,50,2.9754116024815502,0.4552811529807139,0.0,3.155167780257986,-1.82431030923695,0.0,5.705693475276927,-0.8103137687551105,0.0,2.109727256973899,-0.9185133369476679,0.0
