operation_code,operation_label,operation_family,commanded_speed_group,diagnostic_group,probe_rank,probe_tier,probe_tier_order,probe_utility_pct,primary_probe_flag,observability_flag,health_detection_rate_pct,faulty_anomaly_rate_pct,intermediate_anomaly_rate_pct,health_warning_detected,if_warning_detected,persistent_warning_flag,evidence_convergence,convergent_evidence_flag,fault_start_cycle,first_persistent_signal_cycle,early_awareness_lead_cycles,early_awareness_band,confirmation_delay_cycles,actionable_maintenance_cycle,maintenance_opportunity_cycles,maintenance_opportunity_pct,maintenance_opportunity_band,monitoring_lead_cycles,decision_lead_cycles,highest_alert,highest_priority,maintenance_priority_order,business_priority,highest_maintenance_action,decision_confidence,actionable_flag,maintenance_readiness,predictive_maintenance_class,predictive_maintenance_class_order,recommended_maintenance_use,observability_interpretation,business_decision_statement,kpi_operation_count,kpi_primary_probe,kpi_strong_actionable,kpi_inspection_actionable,kpi_monitoring_only,kpi_low_observability,kpi_convergent,kpi_actionable,display_maintenance_opportunity_cycles,display_early_awareness_lead_cycles,display_monitoring_lead_cycles
1053,Operation 1053,Family 1 — Repeated Pick-and-Place,50%,robust,1,PRIMARY,1,100.0,Primary Probe,Usable Observability,100.0,100.0,86.0320744956027,True,True,Persistent Warning,CONVERGENT,Convergent Evidence,2004,720.0,1284.0,1000–1499 Cycles,230.0,950.0,1054.0,52.59481037924152,1000+ Cycles,,1054.0,CRITICAL,3,3,MAINTENANCE_PRIORITY,PRIORITIZE_MAINTENANCE,VERY_HIGH,Actionable,READY_FOR_MAINTENANCE_PLANNING,STRONG_ACTIONABLE,1,Preferred recurring diagnostic health-probe trajectory,High-value diagnostic trajectory for recurring condition assessment.,Operation 1053 provides convergent degradation evidence with approximately 1054 cycles of confirmed analytical maintenance opportunity before the evident-fault region.,1,1,1,0,0,0,1,1,1054.0,1284.0,0.0
1050,Operation 1050,Family 1 — Repeated Pick-and-Place,50%,robust,2,PRIMARY,1,99.02751423149904,Primary Probe,Usable Observability,100.0,100.0,87.88659793814433,True,True,Persistent Warning,CONVERGENT,Convergent Evidence,2013,420.0,1593.0,1500+ Cycles,580.0,1000.0,1013.0,50.32290114257327,1000+ Cycles,,1013.0,CRITICAL,3,3,MAINTENANCE_PRIORITY,PRIORITIZE_MAINTENANCE,VERY_HIGH,Actionable,READY_FOR_MAINTENANCE_PLANNING,STRONG_ACTIONABLE,1,Preferred recurring diagnostic health-probe trajectory,High-value diagnostic trajectory for recurring condition assessment.,Operation 1050 provides convergent degradation evidence with approximately 1013 cycles of confirmed analytical maintenance opportunity before the evident-fault region.,1,1,1,0,0,0,1,1,1013.0,1593.0,0.0
1051,Operation 1051,Family 1 — Repeated Pick-and-Place,50%,robust,3,PRIMARY,1,98.98007590132826,Primary Probe,Usable Observability,100.0,100.0,95.25773195876288,True,True,Persistent Warning,CONVERGENT,Convergent Evidence,2011,170.0,1841.0,1500+ Cycles,830.0,1000.0,1011.0,50.27349577324715,1000+ Cycles,,1011.0,CRITICAL,3,3,MAINTENANCE_PRIORITY,PRIORITIZE_MAINTENANCE,VERY_HIGH,Actionable,READY_FOR_MAINTENANCE_PLANNING,STRONG_ACTIONABLE,1,Preferred recurring diagnostic health-probe trajectory,High-value diagnostic trajectory for recurring condition assessment.,Operation 1051 provides convergent degradation evidence with approximately 1011 cycles of confirmed analytical maintenance opportunity before the evident-fault region.,1,1,1,0,0,0,1,1,1011.0,1841.0,0.0
1052,Operation 1052,Family 1 — Repeated Pick-and-Place,50%,robust,4,PRIMARY,1,98.81404174573056,Primary Probe,Usable Observability,100.0,100.0,82.82462493533367,True,True,Persistent Warning,CONVERGENT,Convergent Evidence,2004,670.0,1334.0,1000–1499 Cycles,330.0,1000.0,1004.0,50.0998003992016,1000+ Cycles,,1004.0,CRITICAL,3,3,MAINTENANCE_PRIORITY,PRIORITIZE_MAINTENANCE,VERY_HIGH,Actionable,READY_FOR_MAINTENANCE_PLANNING,STRONG_ACTIONABLE,1,Preferred recurring diagnostic health-probe trajectory,High-value diagnostic trajectory for recurring condition assessment.,Operation 1052 provides convergent degradation evidence with approximately 1004 cycles of confirmed analytical maintenance opportunity before the evident-fault region.,1,1,1,0,0,0,1,1,1004.0,1334.0,0.0
1101,Operation 1101,Family 1 — Repeated Pick-and-Place,100%,robust,5,PRIMARY,1,88.55418511490618,Primary Probe,Usable Observability,94.44444444444444,100.0,49.61283185840708,True,True,Persistent Warning,CONVERGENT,Convergent Evidence,1880,1020.0,860.0,500–999 Cycles,230.0,1250.0,630.0,33.51063829787234,500–999 Cycles,,630.0,CRITICAL,3,3,MAINTENANCE_PRIORITY,PRIORITIZE_MAINTENANCE,VERY_HIGH,Actionable,READY_FOR_MAINTENANCE_PLANNING,STRONG_ACTIONABLE,1,Preferred recurring diagnostic health-probe trajectory,High-value diagnostic trajectory for recurring condition assessment.,Operation 1101 provides convergent degradation evidence with approximately 630 cycles of confirmed analytical maintenance opportunity before the evident-fault region.,1,1,1,0,0,0,1,1,630.0,860.0,0.0
1102,Operation 1102,Family 1 — Repeated Pick-and-Place,100%,moderate,6,SECONDARY,2,56.57240494764214,Other Probe,Usable Observability,59.25925925925926,100.0,48.11946902654867,False,True,Persistent Warning,ANOMALY_ONLY,No Full Convergence,1879,1520.0,359.0,Below 500 Cycles,,,,,No Confirmed Opportunity,359.0,359.0,WATCH,1,1,ENHANCED_MONITORING,INCREASE_MONITORING,MODERATE,Not Actionable,ENHANCED_MONITORING,MONITORING_ONLY,3,Useful secondary condition-monitoring trajectory,Useful supplementary trajectory for condition monitoring.,Operation 1102 shows persistent abnormality with approximately 359 cycles of monitoring lead; repeat a PRIMARY diagnostic probe before maintenance escalation.,1,0,0,0,1,0,0,0,0.0,359.0,359.0
1103,Operation 1103,Family 1 — Repeated Pick-and-Place,100%,moderate,7,SECONDARY,2,56.10944198467918,Other Probe,Usable Observability,57.407407407407405,100.0,42.31194690265487,False,True,Persistent Warning,ANOMALY_ONLY,No Full Convergence,1879,1520.0,359.0,Below 500 Cycles,,,,,No Confirmed Opportunity,359.0,359.0,WATCH,1,1,ENHANCED_MONITORING,INCREASE_MONITORING,MODERATE,Not Actionable,ENHANCED_MONITORING,MONITORING_ONLY,3,Useful secondary condition-monitoring trajectory,Useful supplementary trajectory for condition monitoring.,Operation 1103 shows persistent abnormality with approximately 359 cycles of monitoring lead; repeat a PRIMARY diagnostic probe before maintenance escalation.,1,0,0,0,1,0,0,0,0.0,359.0,359.0
1100,Operation 1100,Family 1 — Repeated Pick-and-Place,100%,moderate,8,SECONDARY,2,55.6701981868016,Other Probe,Usable Observability,55.55555555555556,100.0,46.9060773480663,False,True,Persistent Warning,ANOMALY_ONLY,No Full Convergence,1881,1520.0,361.0,Below 500 Cycles,,,,,No Confirmed Opportunity,361.0,361.0,WATCH,1,1,ENHANCED_MONITORING,INCREASE_MONITORING,MODERATE,Not Actionable,ENHANCED_MONITORING,MONITORING_ONLY,3,Useful secondary condition-monitoring trajectory,Useful supplementary trajectory for condition monitoring.,Operation 1100 shows persistent abnormality with approximately 361 cycles of monitoring lead; repeat a PRIMARY diagnostic probe before maintenance escalation.,1,0,0,0,1,0,0,0,0.0,361.0,361.0
2500,Operation 2500,Family 2 — Factorized Pick-and-Place,Not Applicable,robust,9,SUPPORTING,3,43.79743833017078,Other Probe,Usable Observability,100.0,86.0,17.802779616148246,True,False,Persistent Warning,HEALTH_ONLY,No Full Convergence,1581,1050.0,531.0,500–999 Cycles,0.0,1050.0,531.0,33.586337760910816,500–999 Cycles,,531.0,WARNING,2,2,TARGETED_INSPECTION,TARGETED_INSPECTION,MODERATE,Actionable,READY_FOR_TARGETED_INSPECTION,INSPECTION_ACTIONABLE,2,Use as supporting evidence; do not rely on alone,Provides supporting evidence but should not be relied upon as the sole diagnostic trajectory.,"Operation 2500 supports targeted inspection with approximately 531 cycles of analytical lead, but independent anomaly confirmation is limited.",1,0,0,1,0,0,0,1,531.0,531.0,0.0
2000,Operation 2000,Family 2 — Factorized Pick-and-Place,Not Applicable,moderate,10,SUPPORTING,3,8.333333333333334,Other Probe,Usable Observability,33.333333333333336,34.0,16.576819407008088,False,False,No Persistent Warning,NO_PERSISTENT_WARNING,No Full Convergence,1555,,,No Persistent Early Warning,,,,,No Confirmed Opportunity,,,NORMAL,0,0,ROUTINE,CONTINUE_OPERATION,LIMITED,Not Actionable,ROUTINE_MONITORING,NO_ACTIONABLE_WARNING,4,Use as supporting evidence; do not rely on alone,Provides supporting evidence but should not be relied upon as the sole diagnostic trajectory.,Operation 2000 has not produced persistent actionable evidence under the current maintenance policy.,1,0,0,0,0,0,0,0,0.0,0.0,0.0
2100,Operation 2100,Family 2 — Factorized Pick-and-Place,Not Applicable,weak,11,LOW_OBSERVABILITY,4,0.0,Other Probe,Low Observability,0.0,2.0,7.713125845737482,False,False,No Persistent Warning,NO_PERSISTENT_WARNING,No Full Convergence,1549,,,No Persistent Early Warning,,,,,No Confirmed Opportunity,,,NORMAL,0,0,ROUTINE,CONTINUE_OPERATION,LIMITED,Not Actionable,REQUIRE_DIAGNOSTIC_PROBE,INSUFFICIENT_OBSERVABILITY,5,Poor standalone observability for this degradation mechanism,Poor standalone early-warning observability; use a stronger diagnostic probe before drawing maintenance conclusions.,Operation 2100 has insufficient standalone early-warning observability; absence of an alert should not be interpreted as strong evidence of healthy condition.,1,0,0,0,0,1,0,0,0.0,0.0,0.0
2200,Operation 2200,Family 2 — Factorized Pick-and-Place,Not Applicable,weak,12,LOW_OBSERVABILITY,4,0.0,Other Probe,Low Observability,0.0,68.0,21.04909213180901,False,False,No Persistent Warning,NO_PERSISTENT_WARNING,No Full Convergence,1558,,,No Persistent Early Warning,,,,,No Confirmed Opportunity,,,NORMAL,0,0,ROUTINE,CONTINUE_OPERATION,LIMITED,Not Actionable,REQUIRE_DIAGNOSTIC_PROBE,INSUFFICIENT_OBSERVABILITY,5,Poor standalone observability for this degradation mechanism,Poor standalone early-warning observability; use a stronger diagnostic probe before drawing maintenance conclusions.,Operation 2200 has insufficient standalone early-warning observability; absence of an alert should not be interpreted as strong evidence of healthy condition.,1,0,0,0,0,1,0,0,0.0,0.0,0.0
2300,Operation 2300,Family 2 — Factorized Pick-and-Place,Not Applicable,weak,13,LOW_OBSERVABILITY,4,0.0,Other Probe,Low Observability,0.0,66.0,23.33108563722185,False,False,No Persistent Warning,NO_PERSISTENT_WARNING,No Full Convergence,1553,,,No Persistent Early Warning,,,,,No Confirmed Opportunity,,,NORMAL,0,0,ROUTINE,CONTINUE_OPERATION,LIMITED,Not Actionable,REQUIRE_DIAGNOSTIC_PROBE,INSUFFICIENT_OBSERVABILITY,5,Poor standalone observability for this degradation mechanism,Poor standalone early-warning observability; use a stronger diagnostic probe before drawing maintenance conclusions.,Operation 2300 has insufficient standalone early-warning observability; absence of an alert should not be interpreted as strong evidence of healthy condition.,1,0,0,0,0,1,0,0,0.0,0.0,0.0
2400,Operation 2400,Family 2 — Factorized Pick-and-Place,Not Applicable,weak,14,LOW_OBSERVABILITY,4,0.0,Other Probe,Low Observability,0.0,2.0,6.689189189189189,False,False,No Persistent Warning,NO_PERSISTENT_WARNING,No Full Convergence,1552,,,No Persistent Early Warning,,,,,No Confirmed Opportunity,,,NORMAL,0,0,ROUTINE,CONTINUE_OPERATION,LIMITED,Not Actionable,REQUIRE_DIAGNOSTIC_PROBE,INSUFFICIENT_OBSERVABILITY,5,Poor standalone observability for this degradation mechanism,Poor standalone early-warning observability; use a stronger diagnostic probe before drawing maintenance conclusions.,Operation 2400 has insufficient standalone early-warning observability; absence of an alert should not be interpreted as strong evidence of healthy condition.,1,0,0,0,0,1,0,0,0.0,0.0,0.0
3000,Operation 3000,Family 3 — Blended Continuous Trajectory,Not Applicable,weak,15,LOW_OBSERVABILITY,4,0.0,Other Probe,Low Observability,0.0,34.0,10.930074677528854,False,False,No Persistent Warning,NO_PERSISTENT_WARNING,No Full Convergence,1545,,,No Persistent Early Warning,,,,,No Confirmed Opportunity,,,NORMAL,0,0,ROUTINE,CONTINUE_OPERATION,LIMITED,Not Actionable,REQUIRE_DIAGNOSTIC_PROBE,INSUFFICIENT_OBSERVABILITY,5,Poor standalone observability for this degradation mechanism,Poor standalone early-warning observability; use a stronger diagnostic probe before drawing maintenance conclusions.,Operation 3000 has insufficient standalone early-warning observability; absence of an alert should not be interpreted as strong evidence of healthy condition.,1,0,0,0,0,1,0,0,0.0,0.0,0.0
3100,Operation 3100,Family 3 — Blended Continuous Trajectory,Not Applicable,weak,16,LOW_OBSERVABILITY,4,0.0,Other Probe,Low Observability,0.0,2.0,5.894039735099338,False,False,No Persistent Warning,NO_PERSISTENT_WARNING,No Full Convergence,1580,,,No Persistent Early Warning,,,,,No Confirmed Opportunity,,,NORMAL,0,0,ROUTINE,CONTINUE_OPERATION,LIMITED,Not Actionable,REQUIRE_DIAGNOSTIC_PROBE,INSUFFICIENT_OBSERVABILITY,5,Poor standalone observability for this degradation mechanism,Poor standalone early-warning observability; use a stronger diagnostic probe before drawing maintenance conclusions.,Operation 3100 has insufficient standalone early-warning observability; absence of an alert should not be interpreted as strong evidence of healthy condition.,1,0,0,0,0,1,0,0,0.0,0.0,0.0
